场景路径,章节名称,轨道名称,轨道类型,Clip,Clip数量
base\quest\testgym\meethanako.scenesolution,q115_00b_street_guard_movement,dialog lines,1,toolsDialogLineEventDescriptor,1
base\quest\testgym\meethanako.scenesolution,q115_00b_street_guard_movement,guard_street_01,2,,0
base\quest\testgym\meethanako.scenesolution,q115_00b_street_guard_movement,idle,3,,0
base\quest\testgym\meethanako.scenesolution,q115_00b_street_guard_movement,animation,4,,0
base\quest\testgym\meethanako.scenesolution,q115_00b_street_guard_movement,facial,5,,0
base\quest\testgym\meethanako.scenesolution,q115_00b_street_guard_movement,lookAt,6,toolsLookAtDescriptor,1
base\quest\testgym\meethanako.scenesolution,q115_00b_street_guard_movement,logic,8,scnbeventsSocketDescriptor,2
base\quest\testgym\meethanako.scenesolution,q115_00b_street_guard_movement,logic,8,scnbeventsSocketDescriptor,2
base\quest\testgym\meethanako.scenesolution,q115_00b_street_guard_movement,guard_street_02,2,,0
base\quest\testgym\meethanako.scenesolution,q115_00b_street_guard_movement,idle,3,scnbeventsChangeWorkEvent,1
base\quest\testgym\meethanako.scenesolution,q115_00b_street_guard_movement,animation,4,,0
base\quest\testgym\meethanako.scenesolution,q115_00b_street_guard_movement,facial,5,,0
base\quest\testgym\meethanako.scenesolution,q115_00b_street_guard_movement,lookAt,6,toolsLookAtDescriptor,1
base\quest\testgym\meethanako.scenesolution,q115_00b_street_guard_movement,logic,8,,0
base\quest\testgym\meethanako.scenesolution,q115_00b_guard_02_nod,dialog lines,1,toolsDialogLineEventDescriptor,1
base\quest\testgym\meethanako.scenesolution,q115_00b_guard_02_nod,guard_street_02,2,,0
base\quest\testgym\meethanako.scenesolution,q115_00b_guard_02_nod,idle,3,,0
base\quest\testgym\meethanako.scenesolution,q115_00b_guard_02_nod,animation,4,toolsPlaySkAnimDescriptor,1
base\quest\testgym\meethanako.scenesolution,q115_00b_guard_02_nod,facial,5,,0
base\quest\testgym\meethanako.scenesolution,q115_00b_guard_02_nod,lookAt,6,,0
base\quest\testgym\meethanako.scenesolution,q115_00b_guard_02_nod,logic,8,,0
base\quest\testgym\meethanako.scenesolution,q115_00b_street_guard_to_hanako,dialog lines,1,toolsDialogLineEventDescriptor,2
base\quest\testgym\meethanako.scenesolution,q115_00b_street_guard_to_hanako,dialog lines,1,toolsDialogLineEventDescriptor,2
base\quest\testgym\meethanako.scenesolution,q115_00b_street_guard_to_hanako,guard_street_01,2,,0
base\quest\testgym\meethanako.scenesolution,q115_00b_street_guard_to_hanako,idle,3,,0
base\quest\testgym\meethanako.scenesolution,q115_00b_street_guard_to_hanako,animation,4,toolsPlaySkAnimDescriptor,1
base\quest\testgym\meethanako.scenesolution,q115_00b_street_guard_to_hanako,facial,5,toolsLookAtDescriptor,1
base\quest\testgym\meethanako.scenesolution,q115_00b_street_guard_to_hanako,lookAt,6,scnbeventsVFXEventDescriptor,3
base\quest\testgym\meethanako.scenesolution,q115_00b_street_guard_to_hanako,lookAt,6,scnbeventsVFXEventDescriptor,3
base\quest\testgym\meethanako.scenesolution,q115_00b_street_guard_to_hanako,lookAt,6,toolsChangeIdleAnimDescriptor,3
base\quest\testgym\meethanako.scenesolution,q115_00b_street_guard_to_hanako,logic,8,,0
base\quest\testgym\meethanako.scenesolution,q115_00b_street_guard_to_hanako,guard_street_02,2,,0
base\quest\testgym\meethanako.scenesolution,q115_00b_street_guard_to_hanako,idle,3,,0
base\quest\testgym\meethanako.scenesolution,q115_00b_street_guard_to_hanako,animation,4,,0
base\quest\testgym\meethanako.scenesolution,q115_00b_street_guard_to_hanako,facial,5,toolsChangeIdleAnimDescriptor,1
base\quest\testgym\meethanako.scenesolution,q115_00b_street_guard_to_hanako,lookAt,6,,0
base\quest\testgym\meethanako.scenesolution,q115_00b_street_guard_to_hanako,logic,8,scnbeventsSocketDescriptor,2
base\quest\testgym\meethanako.scenesolution,q115_00b_street_guard_to_hanako,logic,8,scnbeventsSocketDescriptor,2
base\quest\testgym\meethanako.scenesolution,q115_00b_08,dialog lines,1,toolsDialogLineEventDescriptor,1
base\quest\testgym\meethanako.scenesolution,q115_00b_08,guard_02,2,,0
base\quest\testgym\meethanako.scenesolution,q115_00b_08,idle,3,,0
base\quest\testgym\meethanako.scenesolution,q115_00b_08,animation,4,,0
base\quest\testgym\meethanako.scenesolution,q115_00b_08,facial,5,,0
base\quest\testgym\meethanako.scenesolution,q115_00b_08,lookAt,6,,0
base\quest\testgym\meethanako.scenesolution,q115_00b_08,logic,8,,0
base\quest\testgym\meethanako.scenesolution,q115_00b_08,guard_street_02,2,,0
base\quest\testgym\meethanako.scenesolution,q115_00b_08,idle,3,,0
base\quest\testgym\meethanako.scenesolution,q115_00b_08,animation,4,toolsPlaySkAnimDescriptor,1
base\quest\testgym\meethanako.scenesolution,q115_00b_08,facial,5,,0
base\quest\testgym\meethanako.scenesolution,q115_00b_08,lookAt,6,toolsLookAtAdvancedDescriptor,2
base\quest\testgym\meethanako.scenesolution,q115_00b_08,lookAt,6,toolsLookAtAdvancedDescriptor,2
base\quest\testgym\meethanako.scenesolution,q115_00b_08,logic,8,scnbeventsSocketDescriptor,1
base\quest\testgym\meethanako.scenesolution,q115_00b_08,guard_street_01,2,,0
base\quest\testgym\meethanako.scenesolution,q115_00b_08,idle,3,,0
base\quest\testgym\meethanako.scenesolution,q115_00b_08,animation,4,,0
base\quest\testgym\meethanako.scenesolution,q115_00b_08,facial,5,,0
base\quest\testgym\meethanako.scenesolution,q115_00b_08,lookAt,6,,0
base\quest\testgym\meethanako.scenesolution,q115_00b_08,logic,8,,0
base\quest\testgym\meethanako.scenesolution,q115_00b_street_guards_lookats,dialog lines,1,,0
base\quest\testgym\meethanako.scenesolution,q115_00b_street_guards_lookats,guard_street_02,2,,0
base\quest\testgym\meethanako.scenesolution,q115_00b_street_guards_lookats,idle,3,,0
base\quest\testgym\meethanako.scenesolution,q115_00b_street_guards_lookats,animation,4,,0
base\quest\testgym\meethanako.scenesolution,q115_00b_street_guards_lookats,facial,5,toolsChangeIdleAnimDescriptor,1
base\quest\testgym\meethanako.scenesolution,q115_00b_street_guards_lookats,lookAt,6,toolsLookAtDescriptor,1
base\quest\testgym\meethanako.scenesolution,q115_00b_street_guards_lookats,logic,8,,0
base\quest\testgym\meethanako.scenesolution,q115_00b_street_guards_lookats,guard_street_01,2,,0
base\quest\testgym\meethanako.scenesolution,q115_00b_street_guards_lookats,idle,3,,0
base\quest\testgym\meethanako.scenesolution,q115_00b_street_guards_lookats,animation,4,,0
base\quest\testgym\meethanako.scenesolution,q115_00b_street_guards_lookats,facial,5,toolsChangeIdleAnimDescriptor,1
base\quest\testgym\meethanako.scenesolution,q115_00b_street_guards_lookats,lookAt,6,toolsLookAtDescriptor,1
base\quest\testgym\meethanako.scenesolution,q115_00b_street_guards_lookats,logic,8,,0
base\quest\testgym\meethanako.scenesolution,q115_00b_guard_02_moving_back,dialog lines,1,,0
base\quest\testgym\meethanako.scenesolution,q115_00b_guard_02_moving_back,guard_street_02,2,,0
base\quest\testgym\meethanako.scenesolution,q115_00b_guard_02_moving_back,idle,3,scnbeventsChangeWorkEvent,1
base\quest\testgym\meethanako.scenesolution,q115_00b_guard_02_moving_back,animation,4,,0
base\quest\testgym\meethanako.scenesolution,q115_00b_guard_02_moving_back,facial,5,,0
base\quest\testgym\meethanako.scenesolution,q115_00b_guard_02_moving_back,lookAt,6,,0
base\quest\testgym\meethanako.scenesolution,q115_00b_guard_02_moving_back,logic,8,,0
base\quest\testgym\meethanako.scenesolution,q115_00b_guard_02_moving_back,guard_street_01,2,,0
base\quest\testgym\meethanako.scenesolution,q115_00b_guard_02_moving_back,idle,3,scnbeventsChangeWorkEvent,1
base\quest\testgym\meethanako.scenesolution,q115_00b_guard_02_moving_back,animation,4,,0
base\quest\testgym\meethanako.scenesolution,q115_00b_guard_02_moving_back,facial,5,,0
base\quest\testgym\meethanako.scenesolution,q115_00b_guard_02_moving_back,lookAt,6,,0
base\quest\testgym\meethanako.scenesolution,q115_00b_guard_02_moving_back,logic,8,,0
base\quest\testgym\meethanako.scenesolution,q115_00b_35_reset_placement_of_street_bodyguards,dialog lines,1,,0
base\quest\testgym\meethanako.scenesolution,q115_00b_35_reset_placement_of_street_bodyguards,guard_street_02,2,,0
base\quest\testgym\meethanako.scenesolution,q115_00b_35_reset_placement_of_street_bodyguards,idle,3,scnbeventsChangeWorkEvent,1
base\quest\testgym\meethanako.scenesolution,q115_00b_35_reset_placement_of_street_bodyguards,animation,4,,0
base\quest\testgym\meethanako.scenesolution,q115_00b_35_reset_placement_of_street_bodyguards,facial,5,,0
base\quest\testgym\meethanako.scenesolution,q115_00b_35_reset_placement_of_street_bodyguards,lookAt,6,,0
base\quest\testgym\meethanako.scenesolution,q115_00b_35_reset_placement_of_street_bodyguards,logic,8,,0
base\quest\testgym\meethanako.scenesolution,q115_00b_35_reset_placement_of_street_bodyguards,guard_street_01,2,,0
base\quest\testgym\meethanako.scenesolution,q115_00b_35_reset_placement_of_street_bodyguards,idle,3,scnbeventsChangeWorkEvent,1
base\quest\testgym\meethanako.scenesolution,q115_00b_35_reset_placement_of_street_bodyguards,animation,4,,0
base\quest\testgym\meethanako.scenesolution,q115_00b_35_reset_placement_of_street_bodyguards,facial,5,,0
base\quest\testgym\meethanako.scenesolution,q115_00b_35_reset_placement_of_street_bodyguards,lookAt,6,,0
base\quest\testgym\meethanako.scenesolution,q115_00b_35_reset_placement_of_street_bodyguards,logic,8,,0
base\quest\testgym\meethanako.scenesolution,q115_00b_11,dialog lines,1,,0
base\quest\testgym\meethanako.scenesolution,q115_00b_11,guard_street_01,2,,0
base\quest\testgym\meethanako.scenesolution,q115_00b_11,idle,3,scnbeventsChangeWorkEvent,1
base\quest\testgym\meethanako.scenesolution,q115_00b_11,animation,4,toolsPlaySkAnimDescriptor,1
base\quest\testgym\meethanako.scenesolution,q115_00b_11,facial,5,,0
base\quest\testgym\meethanako.scenesolution,q115_00b_11,lookAt,6,toolsLookAtDescriptor,2
base\quest\testgym\meethanako.scenesolution,q115_00b_11,lookAt,6,toolsLookAtDescriptor,2
base\quest\testgym\meethanako.scenesolution,q115_00b_11,logic,8,,0
base\quest\testgym\meethanako.scenesolution,q115_00b_guards_scenespots,dialog lines,1,,0
base\quest\testgym\meethanako.scenesolution,q115_00b_guards_scenespots,guard_street_01,2,,0
base\quest\testgym\meethanako.scenesolution,q115_00b_guards_scenespots,idle,3,scnbeventsChangeWorkEvent,1
base\quest\testgym\meethanako.scenesolution,q115_00b_guards_scenespots,animation,4,,0
base\quest\testgym\meethanako.scenesolution,q115_00b_guards_scenespots,facial,5,,0
base\quest\testgym\meethanako.scenesolution,q115_00b_guards_scenespots,lookAt,6,,0
base\quest\testgym\meethanako.scenesolution,q115_00b_guards_scenespots,logic,8,,0
base\quest\testgym\meethanako.scenesolution,q115_00b_41,dialog lines,1,,0
base\quest\testgym\meethanako.scenesolution,q115_00b_41,guard_02,2,,0
base\quest\testgym\meethanako.scenesolution,q115_00b_41,idle,3,scnbeventsStopWorkEvent,1
base\quest\testgym\meethanako.scenesolution,q115_00b_41,animation,4,,0
base\quest\testgym\meethanako.scenesolution,q115_00b_41,facial,5,,0
base\quest\testgym\meethanako.scenesolution,q115_00b_41,lookAt,6,,0
base\quest\testgym\meethanako.scenesolution,q115_00b_41,logic,8,,0
base\quest\testgym\meethanako.scenesolution,q115_00b_23,dialog lines,1,,0
base\quest\testgym\meethanako.scenesolution,q115_00b_23,guard_02,2,,0
base\quest\testgym\meethanako.scenesolution,q115_00b_23,idle,3,scnbeventsChangeWorkEvent,1
base\quest\testgym\meethanako.scenesolution,q115_00b_23,animation,4,,0
base\quest\testgym\meethanako.scenesolution,q115_00b_23,facial,5,,0
base\quest\testgym\meethanako.scenesolution,q115_00b_23,lookAt,6,,0
base\quest\testgym\meethanako.scenesolution,q115_00b_23,logic,8,,0
base\quest\testgym\meethanako.scenesolution,q115_00b_hanako_pose,dialog lines,1,,0
base\quest\testgym\meethanako.scenesolution,q115_00b_hanako_pose,hanako,2,,0
base\quest\testgym\meethanako.scenesolution,q115_00b_hanako_pose,idle,3,,0
base\quest\testgym\meethanako.scenesolution,q115_00b_hanako_pose,animation,4,scnbeventsChangeWorkEvent,1
base\quest\testgym\meethanako.scenesolution,q115_00b_hanako_pose,facial,5,,0
base\quest\testgym\meethanako.scenesolution,q115_00b_hanako_pose,lookAt,6,,0
base\quest\testgym\meethanako.scenesolution,q115_00b_hanako_pose,logic,8,scnbeventsSocketDescriptor,2
base\quest\testgym\meethanako.scenesolution,q115_00b_hanako_pose,logic,8,scnbeventsSocketDescriptor,2
base\quest\testgym\meethanako.scenesolution,q115_00b_hanako_greet,dialog lines,1,toolsDialogLineEventDescriptor,1
base\quest\testgym\meethanako.scenesolution,q115_00b_hanako_greet,hanako,2,,0
base\quest\testgym\meethanako.scenesolution,q115_00b_hanako_greet,idle,3,,0
base\quest\testgym\meethanako.scenesolution,q115_00b_hanako_greet,animation,4,,0
base\quest\testgym\meethanako.scenesolution,q115_00b_hanako_greet,facial,5,toolsPlaySkAnimDescriptor,1
base\quest\testgym\meethanako.scenesolution,q115_00b_hanako_greet,lookAt,6,,0
base\quest\testgym\meethanako.scenesolution,q115_00b_hanako_greet,logic,8,scnbeventsSocketDescriptor,1
base\quest\testgym\meethanako.scenesolution,q115_00b_25,dialog lines,1,toolsDialogLineEventDescriptor,1
base\quest\testgym\meethanako.scenesolution,q115_00b_25,hanako,2,,0
base\quest\testgym\meethanako.scenesolution,q115_00b_25,idle,3,,0
base\quest\testgym\meethanako.scenesolution,q115_00b_25,animation,4,,0
base\quest\testgym\meethanako.scenesolution,q115_00b_25,facial,5,toolsChangeIdleAnimDescriptor,1
base\quest\testgym\meethanako.scenesolution,q115_00b_25,lookAt,6,toolsLookAtDescriptor,1
base\quest\testgym\meethanako.scenesolution,q115_00b_25,logic,8,,0
base\quest\testgym\meethanako.scenesolution,q115_00b_guard_01_lookat,dialog lines,1,,0
base\quest\testgym\meethanako.scenesolution,q115_00b_guard_01_lookat,hanako,2,,0
base\quest\testgym\meethanako.scenesolution,q115_00b_guard_01_lookat,idle,3,,0
base\quest\testgym\meethanako.scenesolution,q115_00b_guard_01_lookat,animation,4,,0
base\quest\testgym\meethanako.scenesolution,q115_00b_guard_01_lookat,facial,5,,0
base\quest\testgym\meethanako.scenesolution,q115_00b_guard_01_lookat,lookAt,6,,0
base\quest\testgym\meethanako.scenesolution,q115_00b_guard_01_lookat,logic,8,,0
base\quest\testgym\meethanako.scenesolution,q115_00b_guard_01_lookat,guard_01,2,,0
base\quest\testgym\meethanako.scenesolution,q115_00b_guard_01_lookat,idle,3,scnbeventsChangeWorkEvent,1
base\quest\testgym\meethanako.scenesolution,q115_00b_guard_01_lookat,animation,4,,0
base\quest\testgym\meethanako.scenesolution,q115_00b_guard_01_lookat,facial,5,,0
base\quest\testgym\meethanako.scenesolution,q115_00b_guard_01_lookat,lookAt,6,toolsLookAtDescriptor,1
base\quest\testgym\meethanako.scenesolution,q115_00b_guard_01_lookat,logic,8,,0
base\quest\testgym\meethanako.scenesolution,q115_00b_greeting,dialog lines,1,toolsDialogLineEventDescriptor,1
base\quest\testgym\meethanako.scenesolution,q115_00b_greeting,hanako,2,,0
base\quest\testgym\meethanako.scenesolution,q115_00b_greeting,idle,3,,0
base\quest\testgym\meethanako.scenesolution,q115_00b_greeting,animation,4,,0
base\quest\testgym\meethanako.scenesolution,q115_00b_greeting,facial,5,,0
base\quest\testgym\meethanako.scenesolution,q115_00b_greeting,lookAt,6,,0
base\quest\testgym\meethanako.scenesolution,q115_00b_greeting,logic,8,scnbeventsSocketDescriptor,1
base\quest\testgym\meethanako.scenesolution,q115_00b_player_bowing,dialog lines,1,,0
base\quest\testgym\meethanako.scenesolution,q115_00b_player_bowing,Player,2,,0
base\quest\testgym\meethanako.scenesolution,q115_00b_player_bowing,idle,3,,0
base\quest\testgym\meethanako.scenesolution,q115_00b_player_bowing,animation,4,toolsPlaySkAnimDescriptor,1
base\quest\testgym\meethanako.scenesolution,q115_00b_player_bowing,facial,5,,0
base\quest\testgym\meethanako.scenesolution,q115_00b_player_bowing,lookAt,6,toolsLookAtDescriptor,1
base\quest\testgym\meethanako.scenesolution,q115_00b_player_bowing,logic,8,scnbeventsSocketDescriptor,1
base\quest\testgym\meethanako.scenesolution,q115_00b_johnny_idle_sitting_in_the_back,dialog lines,1,,0
base\quest\testgym\meethanako.scenesolution,q115_00b_johnny_idle_sitting_in_the_back,johnny,2,,0
base\quest\testgym\meethanako.scenesolution,q115_00b_johnny_idle_sitting_in_the_back,idle,3,scnbeventsChangeWorkEvent,1
base\quest\testgym\meethanako.scenesolution,q115_00b_johnny_idle_sitting_in_the_back,animation,4,,0
base\quest\testgym\meethanako.scenesolution,q115_00b_johnny_idle_sitting_in_the_back,facial,5,,0
base\quest\testgym\meethanako.scenesolution,q115_00b_johnny_idle_sitting_in_the_back,lookAt,6,,0
base\quest\testgym\meethanako.scenesolution,q115_00b_johnny_idle_sitting_in_the_back,logic,8,,0
base\quest\testgym\meethanako.scenesolution,q115_00b_johnny_reaction,dialog lines,1,toolsDialogLineEventDescriptor,1
base\quest\testgym\meethanako.scenesolution,q115_00b_johnny_reaction,johnny,2,,0
base\quest\testgym\meethanako.scenesolution,q115_00b_johnny_reaction,idle,3,,0
base\quest\testgym\meethanako.scenesolution,q115_00b_johnny_reaction,animation,4,toolsPlaySkAnimDescriptor,1
base\quest\testgym\meethanako.scenesolution,q115_00b_johnny_reaction,facial,5,toolsPlaySkAnimDescriptor,1
base\quest\testgym\meethanako.scenesolution,q115_00b_johnny_reaction,lookAt,6,toolsLookAtDescriptor,2
base\quest\testgym\meethanako.scenesolution,q115_00b_johnny_reaction,lookAt,6,toolsLookAtDescriptor,2
base\quest\testgym\meethanako.scenesolution,q115_00b_johnny_reaction,logic,8,,0
base\quest\testgym\meethanako.scenesolution,q115_00b_hanako_sama_faster,dialog lines,1,toolsDialogLineEventDescriptor,3
base\quest\testgym\meethanako.scenesolution,q115_00b_hanako_sama_faster,dialog lines,1,toolsDialogLineEventDescriptor,3
base\quest\testgym\meethanako.scenesolution,q115_00b_hanako_sama_faster,dialog lines,1,toolsDialogLineEventDescriptor,3
base\quest\testgym\meethanako.scenesolution,q115_00b_hanako_sama_faster,johnny,2,,0
base\quest\testgym\meethanako.scenesolution,q115_00b_hanako_sama_faster,idle,3,scnbeventsChangeWorkEvent,1
base\quest\testgym\meethanako.scenesolution,q115_00b_hanako_sama_faster,animation,4,,0
base\quest\testgym\meethanako.scenesolution,q115_00b_hanako_sama_faster,facial,5,,0
base\quest\testgym\meethanako.scenesolution,q115_00b_hanako_sama_faster,lookAt,6,,0
base\quest\testgym\meethanako.scenesolution,q115_00b_hanako_sama_faster,logic,8,,0
base\quest\testgym\meethanako.scenesolution,q115_00b_hanako_sama_faster,hanako,2,,0
base\quest\testgym\meethanako.scenesolution,q115_00b_hanako_sama_faster,idle,3,scnbeventsChangeWorkEvent,1
base\quest\testgym\meethanako.scenesolution,q115_00b_hanako_sama_faster,animation,4,toolsPlaySkAnimDescriptor,1
base\quest\testgym\meethanako.scenesolution,q115_00b_hanako_sama_faster,facial,5,,0
base\quest\testgym\meethanako.scenesolution,q115_00b_hanako_sama_faster,lookAt,6,,0
base\quest\testgym\meethanako.scenesolution,q115_00b_hanako_sama_faster,logic,8,scnbeventsSocketDescriptor,1
base\quest\testgym\meethanako.scenesolution,q115_00b_hanako_sama_faster,Player,2,,0
base\quest\testgym\meethanako.scenesolution,q115_00b_hanako_sama_faster,idle,3,,0
base\quest\testgym\meethanako.scenesolution,q115_00b_hanako_sama_faster,animation,4,,0
base\quest\testgym\meethanako.scenesolution,q115_00b_hanako_sama_faster,facial,5,,0
base\quest\testgym\meethanako.scenesolution,q115_00b_hanako_sama_faster,lookAt,6,,0
base\quest\testgym\meethanako.scenesolution,q115_00b_hanako_sama_faster,logic,8,,0
base\quest\testgym\meethanako.scenesolution,q115_00b_hanako_sama,dialog lines,1,toolsDialogLineEventDescriptor,3
base\quest\testgym\meethanako.scenesolution,q115_00b_hanako_sama,dialog lines,1,toolsDialogLineEventDescriptor,3
base\quest\testgym\meethanako.scenesolution,q115_00b_hanako_sama,dialog lines,1,toolsDialogLineEventDescriptor,3
base\quest\testgym\meethanako.scenesolution,q115_00b_hanako_sama,Player,2,,0
base\quest\testgym\meethanako.scenesolution,q115_00b_hanako_sama,idle,3,,0
base\quest\testgym\meethanako.scenesolution,q115_00b_hanako_sama,animation,4,,0
base\quest\testgym\meethanako.scenesolution,q115_00b_hanako_sama,facial,5,,0
base\quest\testgym\meethanako.scenesolution,q115_00b_hanako_sama,lookAt,6,,0
base\quest\testgym\meethanako.scenesolution,q115_00b_hanako_sama,logic,8,,0
base\quest\testgym\meethanako.scenesolution,q115_00b_hanako_sama,hanako,2,,0
base\quest\testgym\meethanako.scenesolution,q115_00b_hanako_sama,idle,3,scnbeventsChangeWorkEvent,1
base\quest\testgym\meethanako.scenesolution,q115_00b_hanako_sama,animation,4,toolsPlaySkAnimDescriptor,1
base\quest\testgym\meethanako.scenesolution,q115_00b_hanako_sama,facial,5,,0
base\quest\testgym\meethanako.scenesolution,q115_00b_hanako_sama,lookAt,6,,0
base\quest\testgym\meethanako.scenesolution,q115_00b_hanako_sama,logic,8,scnbeventsSocketDescriptor,1
base\quest\testgym\meethanako.scenesolution,q115_00b_NEW_about_yorinobu,dialog lines,1,toolsDialogLineEventDescriptor,5
base\quest\testgym\meethanako.scenesolution,q115_00b_NEW_about_yorinobu,dialog lines,1,toolsDialogLineEventDescriptor,5
base\quest\testgym\meethanako.scenesolution,q115_00b_NEW_about_yorinobu,dialog lines,1,toolsDialogLineEventDescriptor,5
base\quest\testgym\meethanako.scenesolution,q115_00b_NEW_about_yorinobu,dialog lines,1,toolsDialogLineEventDescriptor,5
base\quest\testgym\meethanako.scenesolution,q115_00b_NEW_about_yorinobu,dialog lines,1,toolsDialogLineEventDescriptor,5
base\quest\testgym\meethanako.scenesolution,q115_00b_NEW_about_yorinobu,hanako,2,,0
base\quest\testgym\meethanako.scenesolution,q115_00b_NEW_about_yorinobu,idle,3,scnbeventsChangeWorkEvent,2
base\quest\testgym\meethanako.scenesolution,q115_00b_NEW_about_yorinobu,idle,3,scnbeventsChangeWorkEvent,2
base\quest\testgym\meethanako.scenesolution,q115_00b_NEW_about_yorinobu,animation,4,toolsPlaySkAnimDescriptor,1
base\quest\testgym\meethanako.scenesolution,q115_00b_NEW_about_yorinobu,facial,5,toolsPlaySkAnimDescriptor,3
base\quest\testgym\meethanako.scenesolution,q115_00b_NEW_about_yorinobu,facial,5,toolsChangeIdleAnimDescriptor,3
base\quest\testgym\meethanako.scenesolution,q115_00b_NEW_about_yorinobu,facial,5,toolsChangeIdleAnimDescriptor,3
base\quest\testgym\meethanako.scenesolution,q115_00b_NEW_about_yorinobu,lookAt,6,toolsLookAtDescriptor,2
base\quest\testgym\meethanako.scenesolution,q115_00b_NEW_about_yorinobu,lookAt,6,toolsLookAtDescriptor,2
base\quest\testgym\meethanako.scenesolution,q115_00b_NEW_about_yorinobu,logic,8,scnbeventsSocketDescriptor,1
base\quest\testgym\meethanako.scenesolution,q115_00b_NEW_about_yorinobu,johnny,2,,0
base\quest\testgym\meethanako.scenesolution,q115_00b_NEW_about_yorinobu,idle,3,,0
base\quest\testgym\meethanako.scenesolution,q115_00b_NEW_about_yorinobu,animation,4,toolsPlaySkAnimDescriptor,1
base\quest\testgym\meethanako.scenesolution,q115_00b_NEW_about_yorinobu,facial,5,,0
base\quest\testgym\meethanako.scenesolution,q115_00b_NEW_about_yorinobu,lookAt,6,,0
base\quest\testgym\meethanako.scenesolution,q115_00b_NEW_about_yorinobu,logic,8,,0
base\quest\testgym\meethanako.scenesolution,q115_00b_family_answer,dialog lines,1,,0
base\quest\testgym\meethanako.scenesolution,q115_00b_family_answer,hanako,2,,0
base\quest\testgym\meethanako.scenesolution,q115_00b_family_answer,idle,3,scnbeventsChangeWorkEvent,1
base\quest\testgym\meethanako.scenesolution,q115_00b_family_answer,animation,4,,0
base\quest\testgym\meethanako.scenesolution,q115_00b_family_answer,facial,5,toolsPlaySkAnimDescriptor,2
base\quest\testgym\meethanako.scenesolution,q115_00b_family_answer,facial,5,toolsPlaySkAnimDescriptor,2
base\quest\testgym\meethanako.scenesolution,q115_00b_family_answer,lookAt,6,,0
base\quest\testgym\meethanako.scenesolution,q115_00b_family_answer,logic,8,,0
base\quest\testgym\meethanako.scenesolution,q115_00b_family_answer,johnny,2,,0
base\quest\testgym\meethanako.scenesolution,q115_00b_family_answer,idle,3,,0
base\quest\testgym\meethanako.scenesolution,q115_00b_family_answer,animation,4,toolsPlaySkAnimDescriptor,1
base\quest\testgym\meethanako.scenesolution,q115_00b_family_answer,facial,5,,0
base\quest\testgym\meethanako.scenesolution,q115_00b_family_answer,lookAt,6,,0
base\quest\testgym\meethanako.scenesolution,q115_00b_family_answer,logic,8,,0
base\quest\testgym\meethanako.scenesolution,q115_00b_johnny_pissed,dialog lines,1,toolsDialogLineEventDescriptor,1
base\quest\testgym\meethanako.scenesolution,q115_00b_johnny_pissed,johnny,2,,0
base\quest\testgym\meethanako.scenesolution,q115_00b_johnny_pissed,idle,3,scnbeventsChangeWorkEvent,1
base\quest\testgym\meethanako.scenesolution,q115_00b_johnny_pissed,animation,4,,0
base\quest\testgym\meethanako.scenesolution,q115_00b_johnny_pissed,facial,5,toolsChangeIdleAnimDescriptor,1
base\quest\testgym\meethanako.scenesolution,q115_00b_johnny_pissed,lookAt,6,toolsLookAtDescriptor,1
base\quest\testgym\meethanako.scenesolution,q115_00b_johnny_pissed,logic,8,,0
base\quest\testgym\meethanako.scenesolution,q115_00b_johnny_pissed_lookat_reaction,dialog lines,1,,0
base\quest\testgym\meethanako.scenesolution,q115_00b_johnny_pissed_lookat_reaction,johnny,2,,0
base\quest\testgym\meethanako.scenesolution,q115_00b_johnny_pissed_lookat_reaction,idle,3,,0
base\quest\testgym\meethanako.scenesolution,q115_00b_johnny_pissed_lookat_reaction,animation,4,,0
base\quest\testgym\meethanako.scenesolution,q115_00b_johnny_pissed_lookat_reaction,facial,5,,0
base\quest\testgym\meethanako.scenesolution,q115_00b_johnny_pissed_lookat_reaction,lookAt,6,toolsLookAtDescriptor,1
base\quest\testgym\meethanako.scenesolution,q115_00b_johnny_pissed_lookat_reaction,logic,8,,0
base\quest\testgym\meethanako.scenesolution,q115_00b_we_delta,dialog lines,1,toolsDialogLineEventDescriptor,1
base\quest\testgym\meethanako.scenesolution,q115_00b_relax_johnny,dialog lines,1,toolsDialogLineEventDescriptor,2
base\quest\testgym\meethanako.scenesolution,q115_00b_relax_johnny,dialog lines,1,toolsDialogLineEventDescriptor,2
base\quest\testgym\meethanako.scenesolution,q115_00b_relax_johnny,johnny,2,,0
base\quest\testgym\meethanako.scenesolution,q115_00b_relax_johnny,idle,3,scnbeventsChangeWorkEvent,1
base\quest\testgym\meethanako.scenesolution,q115_00b_relax_johnny,animation,4,,0
base\quest\testgym\meethanako.scenesolution,q115_00b_relax_johnny,facial,5,toolsChangeIdleAnimDescriptor,1
base\quest\testgym\meethanako.scenesolution,q115_00b_relax_johnny,lookAt,6,,0
base\quest\testgym\meethanako.scenesolution,q115_00b_relax_johnny,logic,8,scnbeventsSocketDescriptor,1
base\quest\testgym\meethanako.scenesolution,q115_00b_johnny_pissed_02,dialog lines,1,,0
base\quest\testgym\meethanako.scenesolution,q115_00b_johnny_pissed_02,johnny,2,,0
base\quest\testgym\meethanako.scenesolution,q115_00b_johnny_pissed_02,idle,3,scnbeventsChangeWorkEvent,1
base\quest\testgym\meethanako.scenesolution,q115_00b_johnny_pissed_02,animation,4,toolsPlaySkAnimDescriptor,1
base\quest\testgym\meethanako.scenesolution,q115_00b_johnny_pissed_02,facial,5,toolsChangeIdleAnimDescriptor,1
base\quest\testgym\meethanako.scenesolution,q115_00b_johnny_pissed_02,lookAt,6,toolsLookAtDescriptor,2
base\quest\testgym\meethanako.scenesolution,q115_00b_johnny_pissed_02,lookAt,6,toolsLookAtDescriptor,2
base\quest\testgym\meethanako.scenesolution,q115_00b_johnny_pissed_02,logic,8,scnbeventsSocketDescriptor,1
base\quest\testgym\meethanako.scenesolution,q115_00b_hanako_inital_pose2,dialog lines,1,,0
base\quest\testgym\meethanako.scenesolution,q115_00b_hanako_inital_pose2,hanako,2,,0
base\quest\testgym\meethanako.scenesolution,q115_00b_hanako_inital_pose2,idle,3,scnbeventsChangeWorkEvent,1
base\quest\testgym\meethanako.scenesolution,q115_00b_hanako_inital_pose2,animation,4,,0
base\quest\testgym\meethanako.scenesolution,q115_00b_hanako_inital_pose2,facial,5,toolsChangeIdleAnimDescriptor,1
base\quest\testgym\meethanako.scenesolution,q115_00b_hanako_inital_pose2,lookAt,6,toolsLookAtDescriptor,1
base\quest\testgym\meethanako.scenesolution,q115_00b_hanako_inital_pose2,logic,8,,0
base\quest\testgym\meethanako.scenesolution,q115_00b_262,dialog lines,1,,0
base\quest\testgym\meethanako.scenesolution,q115_00b_262,johnny,2,,0
base\quest\testgym\meethanako.scenesolution,q115_00b_262,idle,3,scnbeventsStopWorkEvent,1
base\quest\testgym\meethanako.scenesolution,q115_00b_262,animation,4,,0
base\quest\testgym\meethanako.scenesolution,q115_00b_262,facial,5,,0
base\quest\testgym\meethanako.scenesolution,q115_00b_262,lookAt,6,,0
base\quest\testgym\meethanako.scenesolution,q115_00b_262,logic,8,,0
base\quest\testgym\meethanako.scenesolution,q115_00b_no_love_for_corpo_01,dialog lines,1,toolsDialogLineEventDescriptor,2
base\quest\testgym\meethanako.scenesolution,q115_00b_no_love_for_corpo_01,dialog lines,1,toolsDialogLineEventDescriptor,2
base\quest\testgym\meethanako.scenesolution,q115_00b_no_love_for_corpo_01,johnny,2,,0
base\quest\testgym\meethanako.scenesolution,q115_00b_no_love_for_corpo_01,idle,3,scnbeventsChangeWorkEvent,1
base\quest\testgym\meethanako.scenesolution,q115_00b_no_love_for_corpo_01,animation,4,,0
base\quest\testgym\meethanako.scenesolution,q115_00b_no_love_for_corpo_01,facial,5,toolsChangeIdleAnimDescriptor,1
base\quest\testgym\meethanako.scenesolution,q115_00b_no_love_for_corpo_01,lookAt,6,,0
base\quest\testgym\meethanako.scenesolution,q115_00b_no_love_for_corpo_01,logic,8,,0
base\quest\testgym\meethanako.scenesolution,q115_00b_time,dialog lines,1,toolsDialogLineEventDescriptor,1
base\quest\testgym\meethanako.scenesolution,q115_00b_time,hanako,2,,0
base\quest\testgym\meethanako.scenesolution,q115_00b_time,idle,3,,0
base\quest\testgym\meethanako.scenesolution,q115_00b_time,animation,4,,0
base\quest\testgym\meethanako.scenesolution,q115_00b_time,facial,5,toolsPlaySkAnimDescriptor,1
base\quest\testgym\meethanako.scenesolution,q115_00b_time,lookAt,6,,0
base\quest\testgym\meethanako.scenesolution,q115_00b_time,logic,8,scnbeventsSocketDescriptor,1
base\quest\testgym\meethanako.scenesolution,q115_00b_shock,dialog lines,1,,0
base\quest\testgym\meethanako.scenesolution,q115_00b_conclusion,dialog lines,1,toolsDialogLineEventDescriptor,3
base\quest\testgym\meethanako.scenesolution,q115_00b_conclusion,dialog lines,1,toolsDialogLineEventDescriptor,3
base\quest\testgym\meethanako.scenesolution,q115_00b_conclusion,dialog lines,1,toolsDialogLineEventDescriptor,3
base\quest\testgym\meethanako.scenesolution,q115_00b_conclusion,hanako,2,,0
base\quest\testgym\meethanako.scenesolution,q115_00b_conclusion,idle,3,scnbeventsChangeWorkEvent,2
base\quest\testgym\meethanako.scenesolution,q115_00b_conclusion,idle,3,scnbeventsChangeWorkEvent,2
base\quest\testgym\meethanako.scenesolution,q115_00b_conclusion,animation,4,toolsPlaySkAnimDescriptor,2
base\quest\testgym\meethanako.scenesolution,q115_00b_conclusion,animation,4,toolsPlaySkAnimDescriptor,2
base\quest\testgym\meethanako.scenesolution,q115_00b_conclusion,facial,5,toolsPlaySkAnimDescriptor,2
base\quest\testgym\meethanako.scenesolution,q115_00b_conclusion,facial,5,toolsPlaySkAnimDescriptor,2
base\quest\testgym\meethanako.scenesolution,q115_00b_conclusion,lookAt,6,toolsLookAtDescriptor,1
base\quest\testgym\meethanako.scenesolution,q115_00b_conclusion,logic,8,,0
base\quest\testgym\meethanako.scenesolution,q115_00b_conclusion,johnny,2,,0
base\quest\testgym\meethanako.scenesolution,q115_00b_conclusion,idle,3,,0
base\quest\testgym\meethanako.scenesolution,q115_00b_conclusion,animation,4,,0
base\quest\testgym\meethanako.scenesolution,q115_00b_conclusion,facial,5,,0
base\quest\testgym\meethanako.scenesolution,q115_00b_conclusion,lookAt,6,toolsLookAtDescriptor,3
base\quest\testgym\meethanako.scenesolution,q115_00b_conclusion,lookAt,6,toolsLookAtDescriptor,3
base\quest\testgym\meethanako.scenesolution,q115_00b_conclusion,lookAt,6,toolsLookAtDescriptor,3
base\quest\testgym\meethanako.scenesolution,q115_00b_conclusion,logic,8,,0
base\quest\testgym\meethanako.scenesolution,q115_00b_power,dialog lines,1,toolsDialogLineEventDescriptor,1
base\quest\testgym\meethanako.scenesolution,q115_00b_family,dialog lines,1,toolsDialogLineEventDescriptor,1
base\quest\testgym\meethanako.scenesolution,q115_00b_corporation,dialog lines,1,toolsDialogLineEventDescriptor,1
base\quest\testgym\meethanako.scenesolution,q115_00b_dont_know,dialog lines,1,toolsDialogLineEventDescriptor,1
base\quest\testgym\meethanako.scenesolution,q115_00b_family_answer_01,dialog lines,1,toolsDialogLineEventDescriptor,1
base\quest\testgym\meethanako.scenesolution,q115_00b_family_answer_01,johnny,2,,0
base\quest\testgym\meethanako.scenesolution,q115_00b_family_answer_01,idle,3,,0
base\quest\testgym\meethanako.scenesolution,q115_00b_family_answer_01,animation,4,toolsPlaySkAnimDescriptor,1
base\quest\testgym\meethanako.scenesolution,q115_00b_family_answer_01,facial,5,,0
base\quest\testgym\meethanako.scenesolution,q115_00b_family_answer_01,lookAt,6,,0
base\quest\testgym\meethanako.scenesolution,q115_00b_family_answer_01,logic,8,,0
base\quest\testgym\meethanako.scenesolution,q115_00b_family_answer_01,hanako,2,,0
base\quest\testgym\meethanako.scenesolution,q115_00b_family_answer_01,idle,3,scnbeventsChangeWorkEvent,1
base\quest\testgym\meethanako.scenesolution,q115_00b_family_answer_01,animation,4,,0
base\quest\testgym\meethanako.scenesolution,q115_00b_family_answer_01,facial,5,toolsPlaySkAnimDescriptor,2
base\quest\testgym\meethanako.scenesolution,q115_00b_family_answer_01,facial,5,toolsPlaySkAnimDescriptor,2
base\quest\testgym\meethanako.scenesolution,q115_00b_family_answer_01,lookAt,6,,0
base\quest\testgym\meethanako.scenesolution,q115_00b_family_answer_01,logic,8,scnbeventsSocketDescriptor,1
base\quest\testgym\meethanako.scenesolution,q115_00b_hanako_beginning,dialog lines,1,toolsDialogLineEventDescriptor,4
base\quest\testgym\meethanako.scenesolution,q115_00b_hanako_beginning,dialog lines,1,toolsDialogLineEventDescriptor,4
base\quest\testgym\meethanako.scenesolution,q115_00b_hanako_beginning,dialog lines,1,toolsDialogLineEventDescriptor,4
base\quest\testgym\meethanako.scenesolution,q115_00b_hanako_beginning,dialog lines,1,toolsDialogLineEventDescriptor,4
base\quest\testgym\meethanako.scenesolution,q115_00b_hanako_beginning,johnny,2,,0
base\quest\testgym\meethanako.scenesolution,q115_00b_hanako_beginning,idle,3,,0
base\quest\testgym\meethanako.scenesolution,q115_00b_hanako_beginning,animation,4,toolsPlaySkAnimDescriptor,1
base\quest\testgym\meethanako.scenesolution,q115_00b_hanako_beginning,facial,5,,0
base\quest\testgym\meethanako.scenesolution,q115_00b_hanako_beginning,lookAt,6,,0
base\quest\testgym\meethanako.scenesolution,q115_00b_hanako_beginning,logic,8,,0
base\quest\testgym\meethanako.scenesolution,q115_00b_hanako_beginning,hanako,2,,0
base\quest\testgym\meethanako.scenesolution,q115_00b_hanako_beginning,idle,3,scnbeventsChangeWorkEvent,1
base\quest\testgym\meethanako.scenesolution,q115_00b_hanako_beginning,animation,4,toolsPlaySkAnimDescriptor,1
base\quest\testgym\meethanako.scenesolution,q115_00b_hanako_beginning,facial,5,toolsPlaySkAnimDescriptor,1
base\quest\testgym\meethanako.scenesolution,q115_00b_hanako_beginning,lookAt,6,toolsLookAtDescriptor,2
base\quest\testgym\meethanako.scenesolution,q115_00b_hanako_beginning,lookAt,6,toolsLookAtDescriptor,2
base\quest\testgym\meethanako.scenesolution,q115_00b_hanako_beginning,logic,8,scnbeventsSocketDescriptor,1
base\quest\testgym\meethanako.scenesolution,q115_00b_ym mo,dialog lines,1,toolsDialogLineEventDescriptor,1
base\quest\testgym\meethanako.scenesolution,q115_00b_ym mo,hanako,2,,0
base\quest\testgym\meethanako.scenesolution,q115_00b_ym mo,idle,3,,0
base\quest\testgym\meethanako.scenesolution,q115_00b_ym mo,animation,4,,0
base\quest\testgym\meethanako.scenesolution,q115_00b_ym mo,facial,5,toolsPlaySkAnimDescriptor,1
base\quest\testgym\meethanako.scenesolution,q115_00b_ym mo,lookAt,6,,0
base\quest\testgym\meethanako.scenesolution,q115_00b_ym mo,logic,8,scnbeventsSocketDescriptor,1
base\quest\testgym\meethanako.scenesolution,q115_00b_common_section,dialog lines,1,toolsDialogLineEventDescriptor,6
base\quest\testgym\meethanako.scenesolution,q115_00b_common_section,dialog lines,1,toolsDialogLineEventDescriptor,6
base\quest\testgym\meethanako.scenesolution,q115_00b_common_section,dialog lines,1,toolsDialogLineEventDescriptor,6
base\quest\testgym\meethanako.scenesolution,q115_00b_common_section,dialog lines,1,toolsDialogLineEventDescriptor,6
base\quest\testgym\meethanako.scenesolution,q115_00b_common_section,dialog lines,1,toolsDialogLineEventDescriptor,6
base\quest\testgym\meethanako.scenesolution,q115_00b_common_section,dialog lines,1,toolsDialogLineEventDescriptor,6
base\quest\testgym\meethanako.scenesolution,q115_00b_common_section,hanako,2,,0
base\quest\testgym\meethanako.scenesolution,q115_00b_common_section,idle,3,scnbeventsChangeWorkEvent,2
base\quest\testgym\meethanako.scenesolution,q115_00b_common_section,idle,3,scnbeventsChangeWorkEvent,2
base\quest\testgym\meethanako.scenesolution,q115_00b_common_section,animation,4,toolsPlaySkAnimDescriptor,3
base\quest\testgym\meethanako.scenesolution,q115_00b_common_section,animation,4,toolsPlaySkAnimDescriptor,3
base\quest\testgym\meethanako.scenesolution,q115_00b_common_section,animation,4,toolsPlaySkAnimDescriptor,3
base\quest\testgym\meethanako.scenesolution,q115_00b_common_section,facial,5,toolsPlaySkAnimDescriptor,3
base\quest\testgym\meethanako.scenesolution,q115_00b_common_section,facial,5,toolsPlaySkAnimDescriptor,3
base\quest\testgym\meethanako.scenesolution,q115_00b_common_section,facial,5,toolsPlaySkAnimDescriptor,3
base\quest\testgym\meethanako.scenesolution,q115_00b_common_section,lookAt,6,,0
base\quest\testgym\meethanako.scenesolution,q115_00b_common_section,logic,8,,0
base\quest\testgym\meethanako.scenesolution,q115_00b_cut_to_the_chase,dialog lines,1,toolsDialogLineEventDescriptor,2
base\quest\testgym\meethanako.scenesolution,q115_00b_cut_to_the_chase,dialog lines,1,toolsDialogLineEventDescriptor,2
base\quest\testgym\meethanako.scenesolution,q115_00b_cut_to_the_chase,hanako,2,,0
base\quest\testgym\meethanako.scenesolution,q115_00b_cut_to_the_chase,idle,3,,0
base\quest\testgym\meethanako.scenesolution,q115_00b_cut_to_the_chase,animation,4,,0
base\quest\testgym\meethanako.scenesolution,q115_00b_cut_to_the_chase,facial,5,toolsPlaySkAnimDescriptor,1
base\quest\testgym\meethanako.scenesolution,q115_00b_cut_to_the_chase,lookAt,6,,0
base\quest\testgym\meethanako.scenesolution,q115_00b_cut_to_the_chase,logic,8,scnbeventsSocketDescriptor,1
base\quest\testgym\meethanako.scenesolution,q115_00b_soulkiller_do_you_have,dialog lines,1,toolsDialogLineEventDescriptor,1
base\quest\testgym\meethanako.scenesolution,q115_00b_soulkiller_do_you_have,hanako,2,,0
base\quest\testgym\meethanako.scenesolution,q115_00b_soulkiller_do_you_have,idle,3,,0
base\quest\testgym\meethanako.scenesolution,q115_00b_soulkiller_do_you_have,animation,4,toolsPlaySkAnimDescriptor,1
base\quest\testgym\meethanako.scenesolution,q115_00b_soulkiller_do_you_have,facial,5,,0
base\quest\testgym\meethanako.scenesolution,q115_00b_soulkiller_do_you_have,lookAt,6,,0
base\quest\testgym\meethanako.scenesolution,q115_00b_soulkiller_do_you_have,logic,8,scnbeventsSocketDescriptor,1
base\quest\testgym\meethanako.scenesolution,q115_00b_johnny_comment_02,dialog lines,1,toolsDialogLineEventDescriptor,1
base\quest\testgym\meethanako.scenesolution,q115_00b_johnny_comment_02,johnny,2,,0
base\quest\testgym\meethanako.scenesolution,q115_00b_johnny_comment_02,idle,3,,0
base\quest\testgym\meethanako.scenesolution,q115_00b_johnny_comment_02,animation,4,toolsPlaySkAnimDescriptor,1
base\quest\testgym\meethanako.scenesolution,q115_00b_johnny_comment_02,facial,5,,0
base\quest\testgym\meethanako.scenesolution,q115_00b_johnny_comment_02,lookAt,6,,0
base\quest\testgym\meethanako.scenesolution,q115_00b_johnny_comment_02,logic,8,,0
base\quest\testgym\meethanako.scenesolution,q115_00b_let_me_hear,dialog lines,1,toolsDialogLineEventDescriptor,3
base\quest\testgym\meethanako.scenesolution,q115_00b_let_me_hear,dialog lines,1,toolsDialogLineEventDescriptor,3
base\quest\testgym\meethanako.scenesolution,q115_00b_let_me_hear,dialog lines,1,toolsDialogLineEventDescriptor,3
base\quest\testgym\meethanako.scenesolution,q115_00b_let_me_hear,johnny,2,,0
base\quest\testgym\meethanako.scenesolution,q115_00b_let_me_hear,idle,3,,0
base\quest\testgym\meethanako.scenesolution,q115_00b_let_me_hear,animation,4,toolsPlaySkAnimDescriptor,1
base\quest\testgym\meethanako.scenesolution,q115_00b_let_me_hear,facial,5,toolsPlaySkAnimDescriptor,1
base\quest\testgym\meethanako.scenesolution,q115_00b_let_me_hear,lookAt,6,toolsLookAtDescriptor,2
base\quest\testgym\meethanako.scenesolution,q115_00b_let_me_hear,lookAt,6,toolsLookAtDescriptor,2
base\quest\testgym\meethanako.scenesolution,q115_00b_let_me_hear,logic,8,,0
base\quest\testgym\meethanako.scenesolution,q115_00b_hanako_nervous,dialog lines,1,toolsDialogLineEventDescriptor,5
base\quest\testgym\meethanako.scenesolution,q115_00b_hanako_nervous,dialog lines,1,toolsDialogLineEventDescriptor,5
base\quest\testgym\meethanako.scenesolution,q115_00b_hanako_nervous,dialog lines,1,toolsDialogLineEventDescriptor,5
base\quest\testgym\meethanako.scenesolution,q115_00b_hanako_nervous,dialog lines,1,toolsDialogLineEventDescriptor,5
base\quest\testgym\meethanako.scenesolution,q115_00b_hanako_nervous,dialog lines,1,toolsDialogLineEventDescriptor,5
base\quest\testgym\meethanako.scenesolution,q115_00b_hanako_nervous,hanako,2,,0
base\quest\testgym\meethanako.scenesolution,q115_00b_hanako_nervous,idle,3,scnbeventsChangeWorkEvent,2
base\quest\testgym\meethanako.scenesolution,q115_00b_hanako_nervous,idle,3,scnbeventsChangeWorkEvent,2
base\quest\testgym\meethanako.scenesolution,q115_00b_hanako_nervous,animation,4,toolsPlaySkAnimDescriptor,2
base\quest\testgym\meethanako.scenesolution,q115_00b_hanako_nervous,animation,4,toolsPlaySkAnimDescriptor,2
base\quest\testgym\meethanako.scenesolution,q115_00b_hanako_nervous,facial,5,toolsPlaySkAnimDescriptor,3
base\quest\testgym\meethanako.scenesolution,q115_00b_hanako_nervous,facial,5,toolsPlaySkAnimDescriptor,3
base\quest\testgym\meethanako.scenesolution,q115_00b_hanako_nervous,facial,5,toolsPlaySkAnimDescriptor,3
base\quest\testgym\meethanako.scenesolution,q115_00b_hanako_nervous,lookAt,6,,0
base\quest\testgym\meethanako.scenesolution,q115_00b_hanako_nervous,logic,8,scnbeventsSocketDescriptor,1
base\quest\testgym\meethanako.scenesolution,q115_00b_what_do_u_mean,dialog lines,1,toolsDialogLineEventDescriptor,3
base\quest\testgym\meethanako.scenesolution,q115_00b_what_do_u_mean,dialog lines,1,toolsDialogLineEventDescriptor,3
base\quest\testgym\meethanako.scenesolution,q115_00b_what_do_u_mean,dialog lines,1,toolsDialogLineEventDescriptor,3
base\quest\testgym\meethanako.scenesolution,q115_00b_what_do_u_mean,johnny,2,,0
base\quest\testgym\meethanako.scenesolution,q115_00b_what_do_u_mean,idle,3,,0
base\quest\testgym\meethanako.scenesolution,q115_00b_what_do_u_mean,animation,4,,0
base\quest\testgym\meethanako.scenesolution,q115_00b_what_do_u_mean,facial,5,,0
base\quest\testgym\meethanako.scenesolution,q115_00b_what_do_u_mean,lookAt,6,,0
base\quest\testgym\meethanako.scenesolution,q115_00b_what_do_u_mean,logic,8,,0
base\quest\testgym\meethanako.scenesolution,q115_00b_what_do_u_mean,hanako,2,,0
base\quest\testgym\meethanako.scenesolution,q115_00b_what_do_u_mean,idle,3,scnbeventsChangeWorkEvent,1
base\quest\testgym\meethanako.scenesolution,q115_00b_what_do_u_mean,animation,4,toolsPlaySkAnimDescriptor,2
base\quest\testgym\meethanako.scenesolution,q115_00b_what_do_u_mean,animation,4,toolsPlaySkAnimDescriptor,2
base\quest\testgym\meethanako.scenesolution,q115_00b_what_do_u_mean,facial,5,toolsPlaySkAnimDescriptor,2
base\quest\testgym\meethanako.scenesolution,q115_00b_what_do_u_mean,facial,5,toolsPlaySkAnimDescriptor,2
base\quest\testgym\meethanako.scenesolution,q115_00b_what_do_u_mean,lookAt,6,,0
base\quest\testgym\meethanako.scenesolution,q115_00b_what_do_u_mean,logic,8,,0
base\quest\testgym\meethanako.scenesolution,q115_00b_angry_mean,dialog lines,1,toolsDialogLineEventDescriptor,3
base\quest\testgym\meethanako.scenesolution,q115_00b_angry_mean,dialog lines,1,toolsDialogLineEventDescriptor,3
base\quest\testgym\meethanako.scenesolution,q115_00b_angry_mean,dialog lines,1,toolsDialogLineEventDescriptor,3
base\quest\testgym\meethanako.scenesolution,q115_00b_angry_mean,hanako,2,,0
base\quest\testgym\meethanako.scenesolution,q115_00b_angry_mean,idle,3,scnbeventsChangeWorkEvent,1
base\quest\testgym\meethanako.scenesolution,q115_00b_angry_mean,animation,4,toolsPlaySkAnimDescriptor,2
base\quest\testgym\meethanako.scenesolution,q115_00b_angry_mean,animation,4,toolsPlaySkAnimDescriptor,2
base\quest\testgym\meethanako.scenesolution,q115_00b_angry_mean,facial,5,toolsPlaySkAnimDescriptor,2
base\quest\testgym\meethanako.scenesolution,q115_00b_angry_mean,facial,5,toolsPlaySkAnimDescriptor,2
base\quest\testgym\meethanako.scenesolution,q115_00b_angry_mean,lookAt,6,toolsChangeIdleAnimDescriptor,2
base\quest\testgym\meethanako.scenesolution,q115_00b_angry_mean,lookAt,6,toolsChangeIdleAnimDescriptor,2
base\quest\testgym\meethanako.scenesolution,q115_00b_angry_mean,logic,8,,0
base\quest\testgym\meethanako.scenesolution,q115_00b_angry_mean,johnny,2,,0
base\quest\testgym\meethanako.scenesolution,q115_00b_angry_mean,idle,3,,0
base\quest\testgym\meethanako.scenesolution,q115_00b_angry_mean,animation,4,,0
base\quest\testgym\meethanako.scenesolution,q115_00b_angry_mean,facial,5,,0
base\quest\testgym\meethanako.scenesolution,q115_00b_angry_mean,lookAt,6,,0
base\quest\testgym\meethanako.scenesolution,q115_00b_angry_mean,logic,8,,0
base\quest\testgym\meethanako.scenesolution,q115_00b_mikoshi,dialog lines,1,toolsDialogLineEventDescriptor,5
base\quest\testgym\meethanako.scenesolution,q115_00b_mikoshi,dialog lines,1,toolsDialogLineEventDescriptor,5
base\quest\testgym\meethanako.scenesolution,q115_00b_mikoshi,dialog lines,1,toolsDialogLineEventDescriptor,5
base\quest\testgym\meethanako.scenesolution,q115_00b_mikoshi,dialog lines,1,toolsDialogLineEventDescriptor,5
base\quest\testgym\meethanako.scenesolution,q115_00b_mikoshi,dialog lines,1,toolsDialogLineEventDescriptor,5
base\quest\testgym\meethanako.scenesolution,q115_00b_mikoshi,hanako,2,,0
base\quest\testgym\meethanako.scenesolution,q115_00b_mikoshi,idle,3,toolsPlaySkAnimDescriptor,2
base\quest\testgym\meethanako.scenesolution,q115_00b_mikoshi,idle,3,scnbeventsChangeWorkEvent,2
base\quest\testgym\meethanako.scenesolution,q115_00b_mikoshi,facial,5,toolsPlaySkAnimDescriptor,3
base\quest\testgym\meethanako.scenesolution,q115_00b_mikoshi,facial,5,toolsPlaySkAnimDescriptor,3
base\quest\testgym\meethanako.scenesolution,q115_00b_mikoshi,facial,5,toolsChangeIdleAnimDescriptor,3
base\quest\testgym\meethanako.scenesolution,q115_00b_mikoshi,lookAt,6,toolsLookAtDescriptor,3
base\quest\testgym\meethanako.scenesolution,q115_00b_mikoshi,lookAt,6,toolsPlaySkAnimDescriptor,3
base\quest\testgym\meethanako.scenesolution,q115_00b_mikoshi,lookAt,6,toolsLookAtDescriptor,3
base\quest\testgym\meethanako.scenesolution,q115_00b_mikoshi,logic,8,scnbeventsAttachPropDescriptor,7
base\quest\testgym\meethanako.scenesolution,q115_00b_mikoshi,logic,8,scnbeventsSocketDescriptor,7
base\quest\testgym\meethanako.scenesolution,q115_00b_mikoshi,logic,8,scnbeventsSocketDescriptor,7
base\quest\testgym\meethanako.scenesolution,q115_00b_mikoshi,logic,8,scnbeventsSocketDescriptor,7
base\quest\testgym\meethanako.scenesolution,q115_00b_mikoshi,logic,8,scnbeventsAttachPropDescriptor,7
base\quest\testgym\meethanako.scenesolution,q115_00b_mikoshi,logic,8,scnbeventsSocketDescriptor,7
base\quest\testgym\meethanako.scenesolution,q115_00b_mikoshi,logic,8,scnbeventsSocketDescriptor,7
base\quest\testgym\meethanako.scenesolution,q115_00b_mikoshi,johnny,2,,0
base\quest\testgym\meethanako.scenesolution,q115_00b_mikoshi,idle,3,scnbeventsChangeWorkEvent,1
base\quest\testgym\meethanako.scenesolution,q115_00b_mikoshi,animation,4,,0
base\quest\testgym\meethanako.scenesolution,q115_00b_mikoshi,facial (1),5,toolsChangeIdleAnimDescriptor,1
base\quest\testgym\meethanako.scenesolution,q115_00b_mikoshi,lookAt,6,,0
base\quest\testgym\meethanako.scenesolution,q115_00b_mikoshi,logic,8,scnbeventsSocketDescriptor,1
base\quest\testgym\meethanako.scenesolution,q115_00b_mikoshi,VFX,15,scnbeventsVFXEventDescriptor,2
base\quest\testgym\meethanako.scenesolution,q115_00b_mikoshi,VFX,15,scnbeventsVFXEventDescriptor,2
base\quest\testgym\meethanako.scenesolution,q115_00b_36,dialog lines,1,,0
base\quest\testgym\meethanako.scenesolution,q115_00b_36,hanako,2,,0
base\quest\testgym\meethanako.scenesolution,q115_00b_36,idle,3,scnbeventsChangeWorkEvent,1
base\quest\testgym\meethanako.scenesolution,q115_00b_36,animation,4,,0
base\quest\testgym\meethanako.scenesolution,q115_00b_36,facial,5,,0
base\quest\testgym\meethanako.scenesolution,q115_00b_36,lookAt,6,,0
base\quest\testgym\meethanako.scenesolution,q115_00b_36,logic,8,,0
base\quest\testgym\meethanako.scenesolution,q115_00b_johnny_comment_03,dialog lines,1,toolsDialogLineEventDescriptor,1
base\quest\testgym\meethanako.scenesolution,q115_00b_johnny_comment_03,johnny,2,,0
base\quest\testgym\meethanako.scenesolution,q115_00b_johnny_comment_03,idle,3,,0
base\quest\testgym\meethanako.scenesolution,q115_00b_johnny_comment_03,animation,4,toolsPlaySkAnimDescriptor,1
base\quest\testgym\meethanako.scenesolution,q115_00b_johnny_comment_03,facial,5,toolsChangeIdleAnimDescriptor,1
base\quest\testgym\meethanako.scenesolution,q115_00b_johnny_comment_03,lookAt,6,toolsLookAtDescriptor,2
base\quest\testgym\meethanako.scenesolution,q115_00b_johnny_comment_03,lookAt,6,toolsLookAtDescriptor,2
base\quest\testgym\meethanako.scenesolution,q115_00b_johnny_comment_03,logic,8,scnbeventsSocketDescriptor,2
base\quest\testgym\meethanako.scenesolution,q115_00b_johnny_comment_03,logic,8,scnbeventsSocketDescriptor,2
base\quest\testgym\meethanako.scenesolution,q115_00b_shut_up_johnny,dialog lines,1,toolsDialogLineEventDescriptor,1
base\quest\testgym\meethanako.scenesolution,q115_00b_shut_up_johnny,johnny,2,,0
base\quest\testgym\meethanako.scenesolution,q115_00b_shut_up_johnny,idle,3,,0
base\quest\testgym\meethanako.scenesolution,q115_00b_shut_up_johnny,animation,4,,0
base\quest\testgym\meethanako.scenesolution,q115_00b_shut_up_johnny,facial,5,,0
base\quest\testgym\meethanako.scenesolution,q115_00b_shut_up_johnny,lookAt,6,toolsLookAtDescriptor,1
base\quest\testgym\meethanako.scenesolution,q115_00b_shut_up_johnny,logic,8,,0
base\quest\testgym\meethanako.scenesolution,q115_00b_disturbing_conlusion,dialog lines,1,,0
base\quest\testgym\meethanako.scenesolution,q115_00b_disturbing_conlusion,hanako,2,,0
base\quest\testgym\meethanako.scenesolution,q115_00b_disturbing_conlusion,idle,3,,0
base\quest\testgym\meethanako.scenesolution,q115_00b_disturbing_conlusion,animation,4,,0
base\quest\testgym\meethanako.scenesolution,q115_00b_disturbing_conlusion,facial,5,,0
base\quest\testgym\meethanako.scenesolution,q115_00b_disturbing_conlusion,lookAt,6,,0
base\quest\testgym\meethanako.scenesolution,q115_00b_disturbing_conlusion,logic,8,,0
base\quest\testgym\meethanako.scenesolution,q115_00b_disturbing_conlusion,johnny,2,,0
base\quest\testgym\meethanako.scenesolution,q115_00b_disturbing_conlusion,idle,3,scnbeventsChangeWorkEvent,1
base\quest\testgym\meethanako.scenesolution,q115_00b_disturbing_conlusion,animation,4,scnbeventsChangeWorkEvent,1
base\quest\testgym\meethanako.scenesolution,q115_00b_disturbing_conlusion,facial,5,toolsPlaySkAnimDescriptor,1
base\quest\testgym\meethanako.scenesolution,q115_00b_disturbing_conlusion,lookAt,6,toolsLookAtDescriptor,2
base\quest\testgym\meethanako.scenesolution,q115_00b_disturbing_conlusion,lookAt,6,toolsLookAtDescriptor,2
base\quest\testgym\meethanako.scenesolution,q115_00b_disturbing_conlusion,logic,8,scnbeventsSocketDescriptor,2
base\quest\testgym\meethanako.scenesolution,q115_00b_disturbing_conlusion,logic,8,scnbeventsSocketDescriptor,2
base\quest\testgym\meethanako.scenesolution,q115_00b_stopping_scenespots,dialog lines,1,,0
base\quest\testgym\meethanako.scenesolution,q115_00b_stopping_scenespots,hanako,2,,0
base\quest\testgym\meethanako.scenesolution,q115_00b_stopping_scenespots,idle,3,scnbeventsChangeWorkEvent,1
base\quest\testgym\meethanako.scenesolution,q115_00b_stopping_scenespots,animation,4,,0
base\quest\testgym\meethanako.scenesolution,q115_00b_stopping_scenespots,facial,5,toolsPlaySkAnimDescriptor,1
base\quest\testgym\meethanako.scenesolution,q115_00b_stopping_scenespots,lookAt,6,,0
base\quest\testgym\meethanako.scenesolution,q115_00b_stopping_scenespots,logic,8,scnbeventsSocketDescriptor,1
base\quest\testgym\meethanako.scenesolution,q115_00b_stopping_scenespots,johnny,2,,0
base\quest\testgym\meethanako.scenesolution,q115_00b_stopping_scenespots,idle,3,scnbeventsChangeWorkEvent,2
base\quest\testgym\meethanako.scenesolution,q115_00b_stopping_scenespots,idle,3,scnbeventsChangeWorkEvent,2
base\quest\testgym\meethanako.scenesolution,q115_00b_stopping_scenespots,animation,4,,0
base\quest\testgym\meethanako.scenesolution,q115_00b_stopping_scenespots,facial,5,,0
base\quest\testgym\meethanako.scenesolution,q115_00b_stopping_scenespots,lookAt,6,,0
base\quest\testgym\meethanako.scenesolution,q115_00b_stopping_scenespots,logic,8,scnbeventsAttachPropDescriptor,1
base\quest\testgym\meethanako.scenesolution,q115_00b_mikoshi_go_one,dialog lines,1,toolsDialogLineEventDescriptor,2
base\quest\testgym\meethanako.scenesolution,q115_00b_mikoshi_go_one,dialog lines,1,toolsDialogLineEventDescriptor,2
base\quest\testgym\meethanako.scenesolution,q115_00b_mikoshi_go_one,Player,2,,0
base\quest\testgym\meethanako.scenesolution,q115_00b_mikoshi_go_one,idle,3,,0
base\quest\testgym\meethanako.scenesolution,q115_00b_mikoshi_go_one,animation,4,,0
base\quest\testgym\meethanako.scenesolution,q115_00b_mikoshi_go_one,facial,5,,0
base\quest\testgym\meethanako.scenesolution,q115_00b_mikoshi_go_one,lookAt,6,,0
base\quest\testgym\meethanako.scenesolution,q115_00b_mikoshi_go_one,logic,8,scnbeventsSocketDescriptor,1
base\quest\testgym\meethanako.scenesolution,q115_00b_mikoshi_how_is_that,dialog lines,1,toolsDialogLineEventDescriptor,1
base\quest\testgym\meethanako.scenesolution,q115_00b_mikoshi_how_is_that,Player,2,,0
base\quest\testgym\meethanako.scenesolution,q115_00b_mikoshi_how_is_that,idle,3,,0
base\quest\testgym\meethanako.scenesolution,q115_00b_mikoshi_how_is_that,animation,4,,0
base\quest\testgym\meethanako.scenesolution,q115_00b_mikoshi_how_is_that,facial,5,,0
base\quest\testgym\meethanako.scenesolution,q115_00b_mikoshi_how_is_that,lookAt,6,,0
base\quest\testgym\meethanako.scenesolution,q115_00b_mikoshi_how_is_that,logic,8,scnbeventsSocketDescriptor,1
base\quest\testgym\meethanako.scenesolution,q115_00b_hanako_drinking,dialog lines,1,,0
base\quest\testgym\meethanako.scenesolution,q115_00b_hanako_drinking,hanako,2,,0
base\quest\testgym\meethanako.scenesolution,q115_00b_hanako_drinking,idle,3,,0
base\quest\testgym\meethanako.scenesolution,q115_00b_hanako_drinking,animation,4,toolsPlaySkAnimDescriptor,1
base\quest\testgym\meethanako.scenesolution,q115_00b_hanako_drinking,facial,5,toolsPlaySkAnimDescriptor,1
base\quest\testgym\meethanako.scenesolution,q115_00b_hanako_drinking,facial (1),5,toolsChangeIdleAnimDescriptor,1
base\quest\testgym\meethanako.scenesolution,q115_00b_hanako_drinking,lookAt,6,scnbeventsAttachPropDescriptor,2
base\quest\testgym\meethanako.scenesolution,q115_00b_hanako_drinking,lookAt,6,scnbeventsAttachPropDescriptor,2
base\quest\testgym\meethanako.scenesolution,q115_00b_hanako_drinking,logic,8,,0
base\quest\testgym\meethanako.scenesolution,q115_00b_hanako_drinking,VFX,15,scnbeventsVFXEventDescriptor,3
base\quest\testgym\meethanako.scenesolution,q115_00b_hanako_drinking,VFX,15,scnbeventsVFXEventDescriptor,3
base\quest\testgym\meethanako.scenesolution,q115_00b_hanako_drinking,VFX,15,scnbeventsVFXEventDescriptor,3
base\quest\testgym\meethanako.scenesolution,q115_00b_my_brother,dialog lines,1,toolsDialogLineEventDescriptor,2
base\quest\testgym\meethanako.scenesolution,q115_00b_my_brother,dialog lines,1,toolsDialogLineEventDescriptor,2
base\quest\testgym\meethanako.scenesolution,q115_00b_my_brother,hanako,2,,0
base\quest\testgym\meethanako.scenesolution,q115_00b_my_brother,idle,3,,0
base\quest\testgym\meethanako.scenesolution,q115_00b_my_brother,animation,4,,0
base\quest\testgym\meethanako.scenesolution,q115_00b_my_brother,facial,5,toolsChangeIdleAnimDescriptor,1
base\quest\testgym\meethanako.scenesolution,q115_00b_my_brother,lookAt,6,toolsLookAtDescriptor,1
base\quest\testgym\meethanako.scenesolution,q115_00b_my_brother,logic,8,scnbeventsSocketDescriptor,1
base\quest\testgym\meethanako.scenesolution,q115_00b_my_brother,johnny,2,,0
base\quest\testgym\meethanako.scenesolution,q115_00b_my_brother,idle,3,,0
base\quest\testgym\meethanako.scenesolution,q115_00b_my_brother,animation,4,,0
base\quest\testgym\meethanako.scenesolution,q115_00b_my_brother,facial,5,,0
base\quest\testgym\meethanako.scenesolution,q115_00b_my_brother,lookAt,6,,0
base\quest\testgym\meethanako.scenesolution,q115_00b_my_brother,logic,8,scnbeventsSocketDescriptor,1
base\quest\testgym\meethanako.scenesolution,q115_00b_player_sitting_animation,dialog lines,1,,0
base\quest\testgym\meethanako.scenesolution,q115_00b_player_sitting_animation,Player,2,,0
base\quest\testgym\meethanako.scenesolution,q115_00b_player_sitting_animation,idle,3,scnbeventsChangeWorkEvent,1
base\quest\testgym\meethanako.scenesolution,q115_00b_player_sitting_animation,animation,4,,0
base\quest\testgym\meethanako.scenesolution,q115_00b_player_sitting_animation,facial,5,,0
base\quest\testgym\meethanako.scenesolution,q115_00b_player_sitting_animation,lookAt,6,scnbeventsCameraClipDescriptor,1
base\quest\testgym\meethanako.scenesolution,q115_00b_player_sitting_animation,logic,8,,0
base\quest\testgym\meethanako.scenesolution,TestSectionConOne,dialog lines,1,,0
base\quest\testgym\meethanako.scenesolution,TestSectionConOne,johnny,2,,0
base\quest\testgym\meethanako.scenesolution,TestSectionConOne,idle,3,,0
base\quest\testgym\meethanako.scenesolution,TestSectionConOne,animation,4,,0
base\quest\testgym\meethanako.scenesolution,TestSectionConOne,facial,5,,0
base\quest\testgym\meethanako.scenesolution,TestSectionConOne,lookAt,6,,0
base\quest\testgym\meethanako.scenesolution,TestSectionConOne,logic,8,,0
base\quest\testgym\meethanako.scenesolution,TestSectionConOne,hanako,2,,0
base\quest\testgym\meethanako.scenesolution,TestSectionConOne,idle,3,,0
base\quest\testgym\meethanako.scenesolution,TestSectionConOne,animation,4,toolsPlaySkAnimDescriptor,1
base\quest\testgym\meethanako.scenesolution,TestSectionConOne,facial,5,,0
base\quest\testgym\meethanako.scenesolution,TestSectionConOne,lookAt,6,,0
base\quest\testgym\meethanako.scenesolution,TestSectionConOne,logic,8,,0
base\quest\testgym\meethanako.scenesolution,TestSectionConTwo,dialog lines,1,,0
base\quest\testgym\meethanako.scenesolution,TestSectionConTwo,johnny,2,,0
base\quest\testgym\meethanako.scenesolution,TestSectionConTwo,idle,3,,0
base\quest\testgym\meethanako.scenesolution,TestSectionConTwo,animation,4,,0
base\quest\testgym\meethanako.scenesolution,TestSectionConTwo,facial,5,,0
base\quest\testgym\meethanako.scenesolution,TestSectionConTwo,lookAt,6,,0
base\quest\testgym\meethanako.scenesolution,TestSectionConTwo,logic,8,,0
base\quest\testgym\meethanako.scenesolution,TestSectionConTwo,hanako,2,,0
base\quest\testgym\meethanako.scenesolution,TestSectionConTwo,idle,3,scnbeventsChangeWorkEvent,1
base\quest\testgym\meethanako.scenesolution,TestSectionConTwo,animation,4,,0
base\quest\testgym\meethanako.scenesolution,TestSectionConTwo,facial,5,,0
base\quest\testgym\meethanako.scenesolution,TestSectionConTwo,lookAt,6,,0
base\quest\testgym\meethanako.scenesolution,TestSectionConTwo,logic,8,,0
base\quest\testgym\meethanako.scenesolution,q115_00b_johnny_comment_04,dialog lines,1,toolsDialogLineEventDescriptor,1
base\quest\testgym\meethanako.scenesolution,q115_00b_johnny_comment_04,johnny,2,,0
base\quest\testgym\meethanako.scenesolution,q115_00b_johnny_comment_04,idle,3,toolsChangeIdleAnimDescriptor,1
base\quest\testgym\meethanako.scenesolution,q115_00b_johnny_comment_04,animation,4,,0
base\quest\testgym\meethanako.scenesolution,q115_00b_johnny_comment_04,facial,5,toolsPlaySkAnimDescriptor,1
base\quest\testgym\meethanako.scenesolution,q115_00b_johnny_comment_04,lookAt,6,toolsLookAtDescriptor,2
base\quest\testgym\meethanako.scenesolution,q115_00b_johnny_comment_04,lookAt,6,toolsLookAtDescriptor,2
base\quest\testgym\meethanako.scenesolution,q115_00b_johnny_comment_04,logic,8,scnbeventsSocketDescriptor,1
base\quest\testgym\meethanako.scenesolution,lookat_01,dialog lines,1,,0
base\quest\testgym\meethanako.scenesolution,lookat_01,johnny,2,,0
base\quest\testgym\meethanako.scenesolution,lookat_01,idle,3,,0
base\quest\testgym\meethanako.scenesolution,lookat_01,animation,4,,0
base\quest\testgym\meethanako.scenesolution,lookat_01,facial,5,,0
base\quest\testgym\meethanako.scenesolution,lookat_01,lookAt,6,toolsLookAtDescriptor,1
base\quest\testgym\meethanako.scenesolution,lookat_01,logic,8,,0
base\quest\testgym\meethanako.scenesolution,lookat_02,dialog lines,1,,0
base\quest\testgym\meethanako.scenesolution,lookat_02,johnny,2,,0
base\quest\testgym\meethanako.scenesolution,lookat_02,idle,3,,0
base\quest\testgym\meethanako.scenesolution,lookat_02,animation,4,,0
base\quest\testgym\meethanako.scenesolution,lookat_02,facial,5,,0
base\quest\testgym\meethanako.scenesolution,lookat_02,lookAt,6,toolsLookAtDescriptor,1
base\quest\testgym\meethanako.scenesolution,lookat_02,logic,8,,0
base\quest\testgym\meethanako.scenesolution,q115_00b_lookat_03,dialog lines,1,,0
base\quest\testgym\meethanako.scenesolution,q115_00b_lookat_03,johnny,2,,0
base\quest\testgym\meethanako.scenesolution,q115_00b_lookat_03,idle,3,,0
base\quest\testgym\meethanako.scenesolution,q115_00b_lookat_03,animation,4,,0
base\quest\testgym\meethanako.scenesolution,q115_00b_lookat_03,facial,5,,0
base\quest\testgym\meethanako.scenesolution,q115_00b_lookat_03,lookAt,6,toolsLookAtDescriptor,1
base\quest\testgym\meethanako.scenesolution,q115_00b_lookat_03,logic,8,,0
base\quest\testgym\meethanako.scenesolution,facial_animation_01,dialog lines,1,,0
base\quest\testgym\meethanako.scenesolution,facial_animation_01,johnny,2,,0
base\quest\testgym\meethanako.scenesolution,facial_animation_01,idle,3,,0
base\quest\testgym\meethanako.scenesolution,facial_animation_01,animation,4,,0
base\quest\testgym\meethanako.scenesolution,facial_animation_01,facial,5,toolsPlaySkAnimDescriptor,1
base\quest\testgym\meethanako.scenesolution,facial_animation_01,lookAt,6,,0
base\quest\testgym\meethanako.scenesolution,facial_animation_01,logic,8,,0
base\quest\testgym\meethanako.scenesolution,facial_animation_02,dialog lines,1,,0
base\quest\testgym\meethanako.scenesolution,facial_animation_02,johnny,2,,0
base\quest\testgym\meethanako.scenesolution,facial_animation_02,idle,3,,0
base\quest\testgym\meethanako.scenesolution,facial_animation_02,animation,4,,0
base\quest\testgym\meethanako.scenesolution,facial_animation_02,facial,5,toolsPlaySkAnimDescriptor,1
base\quest\testgym\meethanako.scenesolution,facial_animation_02,lookAt,6,,0
base\quest\testgym\meethanako.scenesolution,facial_animation_02,logic,8,,0
base\quest\testgym\meethanako.scenesolution,facial_animation_03,dialog lines,1,,0
base\quest\testgym\meethanako.scenesolution,facial_animation_03,johnny,2,,0
base\quest\testgym\meethanako.scenesolution,facial_animation_03,idle,3,,0
base\quest\testgym\meethanako.scenesolution,facial_animation_03,animation,4,,0
base\quest\testgym\meethanako.scenesolution,facial_animation_03,facial,5,toolsPlaySkAnimDescriptor,1
base\quest\testgym\meethanako.scenesolution,facial_animation_03,lookAt,6,,0
base\quest\testgym\meethanako.scenesolution,facial_animation_03,logic,8,,0
base\quest\testgym\meethanako.scenesolution,q115_00b_35,dialog lines,1,,0
base\quest\testgym\meethanako.scenesolution,q115_00b_35,johnny,2,,0
base\quest\testgym\meethanako.scenesolution,q115_00b_35,idle,3,scnbeventsChangeWorkEvent,1
base\quest\testgym\meethanako.scenesolution,q115_00b_35,animation,4,,0
base\quest\testgym\meethanako.scenesolution,q115_00b_35,facial,5,,0
base\quest\testgym\meethanako.scenesolution,q115_00b_35,lookAt,6,,0
base\quest\testgym\meethanako.scenesolution,q115_00b_35,logic,8,,0
base\quest\testgym\meethanako.scenesolution,q115_00b_kill_brother,dialog lines,1,toolsDialogLineEventDescriptor,2
base\quest\testgym\meethanako.scenesolution,q115_00b_kill_brother,dialog lines,1,toolsDialogLineEventDescriptor,2
base\quest\testgym\meethanako.scenesolution,q115_00b_kill_brother,hanako,2,,0
base\quest\testgym\meethanako.scenesolution,q115_00b_kill_brother,idle,3,,0
base\quest\testgym\meethanako.scenesolution,q115_00b_kill_brother,animation,4,,0
base\quest\testgym\meethanako.scenesolution,q115_00b_kill_brother,facial,5,toolsPlaySkAnimDescriptor,1
base\quest\testgym\meethanako.scenesolution,q115_00b_kill_brother,lookAt,6,,0
base\quest\testgym\meethanako.scenesolution,q115_00b_kill_brother,logic,8,scnbeventsSocketDescriptor,1
base\quest\testgym\meethanako.scenesolution,q115_00b_business_of_arasakas,dialog lines,1,toolsDialogLineEventDescriptor,2
base\quest\testgym\meethanako.scenesolution,q115_00b_business_of_arasakas,dialog lines,1,toolsDialogLineEventDescriptor,2
base\quest\testgym\meethanako.scenesolution,q115_00b_business_of_arasakas,hanako,2,,0
base\quest\testgym\meethanako.scenesolution,q115_00b_business_of_arasakas,idle,3,,0
base\quest\testgym\meethanako.scenesolution,q115_00b_business_of_arasakas,animation,4,,0
base\quest\testgym\meethanako.scenesolution,q115_00b_business_of_arasakas,facial,5,toolsChangeIdleAnimDescriptor,1
base\quest\testgym\meethanako.scenesolution,q115_00b_business_of_arasakas,facial (1),5,toolsPlaySkAnimDescriptor,2
base\quest\testgym\meethanako.scenesolution,q115_00b_business_of_arasakas,facial (1),5,toolsPlaySkAnimDescriptor,2
base\quest\testgym\meethanako.scenesolution,q115_00b_business_of_arasakas,lookAt,6,toolsLookAtDescriptor,1
base\quest\testgym\meethanako.scenesolution,q115_00b_business_of_arasakas,logic,8,scnbeventsSocketDescriptor,1
base\quest\testgym\meethanako.scenesolution,q115_00b_business_of_arasakas,johnny,2,,0
base\quest\testgym\meethanako.scenesolution,q115_00b_business_of_arasakas,idle,3,,0
base\quest\testgym\meethanako.scenesolution,q115_00b_business_of_arasakas,animation,4,,0
base\quest\testgym\meethanako.scenesolution,q115_00b_business_of_arasakas,facial,5,,0
base\quest\testgym\meethanako.scenesolution,q115_00b_business_of_arasakas,lookAt,6,,0
base\quest\testgym\meethanako.scenesolution,q115_00b_business_of_arasakas,logic,8,,0
base\quest\testgym\meethanako.scenesolution,q115_00b_what_hanako,dialog lines,1,toolsDialogLineEventDescriptor,4
base\quest\testgym\meethanako.scenesolution,q115_00b_what_hanako,dialog lines,1,toolsDialogLineEventDescriptor,4
base\quest\testgym\meethanako.scenesolution,q115_00b_what_hanako,dialog lines,1,toolsDialogLineEventDescriptor,4
base\quest\testgym\meethanako.scenesolution,q115_00b_what_hanako,dialog lines,1,toolsDialogLineEventDescriptor,4
base\quest\testgym\meethanako.scenesolution,q115_00b_what_hanako,hanako,2,,0
base\quest\testgym\meethanako.scenesolution,q115_00b_what_hanako,idle,3,,0
base\quest\testgym\meethanako.scenesolution,q115_00b_what_hanako,animation,4,toolsPlaySkAnimDescriptor,1
base\quest\testgym\meethanako.scenesolution,q115_00b_what_hanako,facial,5,toolsPlaySkAnimDescriptor,2
base\quest\testgym\meethanako.scenesolution,q115_00b_what_hanako,facial,5,toolsPlaySkAnimDescriptor,2
base\quest\testgym\meethanako.scenesolution,q115_00b_what_hanako,lookAt,6,toolsLookAtDescriptor,2
base\quest\testgym\meethanako.scenesolution,q115_00b_what_hanako,lookAt,6,toolsLookAtDescriptor,2
base\quest\testgym\meethanako.scenesolution,q115_00b_what_hanako,logic,8,scnbeventsSocketDescriptor,1
base\quest\testgym\meethanako.scenesolution,q115_00b_what_hanako,johnny,2,,0
base\quest\testgym\meethanako.scenesolution,q115_00b_what_hanako,idle,3,,0
base\quest\testgym\meethanako.scenesolution,q115_00b_what_hanako,animation,4,,0
base\quest\testgym\meethanako.scenesolution,q115_00b_what_hanako,facial,5,,0
base\quest\testgym\meethanako.scenesolution,q115_00b_what_hanako,lookAt,6,,0
base\quest\testgym\meethanako.scenesolution,q115_00b_what_hanako,logic,8,,0
base\quest\testgym\meethanako.scenesolution,q115_00b_v_drinking,dialog lines,1,toolsDialogLineEventDescriptor,1
base\quest\testgym\meethanako.scenesolution,q115_00b_v_drinking,Player,2,,0
base\quest\testgym\meethanako.scenesolution,q115_00b_v_drinking,idle,3,scnbeventsChangeWorkEvent,1
base\quest\testgym\meethanako.scenesolution,q115_00b_v_drinking,animation,4,,0
base\quest\testgym\meethanako.scenesolution,q115_00b_v_drinking,facial,5,,0
base\quest\testgym\meethanako.scenesolution,q115_00b_v_drinking,lookAt,6,,0
base\quest\testgym\meethanako.scenesolution,q115_00b_v_drinking,logic,8,scnbeventsAttachPropDescriptor,5
base\quest\testgym\meethanako.scenesolution,q115_00b_v_drinking,logic,8,scnbeventsSocketDescriptor,5
base\quest\testgym\meethanako.scenesolution,q115_00b_v_drinking,logic,8,scnbeventsSocketDescriptor,5
base\quest\testgym\meethanako.scenesolution,q115_00b_v_drinking,logic,8,scnbeventsSocketDescriptor,5
base\quest\testgym\meethanako.scenesolution,q115_00b_v_drinking,logic,8,scnbeventsAttachPropDescriptor,5
base\quest\testgym\meethanako.scenesolution,q115_00b_v_drinking,hanako,2,,0
base\quest\testgym\meethanako.scenesolution,q115_00b_v_drinking,idle,3,,0
base\quest\testgym\meethanako.scenesolution,q115_00b_v_drinking,animation,4,,0
base\quest\testgym\meethanako.scenesolution,q115_00b_v_drinking,facial,5,,0
base\quest\testgym\meethanako.scenesolution,q115_00b_v_drinking,lookAt,6,toolsLookAtDescriptor,2
base\quest\testgym\meethanako.scenesolution,q115_00b_v_drinking,lookAt,6,toolsLookAtDescriptor,2
base\quest\testgym\meethanako.scenesolution,q115_00b_v_drinking,logic,8,,0
base\quest\testgym\meethanako.scenesolution,q115_00b_v_drinking,VFX,15,scnbeventsVFXEventDescriptor,2
base\quest\testgym\meethanako.scenesolution,q115_00b_v_drinking,VFX,15,scnbeventsVFXEventDescriptor,2
base\quest\testgym\meethanako.scenesolution,q115_00b_hanako_conclusion,dialog lines,1,toolsDialogLineEventDescriptor,9
base\quest\testgym\meethanako.scenesolution,q115_00b_hanako_conclusion,dialog lines,1,toolsDialogLineEventDescriptor,9
base\quest\testgym\meethanako.scenesolution,q115_00b_hanako_conclusion,dialog lines,1,toolsDialogLineEventDescriptor,9
base\quest\testgym\meethanako.scenesolution,q115_00b_hanako_conclusion,dialog lines,1,toolsDialogLineEventDescriptor,9
base\quest\testgym\meethanako.scenesolution,q115_00b_hanako_conclusion,dialog lines,1,toolsDialogLineEventDescriptor,9
base\quest\testgym\meethanako.scenesolution,q115_00b_hanako_conclusion,dialog lines,1,toolsDialogLineEventDescriptor,9
base\quest\testgym\meethanako.scenesolution,q115_00b_hanako_conclusion,dialog lines,1,toolsDialogLineEventDescriptor,9
base\quest\testgym\meethanako.scenesolution,q115_00b_hanako_conclusion,dialog lines,1,toolsDialogLineEventDescriptor,9
base\quest\testgym\meethanako.scenesolution,q115_00b_hanako_conclusion,dialog lines,1,toolsDialogLineEventDescriptor,9
base\quest\testgym\meethanako.scenesolution,q115_00b_hanako_conclusion,Player,2,,0
base\quest\testgym\meethanako.scenesolution,q115_00b_hanako_conclusion,idle,3,,0
base\quest\testgym\meethanako.scenesolution,q115_00b_hanako_conclusion,animation,4,,0
base\quest\testgym\meethanako.scenesolution,q115_00b_hanako_conclusion,facial,5,,0
base\quest\testgym\meethanako.scenesolution,q115_00b_hanako_conclusion,lookAt,6,scnbeventsAttachPropDescriptor,1
base\quest\testgym\meethanako.scenesolution,q115_00b_hanako_conclusion,logic,8,,0
base\quest\testgym\meethanako.scenesolution,q115_00b_hanako_conclusion,guard_01,2,,0
base\quest\testgym\meethanako.scenesolution,q115_00b_hanako_conclusion,idle,3,scnbeventsChangeWorkEvent,1
base\quest\testgym\meethanako.scenesolution,q115_00b_hanako_conclusion,animation,4,toolsPlaySkAnimDescriptor,1
base\quest\testgym\meethanako.scenesolution,q115_00b_hanako_conclusion,facial,5,,0
base\quest\testgym\meethanako.scenesolution,q115_00b_hanako_conclusion,lookAt,6,toolsLookAtDescriptor,4
base\quest\testgym\meethanako.scenesolution,q115_00b_hanako_conclusion,lookAt,6,toolsLookAtDescriptor,4
base\quest\testgym\meethanako.scenesolution,q115_00b_hanako_conclusion,lookAt,6,toolsLookAtDescriptor,4
base\quest\testgym\meethanako.scenesolution,q115_00b_hanako_conclusion,lookAt,6,toolsLookAtDescriptor,4
base\quest\testgym\meethanako.scenesolution,q115_00b_hanako_conclusion,logic,8,,0
base\quest\testgym\meethanako.scenesolution,q115_00b_hanako_conclusion,guard_02,2,,0
base\quest\testgym\meethanako.scenesolution,q115_00b_hanako_conclusion,idle,3,scnbeventsStopWorkEvent,1
base\quest\testgym\meethanako.scenesolution,q115_00b_hanako_conclusion,animation,4,,0
base\quest\testgym\meethanako.scenesolution,q115_00b_hanako_conclusion,facial,5,,0
base\quest\testgym\meethanako.scenesolution,q115_00b_hanako_conclusion,lookAt,6,,0
base\quest\testgym\meethanako.scenesolution,q115_00b_hanako_conclusion,logic,8,,0
base\quest\testgym\meethanako.scenesolution,q115_00b_hanako_conclusion,hanako,2,,0
base\quest\testgym\meethanako.scenesolution,q115_00b_hanako_conclusion,idle,3,toolsChangeIdleAnimDescriptor,1
base\quest\testgym\meethanako.scenesolution,q115_00b_hanako_conclusion,animation,4,toolsPlaySkAnimDescriptor,1
base\quest\testgym\meethanako.scenesolution,q115_00b_hanako_conclusion,animation (1),4,toolsChangeIdleAnimDescriptor,3
base\quest\testgym\meethanako.scenesolution,q115_00b_hanako_conclusion,animation (1),4,toolsChangeIdleAnimDescriptor,3
base\quest\testgym\meethanako.scenesolution,q115_00b_hanako_conclusion,animation (1),4,toolsPlaySkAnimDescriptor,3
base\quest\testgym\meethanako.scenesolution,q115_00b_hanako_conclusion,facial,5,,0
base\quest\testgym\meethanako.scenesolution,q115_00b_hanako_conclusion,lookAt,6,toolsLookAtDescriptor,4
base\quest\testgym\meethanako.scenesolution,q115_00b_hanako_conclusion,lookAt,6,toolsLookAtDescriptor,4
base\quest\testgym\meethanako.scenesolution,q115_00b_hanako_conclusion,lookAt,6,toolsLookAtDescriptor,4
base\quest\testgym\meethanako.scenesolution,q115_00b_hanako_conclusion,lookAt,6,toolsLookAtDescriptor,4
base\quest\testgym\meethanako.scenesolution,q115_00b_hanako_conclusion,logic,8,,0
base\quest\testgym\meethanako.scenesolution,q115_00b_hanako_conclusion,johnny,2,,0
base\quest\testgym\meethanako.scenesolution,q115_00b_hanako_conclusion,idle,3,scnbeventsChangeWorkEvent,1
base\quest\testgym\meethanako.scenesolution,q115_00b_hanako_conclusion,animation,4,toolsPlaySkAnimDescriptor,3
base\quest\testgym\meethanako.scenesolution,q115_00b_hanako_conclusion,animation,4,toolsPlaySkAnimDescriptor,3
base\quest\testgym\meethanako.scenesolution,q115_00b_hanako_conclusion,animation,4,toolsPlaySkAnimDescriptor,3
base\quest\testgym\meethanako.scenesolution,q115_00b_hanako_conclusion,facial,5,,0
base\quest\testgym\meethanako.scenesolution,q115_00b_hanako_conclusion,lookAt,6,toolsLookAtDescriptor,5
base\quest\testgym\meethanako.scenesolution,q115_00b_hanako_conclusion,lookAt,6,toolsLookAtDescriptor,5
base\quest\testgym\meethanako.scenesolution,q115_00b_hanako_conclusion,lookAt,6,toolsLookAtDescriptor,5
base\quest\testgym\meethanako.scenesolution,q115_00b_hanako_conclusion,lookAt,6,toolsLookAtDescriptor,5
base\quest\testgym\meethanako.scenesolution,q115_00b_hanako_conclusion,lookAt,6,scnbeventsAttachPropDescriptor,5
base\quest\testgym\meethanako.scenesolution,q115_00b_hanako_conclusion,logic,8,scnbeventsSocketDescriptor,1
base\quest\testgym\meethanako.scenesolution,q115_00b_17,dialog lines,1,,0
base\quest\testgym\meethanako.scenesolution,q115_00b_17,guard_02,2,,0
base\quest\testgym\meethanako.scenesolution,q115_00b_17,idle,3,scnbeventsChangeWorkEvent,1
base\quest\testgym\meethanako.scenesolution,q115_00b_17,animation,4,,0
base\quest\testgym\meethanako.scenesolution,q115_00b_17,facial,5,,0
base\quest\testgym\meethanako.scenesolution,q115_00b_17,lookAt,6,,0
base\quest\testgym\meethanako.scenesolution,q115_00b_17,logic,8,,0
base\quest\testgym\meethanako.scenesolution,q115_00b_40,dialog lines,1,,0
base\quest\testgym\meethanako.scenesolution,q115_00b_40,guard_01,2,,0
base\quest\testgym\meethanako.scenesolution,q115_00b_40,idle,3,scnbeventsStopWorkEvent,1
base\quest\testgym\meethanako.scenesolution,q115_00b_40,animation,4,,0
base\quest\testgym\meethanako.scenesolution,q115_00b_40,facial,5,,0
base\quest\testgym\meethanako.scenesolution,q115_00b_40,lookAt,6,,0
base\quest\testgym\meethanako.scenesolution,q115_00b_40,logic,8,,0
base\quest\testgym\meethanako.scenesolution,q115_00b_40,guard_02,2,,0
base\quest\testgym\meethanako.scenesolution,q115_00b_40,idle,3,scnbeventsChangeWorkEvent,1
base\quest\testgym\meethanako.scenesolution,q115_00b_40,animation,4,,0
base\quest\testgym\meethanako.scenesolution,q115_00b_40,facial,5,,0
base\quest\testgym\meethanako.scenesolution,q115_00b_40,lookAt,6,,0
base\quest\testgym\meethanako.scenesolution,q115_00b_40,logic,8,,0
base\quest\testgym\meethanako.scenesolution,q115_00b_22,dialog lines,1,,0
base\quest\testgym\meethanako.scenesolution,q115_00b_22,guard_01,2,,0
base\quest\testgym\meethanako.scenesolution,q115_00b_22,idle,3,scnbeventsChangeWorkEvent,1
base\quest\testgym\meethanako.scenesolution,q115_00b_22,animation,4,,0
base\quest\testgym\meethanako.scenesolution,q115_00b_22,facial,5,,0
base\quest\testgym\meethanako.scenesolution,q115_00b_22,lookAt,6,,0
base\quest\testgym\meethanako.scenesolution,q115_00b_22,logic,8,,0
base\quest\testgym\meethanako.scenesolution,q115_00b_good_offert,dialog lines,1,toolsDialogLineEventDescriptor,3
base\quest\testgym\meethanako.scenesolution,q115_00b_good_offert,dialog lines,1,toolsDialogLineEventDescriptor,3
base\quest\testgym\meethanako.scenesolution,q115_00b_good_offert,dialog lines,1,toolsDialogLineEventDescriptor,3
base\quest\testgym\meethanako.scenesolution,q115_00b_good_offert,Player,2,,0
base\quest\testgym\meethanako.scenesolution,q115_00b_good_offert,idle,3,,0
base\quest\testgym\meethanako.scenesolution,q115_00b_good_offert,animation,4,,0
base\quest\testgym\meethanako.scenesolution,q115_00b_good_offert,facial,5,,0
base\quest\testgym\meethanako.scenesolution,q115_00b_good_offert,lookAt,6,,0
base\quest\testgym\meethanako.scenesolution,q115_00b_good_offert,logic,8,scnbeventsSocketDescriptor,2
base\quest\testgym\meethanako.scenesolution,q115_00b_good_offert,logic,8,scnbeventsSocketDescriptor,2
base\quest\testgym\meethanako.scenesolution,q115_00b_good_offert,guard_01,2,,0
base\quest\testgym\meethanako.scenesolution,q115_00b_good_offert,idle,3,scnbeventsChangeWorkEvent,1
base\quest\testgym\meethanako.scenesolution,q115_00b_good_offert,animation,4,,0
base\quest\testgym\meethanako.scenesolution,q115_00b_good_offert,facial,5,,0
base\quest\testgym\meethanako.scenesolution,q115_00b_good_offert,lookAt,6,,0
base\quest\testgym\meethanako.scenesolution,q115_00b_good_offert,logic,8,,0
base\quest\testgym\meethanako.scenesolution,q115_00b_good_offert,hanako,2,,0
base\quest\testgym\meethanako.scenesolution,q115_00b_good_offert,idle,3,,0
base\quest\testgym\meethanako.scenesolution,q115_00b_good_offert,animation,4,toolsPlaySkAnimDescriptor,1
base\quest\testgym\meethanako.scenesolution,q115_00b_good_offert,facial,5,toolsPlaySkAnimDescriptor,2
base\quest\testgym\meethanako.scenesolution,q115_00b_good_offert,facial,5,toolsPlaySkAnimDescriptor,2
base\quest\testgym\meethanako.scenesolution,q115_00b_good_offert,lookAt,6,toolsChangeIdleAnimDescriptor,2
base\quest\testgym\meethanako.scenesolution,q115_00b_good_offert,lookAt,6,toolsLookAtDescriptor,2
base\quest\testgym\meethanako.scenesolution,q115_00b_good_offert,logic,8,,0
base\quest\testgym\meethanako.scenesolution,q115_00b_good_offert,johnny,2,,0
base\quest\testgym\meethanako.scenesolution,q115_00b_good_offert,idle,3,,0
base\quest\testgym\meethanako.scenesolution,q115_00b_good_offert,animation,4,toolsPlaySkAnimDescriptor,1
base\quest\testgym\meethanako.scenesolution,q115_00b_good_offert,facial,5,,0
base\quest\testgym\meethanako.scenesolution,q115_00b_good_offert,lookAt,6,,0
base\quest\testgym\meethanako.scenesolution,q115_00b_good_offert,logic,8,scnbeventsSocketDescriptor,2
base\quest\testgym\meethanako.scenesolution,q115_00b_good_offert,logic,8,scnbeventsSocketDescriptor,2
base\quest\testgym\meethanako.scenesolution,q115_00b_rather_not_offert,dialog lines,1,toolsDialogLineEventDescriptor,4
base\quest\testgym\meethanako.scenesolution,q115_00b_rather_not_offert,dialog lines,1,toolsDialogLineEventDescriptor,4
base\quest\testgym\meethanako.scenesolution,q115_00b_rather_not_offert,dialog lines,1,toolsDialogLineEventDescriptor,4
base\quest\testgym\meethanako.scenesolution,q115_00b_rather_not_offert,dialog lines,1,toolsDialogLineEventDescriptor,4
base\quest\testgym\meethanako.scenesolution,q115_00b_rather_not_offert,Player,2,,0
base\quest\testgym\meethanako.scenesolution,q115_00b_rather_not_offert,idle,3,,0
base\quest\testgym\meethanako.scenesolution,q115_00b_rather_not_offert,animation,4,,0
base\quest\testgym\meethanako.scenesolution,q115_00b_rather_not_offert,facial,5,,0
base\quest\testgym\meethanako.scenesolution,q115_00b_rather_not_offert,lookAt,6,,0
base\quest\testgym\meethanako.scenesolution,q115_00b_rather_not_offert,logic,8,scnbeventsSocketDescriptor,2
base\quest\testgym\meethanako.scenesolution,q115_00b_rather_not_offert,logic,8,scnbeventsSocketDescriptor,2
base\quest\testgym\meethanako.scenesolution,q115_00b_rather_not_offert,guard_02,2,,0
base\quest\testgym\meethanako.scenesolution,q115_00b_rather_not_offert,idle,3,scnbeventsChangeWorkEvent,1
base\quest\testgym\meethanako.scenesolution,q115_00b_rather_not_offert,animation,4,,0
base\quest\testgym\meethanako.scenesolution,q115_00b_rather_not_offert,facial,5,,0
base\quest\testgym\meethanako.scenesolution,q115_00b_rather_not_offert,lookAt,6,,0
base\quest\testgym\meethanako.scenesolution,q115_00b_rather_not_offert,logic,8,,0
base\quest\testgym\meethanako.scenesolution,q115_00b_rather_not_offert,hanako,2,,0
base\quest\testgym\meethanako.scenesolution,q115_00b_rather_not_offert,idle,3,,0
base\quest\testgym\meethanako.scenesolution,q115_00b_rather_not_offert,animation,4,,0
base\quest\testgym\meethanako.scenesolution,q115_00b_rather_not_offert,facial,5,toolsChangeIdleAnimDescriptor,2
base\quest\testgym\meethanako.scenesolution,q115_00b_rather_not_offert,facial,5,toolsPlaySkAnimDescriptor,2
base\quest\testgym\meethanako.scenesolution,q115_00b_rather_not_offert,lookAt,6,,0
base\quest\testgym\meethanako.scenesolution,q115_00b_rather_not_offert,logic,8,scnbeventsSocketDescriptor,1
base\quest\testgym\meethanako.scenesolution,q115_00b_rather_not_offert,johnny,2,,0
base\quest\testgym\meethanako.scenesolution,q115_00b_rather_not_offert,idle,3,,0
base\quest\testgym\meethanako.scenesolution,q115_00b_rather_not_offert,animation,4,toolsPlaySkAnimDescriptor,2
base\quest\testgym\meethanako.scenesolution,q115_00b_rather_not_offert,animation,4,toolsPlaySkAnimDescriptor,2
base\quest\testgym\meethanako.scenesolution,q115_00b_rather_not_offert,facial,5,,0
base\quest\testgym\meethanako.scenesolution,q115_00b_rather_not_offert,lookAt,6,,0
base\quest\testgym\meethanako.scenesolution,q115_00b_rather_not_offert,logic,8,,0
base\quest\testgym\meethanako.scenesolution,q115_00b_nervous_johnny,dialog lines,1,toolsDialogLineEventDescriptor,5
base\quest\testgym\meethanako.scenesolution,q115_00b_nervous_johnny,dialog lines,1,toolsDialogLineEventDescriptor,5
base\quest\testgym\meethanako.scenesolution,q115_00b_nervous_johnny,dialog lines,1,toolsDialogLineEventDescriptor,5
base\quest\testgym\meethanako.scenesolution,q115_00b_nervous_johnny,dialog lines,1,toolsDialogLineEventDescriptor,5
base\quest\testgym\meethanako.scenesolution,q115_00b_nervous_johnny,dialog lines,1,toolsDialogLineEventDescriptor,5
base\quest\testgym\meethanako.scenesolution,q115_00b_nervous_johnny,hanako,2,,0
base\quest\testgym\meethanako.scenesolution,q115_00b_nervous_johnny,idle,3,,0
base\quest\testgym\meethanako.scenesolution,q115_00b_nervous_johnny,animation,4,toolsPlaySkAnimDescriptor,1
base\quest\testgym\meethanako.scenesolution,q115_00b_nervous_johnny,facial,5,toolsPlaySkAnimDescriptor,1
base\quest\testgym\meethanako.scenesolution,q115_00b_nervous_johnny,lookAt,6,toolsChangeIdleAnimDescriptor,1
base\quest\testgym\meethanako.scenesolution,q115_00b_nervous_johnny,logic,8,,0
base\quest\testgym\meethanako.scenesolution,q115_00b_nervous_johnny,johnny,2,,0
base\quest\testgym\meethanako.scenesolution,q115_00b_nervous_johnny,idle,3,scnbeventsStopWorkEvent,1
base\quest\testgym\meethanako.scenesolution,q115_00b_nervous_johnny,animation,4,scnbeventsChangeWorkEvent,1
base\quest\testgym\meethanako.scenesolution,q115_00b_nervous_johnny,facial,5,,0
base\quest\testgym\meethanako.scenesolution,q115_00b_nervous_johnny,lookAt,6,,0
base\quest\testgym\meethanako.scenesolution,q115_00b_nervous_johnny,logic,8,,0
base\quest\testgym\meethanako.scenesolution,q115_00b_nervous_johnny,Player,2,,0
base\quest\testgym\meethanako.scenesolution,q115_00b_nervous_johnny,idle,3,scnbeventsChangeWorkEvent,1
base\quest\testgym\meethanako.scenesolution,q115_00b_nervous_johnny,animation,4,,0
base\quest\testgym\meethanako.scenesolution,q115_00b_nervous_johnny,facial,5,scnbeventsVFXEventDescriptor,1
base\quest\testgym\meethanako.scenesolution,q115_00b_nervous_johnny,lookAt,6,,0
base\quest\testgym\meethanako.scenesolution,q115_00b_nervous_johnny,logic,8,scnbeventsSocketDescriptor,1
base\quest\testgym\meethanako.scenesolution,q115_00b_nervous_johnny,VFX,15,scnbeventsVFXEventDescriptor,1
base\quest\testgym\meethanako.scenesolution,q115_00b_furious_johnny,dialog lines,1,toolsDialogLineEventDescriptor,5
base\quest\testgym\meethanako.scenesolution,q115_00b_furious_johnny,dialog lines,1,toolsDialogLineEventDescriptor,5
base\quest\testgym\meethanako.scenesolution,q115_00b_furious_johnny,dialog lines,1,toolsDialogLineEventDescriptor,5
base\quest\testgym\meethanako.scenesolution,q115_00b_furious_johnny,dialog lines,1,toolsDialogLineEventDescriptor,5
base\quest\testgym\meethanako.scenesolution,q115_00b_furious_johnny,dialog lines,1,toolsDialogLineEventDescriptor,5
base\quest\testgym\meethanako.scenesolution,q115_00b_furious_johnny,Player,2,,0
base\quest\testgym\meethanako.scenesolution,q115_00b_furious_johnny,idle,3,scnbeventsChangeWorkEvent,1
base\quest\testgym\meethanako.scenesolution,q115_00b_furious_johnny,animation,4,,0
base\quest\testgym\meethanako.scenesolution,q115_00b_furious_johnny,facial,5,scnbeventsVFXEventDescriptor,1
base\quest\testgym\meethanako.scenesolution,q115_00b_furious_johnny,lookAt,6,,0
base\quest\testgym\meethanako.scenesolution,q115_00b_furious_johnny,logic,8,scnbeventsAttachPropDescriptor,2
base\quest\testgym\meethanako.scenesolution,q115_00b_furious_johnny,logic,8,scnbeventsAttachPropDescriptor,2
base\quest\testgym\meethanako.scenesolution,q115_00b_furious_johnny,guard_02,2,,0
base\quest\testgym\meethanako.scenesolution,q115_00b_furious_johnny,idle,3,scnbeventsChangeWorkEvent,1
base\quest\testgym\meethanako.scenesolution,q115_00b_furious_johnny,animation,4,,0
base\quest\testgym\meethanako.scenesolution,q115_00b_furious_johnny,facial,5,toolsChangeIdleAnimDescriptor,1
base\quest\testgym\meethanako.scenesolution,q115_00b_furious_johnny,lookAt,6,toolsLookAtDescriptor,1
base\quest\testgym\meethanako.scenesolution,q115_00b_furious_johnny,logic,8,,0
base\quest\testgym\meethanako.scenesolution,q115_00b_furious_johnny,guard_01,2,,0
base\quest\testgym\meethanako.scenesolution,q115_00b_furious_johnny,idle,3,scnbeventsChangeWorkEvent,1
base\quest\testgym\meethanako.scenesolution,q115_00b_furious_johnny,animation,4,,0
base\quest\testgym\meethanako.scenesolution,q115_00b_furious_johnny,facial,5,,0
base\quest\testgym\meethanako.scenesolution,q115_00b_furious_johnny,lookAt,6,,0
base\quest\testgym\meethanako.scenesolution,q115_00b_furious_johnny,logic,8,,0
base\quest\testgym\meethanako.scenesolution,q115_00b_furious_johnny,hanako,2,,0
base\quest\testgym\meethanako.scenesolution,q115_00b_furious_johnny,idle,3,scnbeventsChangeWorkEvent,1
base\quest\testgym\meethanako.scenesolution,q115_00b_furious_johnny,animation,4,toolsPlaySkAnimDescriptor,2
base\quest\testgym\meethanako.scenesolution,q115_00b_furious_johnny,animation,4,toolsPlaySkAnimDescriptor,2
base\quest\testgym\meethanako.scenesolution,q115_00b_furious_johnny,facial,5,,0
base\quest\testgym\meethanako.scenesolution,q115_00b_furious_johnny,lookAt,6,,0
base\quest\testgym\meethanako.scenesolution,q115_00b_furious_johnny,logic,8,scnbeventsSocketDescriptor,1
base\quest\testgym\meethanako.scenesolution,q115_00b_furious_johnny,johnny,2,,0
base\quest\testgym\meethanako.scenesolution,q115_00b_furious_johnny,idle,3,scnbeventsStopWorkEvent,2
base\quest\testgym\meethanako.scenesolution,q115_00b_furious_johnny,idle,3,scnbeventsChangeWorkEvent,2
base\quest\testgym\meethanako.scenesolution,q115_00b_furious_johnny,animation,4,,0
base\quest\testgym\meethanako.scenesolution,q115_00b_furious_johnny,facial,5,,0
base\quest\testgym\meethanako.scenesolution,q115_00b_furious_johnny,lookAt,6,toolsLookAtDescriptor,1
base\quest\testgym\meethanako.scenesolution,q115_00b_furious_johnny,logic,8,,0
base\quest\testgym\meethanako.scenesolution,q115_00b_johnny_sickness_lvl1_play,dialog lines,1,toolsDialogLineEventDescriptor,1
base\quest\testgym\meethanako.scenesolution,q115_00b_johnny_sickness_lvl1_play,Player,2,,0
base\quest\testgym\meethanako.scenesolution,q115_00b_johnny_sickness_lvl1_play,idle,3,,0
base\quest\testgym\meethanako.scenesolution,q115_00b_johnny_sickness_lvl1_play,animation,4,,0
base\quest\testgym\meethanako.scenesolution,q115_00b_johnny_sickness_lvl1_play,facial,5,,0
base\quest\testgym\meethanako.scenesolution,q115_00b_johnny_sickness_lvl1_play,lookAt,6,,0
base\quest\testgym\meethanako.scenesolution,q115_00b_johnny_sickness_lvl1_play,logic,8,scnbeventsSocketDescriptor,1
base\quest\testgym\meethanako.scenesolution,q115_00b_johnny_sickness_lvl1_break,dialog lines,1,toolsDialogLineEventDescriptor,1
base\quest\testgym\meethanako.scenesolution,q115_00b_johnny_sickness_lvl1_break,Player,2,,0
base\quest\testgym\meethanako.scenesolution,q115_00b_johnny_sickness_lvl1_break,idle,3,,0
base\quest\testgym\meethanako.scenesolution,q115_00b_johnny_sickness_lvl1_break,animation,4,,0
base\quest\testgym\meethanako.scenesolution,q115_00b_johnny_sickness_lvl1_break,facial,5,,0
base\quest\testgym\meethanako.scenesolution,q115_00b_johnny_sickness_lvl1_break,lookAt,6,,0
base\quest\testgym\meethanako.scenesolution,q115_00b_johnny_sickness_lvl1_break,logic,8,scnbeventsSocketDescriptor,1
base\quest\testgym\meethanako.scenesolution,q115_00b_johnny_sickness_lvl2_play,dialog lines,1,toolsDialogLineEventDescriptor,1
base\quest\testgym\meethanako.scenesolution,q115_00b_johnny_sickness_lvl2_play,Player,2,,0
base\quest\testgym\meethanako.scenesolution,q115_00b_johnny_sickness_lvl2_play,idle,3,,0
base\quest\testgym\meethanako.scenesolution,q115_00b_johnny_sickness_lvl2_play,animation,4,,0
base\quest\testgym\meethanako.scenesolution,q115_00b_johnny_sickness_lvl2_play,facial,5,,0
base\quest\testgym\meethanako.scenesolution,q115_00b_johnny_sickness_lvl2_play,lookAt,6,,0
base\quest\testgym\meethanako.scenesolution,q115_00b_johnny_sickness_lvl2_play,logic,8,scnbeventsSocketDescriptor,1
base\quest\testgym\meethanako.scenesolution,q115_00b_guard_02_backtopose,dialog lines,1,,0
base\quest\testgym\meethanako.scenesolution,q115_00b_guard_02_backtopose,guard_02,2,,0
base\quest\testgym\meethanako.scenesolution,q115_00b_guard_02_backtopose,idle,3,scnbeventsChangeWorkEvent,1
base\quest\testgym\meethanako.scenesolution,q115_00b_guard_02_backtopose,animation,4,,0
base\quest\testgym\meethanako.scenesolution,q115_00b_guard_02_backtopose,facial,5,toolsChangeIdleAnimDescriptor,1
base\quest\testgym\meethanako.scenesolution,q115_00b_guard_02_backtopose,lookAt,6,toolsLookAtDescriptor,2
base\quest\testgym\meethanako.scenesolution,q115_00b_guard_02_backtopose,lookAt,6,toolsLookAtDescriptor,2
base\quest\testgym\meethanako.scenesolution,q115_00b_guard_02_backtopose,logic,8,,0
base\quest\testgym\meethanako.scenesolution,q115_00b_guard_02_backtopose,guard_01,2,,0
base\quest\testgym\meethanako.scenesolution,q115_00b_guard_02_backtopose,idle,3,scnbeventsChangeWorkEvent,1
base\quest\testgym\meethanako.scenesolution,q115_00b_guard_02_backtopose,animation,4,,0
base\quest\testgym\meethanako.scenesolution,q115_00b_guard_02_backtopose,facial,5,toolsChangeIdleAnimDescriptor,1
base\quest\testgym\meethanako.scenesolution,q115_00b_guard_02_backtopose,lookAt,6,,0
base\quest\testgym\meethanako.scenesolution,q115_00b_guard_02_backtopose,logic,8,,0
base\quest\testgym\meethanako.scenesolution,q115_00b_v_is_fine,dialog lines,1,toolsDialogLineEventDescriptor,3
base\quest\testgym\meethanako.scenesolution,q115_00b_v_is_fine,dialog lines,1,toolsDialogLineEventDescriptor,3
base\quest\testgym\meethanako.scenesolution,q115_00b_v_is_fine,dialog lines,1,toolsDialogLineEventDescriptor,3
base\quest\testgym\meethanako.scenesolution,q115_00b_v_is_fine,Player,2,,0
base\quest\testgym\meethanako.scenesolution,q115_00b_v_is_fine,idle,3,scnbeventsChangeWorkEvent,1
base\quest\testgym\meethanako.scenesolution,q115_00b_v_is_fine,animation,4,scnbeventsVFXEventDescriptor,1
base\quest\testgym\meethanako.scenesolution,q115_00b_v_is_fine,facial,5,,0
base\quest\testgym\meethanako.scenesolution,q115_00b_v_is_fine,lookAt,6,,0
base\quest\testgym\meethanako.scenesolution,q115_00b_v_is_fine,logic,8,scnbeventsSocketDescriptor,1
base\quest\testgym\meethanako.scenesolution,q115_00b_v_is_fine,hanako,2,,0
base\quest\testgym\meethanako.scenesolution,q115_00b_v_is_fine,idle,3,,0
base\quest\testgym\meethanako.scenesolution,q115_00b_v_is_fine,animation,4,toolsPlaySkAnimDescriptor,1
base\quest\testgym\meethanako.scenesolution,q115_00b_v_is_fine,facial,5,toolsChangeIdleAnimDescriptor,1
base\quest\testgym\meethanako.scenesolution,q115_00b_v_is_fine,lookAt,6,toolsLookAtDescriptor,2
base\quest\testgym\meethanako.scenesolution,q115_00b_v_is_fine,lookAt,6,toolsLookAtDescriptor,2
base\quest\testgym\meethanako.scenesolution,q115_00b_v_is_fine,logic,8,,0
base\quest\testgym\meethanako.scenesolution,q115_00b_v_is_fine,VFX,15,scnbeventsVFXEventDescriptor,1
base\quest\testgym\meethanako.scenesolution,q115_00b_v_is_not_good,dialog lines,1,toolsDialogLineEventDescriptor,3
base\quest\testgym\meethanako.scenesolution,q115_00b_v_is_not_good,dialog lines,1,toolsDialogLineEventDescriptor,3
base\quest\testgym\meethanako.scenesolution,q115_00b_v_is_not_good,dialog lines,1,toolsDialogLineEventDescriptor,3
base\quest\testgym\meethanako.scenesolution,q115_00b_v_is_not_good,Player,2,,0
base\quest\testgym\meethanako.scenesolution,q115_00b_v_is_not_good,idle,3,scnbeventsChangeWorkEvent,2
base\quest\testgym\meethanako.scenesolution,q115_00b_v_is_not_good,idle,3,toolsAddIdleEventDescriptor,2
base\quest\testgym\meethanako.scenesolution,q115_00b_v_is_not_good,animation,4,scnbeventsVFXEventDescriptor,1
base\quest\testgym\meethanako.scenesolution,q115_00b_v_is_not_good,facial,5,,0
base\quest\testgym\meethanako.scenesolution,q115_00b_v_is_not_good,lookAt,6,,0
base\quest\testgym\meethanako.scenesolution,q115_00b_v_is_not_good,logic,8,scnbeventsSocketDescriptor,1
base\quest\testgym\meethanako.scenesolution,q115_00b_v_is_not_good,hanako,2,,0
base\quest\testgym\meethanako.scenesolution,q115_00b_v_is_not_good,idle,3,,0
base\quest\testgym\meethanako.scenesolution,q115_00b_v_is_not_good,animation,4,toolsPlaySkAnimDescriptor,1
base\quest\testgym\meethanako.scenesolution,q115_00b_v_is_not_good,facial,5,toolsChangeIdleAnimDescriptor,1
base\quest\testgym\meethanako.scenesolution,q115_00b_v_is_not_good,lookAt,6,toolsLookAtDescriptor,2
base\quest\testgym\meethanako.scenesolution,q115_00b_v_is_not_good,lookAt,6,toolsLookAtDescriptor,2
base\quest\testgym\meethanako.scenesolution,q115_00b_v_is_not_good,logic,8,,0
base\quest\testgym\meethanako.scenesolution,q115_00b_v_is_not_good,VFX,15,scnbeventsVFXEventDescriptor,1
base\quest\testgym\meethanako.scenesolution,q115_00b_angry_johnny,dialog lines,1,toolsDialogLineEventDescriptor,5
base\quest\testgym\meethanako.scenesolution,q115_00b_angry_johnny,dialog lines,1,toolsDialogLineEventDescriptor,5
base\quest\testgym\meethanako.scenesolution,q115_00b_angry_johnny,dialog lines,1,toolsDialogLineEventDescriptor,5
base\quest\testgym\meethanako.scenesolution,q115_00b_angry_johnny,dialog lines,1,toolsDialogLineEventDescriptor,5
base\quest\testgym\meethanako.scenesolution,q115_00b_angry_johnny,dialog lines,1,toolsDialogLineEventDescriptor,5
base\quest\testgym\meethanako.scenesolution,q115_00b_angry_johnny,hanako,2,,0
base\quest\testgym\meethanako.scenesolution,q115_00b_angry_johnny,idle,3,,0
base\quest\testgym\meethanako.scenesolution,q115_00b_angry_johnny,animation,4,toolsPlaySkAnimDescriptor,1
base\quest\testgym\meethanako.scenesolution,q115_00b_angry_johnny,facial,5,toolsPlaySkAnimDescriptor,1
base\quest\testgym\meethanako.scenesolution,q115_00b_angry_johnny,lookAt,6,toolsChangeIdleAnimDescriptor,1
base\quest\testgym\meethanako.scenesolution,q115_00b_angry_johnny,logic,8,,0
base\quest\testgym\meethanako.scenesolution,q115_00b_angry_johnny,johnny,2,,0
base\quest\testgym\meethanako.scenesolution,q115_00b_angry_johnny,idle,3,scnbeventsStopWorkEvent,1
base\quest\testgym\meethanako.scenesolution,q115_00b_angry_johnny,animation,4,,0
base\quest\testgym\meethanako.scenesolution,q115_00b_angry_johnny,facial,5,,0
base\quest\testgym\meethanako.scenesolution,q115_00b_angry_johnny,lookAt,6,,0
base\quest\testgym\meethanako.scenesolution,q115_00b_angry_johnny,logic,8,,0
base\quest\testgym\meethanako.scenesolution,q115_00b_angry_johnny,Player,2,,0
base\quest\testgym\meethanako.scenesolution,q115_00b_angry_johnny,idle,3,scnbeventsChangeWorkEvent,1
base\quest\testgym\meethanako.scenesolution,q115_00b_angry_johnny,animation,4,scnbeventsVFXEventDescriptor,2
base\quest\testgym\meethanako.scenesolution,q115_00b_angry_johnny,animation,4,scnbeventsCameraClipDescriptor,2
base\quest\testgym\meethanako.scenesolution,q115_00b_angry_johnny,facial,5,,0
base\quest\testgym\meethanako.scenesolution,q115_00b_angry_johnny,lookAt,6,,0
base\quest\testgym\meethanako.scenesolution,q115_00b_angry_johnny,logic,8,,0
base\quest\testgym\meethanako.scenesolution,q115_00b_angry_johnny,VFX,15,scnbeventsVFXEventDescriptor,1
base\quest\testgym\meethanako.scenesolution,q115_00b_hanako_power_fluff,dialog lines,1,toolsDialogLineEventDescriptor,6
base\quest\testgym\meethanako.scenesolution,q115_00b_hanako_power_fluff,dialog lines,1,toolsDialogLineEventDescriptor,6
base\quest\testgym\meethanako.scenesolution,q115_00b_hanako_power_fluff,dialog lines,1,toolsDialogLineEventDescriptor,6
base\quest\testgym\meethanako.scenesolution,q115_00b_hanako_power_fluff,dialog lines,1,toolsDialogLineEventDescriptor,6
base\quest\testgym\meethanako.scenesolution,q115_00b_hanako_power_fluff,dialog lines,1,toolsDialogLineEventDescriptor,6
base\quest\testgym\meethanako.scenesolution,q115_00b_hanako_power_fluff,dialog lines,1,toolsDialogLineEventDescriptor,6
base\quest\testgym\meethanako.scenesolution,q115_00b_hanako_power_fluff,hanako,2,,0
base\quest\testgym\meethanako.scenesolution,q115_00b_hanako_power_fluff,idle,3,,0
base\quest\testgym\meethanako.scenesolution,q115_00b_hanako_power_fluff,animation,4,toolsPlaySkAnimDescriptor,2
base\quest\testgym\meethanako.scenesolution,q115_00b_hanako_power_fluff,animation,4,toolsPlaySkAnimDescriptor,2
base\quest\testgym\meethanako.scenesolution,q115_00b_hanako_power_fluff,facial,5,toolsPlaySkAnimDescriptor,4
base\quest\testgym\meethanako.scenesolution,q115_00b_hanako_power_fluff,facial,5,toolsPlaySkAnimDescriptor,4
base\quest\testgym\meethanako.scenesolution,q115_00b_hanako_power_fluff,facial,5,toolsPlaySkAnimDescriptor,4
base\quest\testgym\meethanako.scenesolution,q115_00b_hanako_power_fluff,facial,5,toolsPlaySkAnimDescriptor,4
base\quest\testgym\meethanako.scenesolution,q115_00b_hanako_power_fluff,facial (1),5,toolsChangeIdleAnimDescriptor,2
base\quest\testgym\meethanako.scenesolution,q115_00b_hanako_power_fluff,facial (1),5,toolsChangeIdleAnimDescriptor,2
base\quest\testgym\meethanako.scenesolution,q115_00b_hanako_power_fluff,lookAt,6,toolsLookAtDescriptor,4
base\quest\testgym\meethanako.scenesolution,q115_00b_hanako_power_fluff,lookAt,6,toolsLookAtDescriptor,4
base\quest\testgym\meethanako.scenesolution,q115_00b_hanako_power_fluff,lookAt,6,toolsLookAtDescriptor,4
base\quest\testgym\meethanako.scenesolution,q115_00b_hanako_power_fluff,lookAt,6,toolsLookAtDescriptor,4
base\quest\testgym\meethanako.scenesolution,q115_00b_hanako_power_fluff,logic,8,scnbeventsAttachPropDescriptor,2
base\quest\testgym\meethanako.scenesolution,q115_00b_hanako_power_fluff,logic,8,scnbeventsAttachPropDescriptor,2
base\quest\testgym\meethanako.scenesolution,q115_00b_hanako_power_fluff,johnny,2,,0
base\quest\testgym\meethanako.scenesolution,q115_00b_hanako_power_fluff,idle,3,scnbeventsChangeWorkEvent,1
base\quest\testgym\meethanako.scenesolution,q115_00b_hanako_power_fluff,animation,4,,0
base\quest\testgym\meethanako.scenesolution,q115_00b_hanako_power_fluff,facial,5,,0
base\quest\testgym\meethanako.scenesolution,q115_00b_hanako_power_fluff,lookAt,6,,0
base\quest\testgym\meethanako.scenesolution,q115_00b_hanako_power_fluff,logic,8,,0
base\quest\testgym\meethanako.scenesolution,q115_00b_hanako_power_fluff,VFX,15,scnbeventsVFXEventDescriptor,3
base\quest\testgym\meethanako.scenesolution,q115_00b_hanako_power_fluff,VFX,15,scnbeventsVFXEventDescriptor,3
base\quest\testgym\meethanako.scenesolution,q115_00b_hanako_power_fluff,VFX,15,scnbeventsVFXEventDescriptor,3
base\quest\testgym\meethanako.scenesolution,q115_00b_v_getting_out,dialog lines,1,toolsDialogLineEventDescriptor,2
base\quest\testgym\meethanako.scenesolution,q115_00b_v_getting_out,dialog lines,1,toolsDialogLineEventDescriptor,2
base\quest\testgym\meethanako.scenesolution,q115_00b_v_getting_out,hanako,2,,0
base\quest\testgym\meethanako.scenesolution,q115_00b_v_getting_out,idle,3,toolsPlaySkAnimDescriptor,1
base\quest\testgym\meethanako.scenesolution,q115_00b_v_getting_out,animation,4,,0
base\quest\testgym\meethanako.scenesolution,q115_00b_v_getting_out,facial,5,toolsChangeIdleAnimDescriptor,1
base\quest\testgym\meethanako.scenesolution,q115_00b_v_getting_out,lookAt,6,,0
base\quest\testgym\meethanako.scenesolution,q115_00b_v_getting_out,logic,8,,0
base\quest\testgym\meethanako.scenesolution,q115_00b_v_getting_out,johnny,2,,0
base\quest\testgym\meethanako.scenesolution,q115_00b_v_getting_out,idle,3,,0
base\quest\testgym\meethanako.scenesolution,q115_00b_v_getting_out,animation,4,,0
base\quest\testgym\meethanako.scenesolution,q115_00b_v_getting_out,facial,5,,0
base\quest\testgym\meethanako.scenesolution,q115_00b_v_getting_out,lookAt,6,,0
base\quest\testgym\meethanako.scenesolution,q115_00b_v_getting_out,logic,8,scnbeventsSocketDescriptor,1
base\quest\testgym\meethanako.scenesolution,q115_00b_18,dialog lines,1,,0
base\quest\testgym\meethanako.scenesolution,q115_00b_18,guard_02,2,,0
base\quest\testgym\meethanako.scenesolution,q115_00b_18,idle,3,scnbeventsStopWorkEvent,1
base\quest\testgym\meethanako.scenesolution,q115_00b_18,animation,4,,0
base\quest\testgym\meethanako.scenesolution,q115_00b_18,facial,5,,0
base\quest\testgym\meethanako.scenesolution,q115_00b_18,lookAt,6,,0
base\quest\testgym\meethanako.scenesolution,q115_00b_18,logic,8,,0
base\quest\testgym\meethanako.scenesolution,q115_00b_v_getting_from_the_bar,dialog lines,1,toolsDialogLineEventDescriptor,1
base\quest\testgym\meethanako.scenesolution,q115_00b_v_getting_from_the_bar,hanako,2,,0
base\quest\testgym\meethanako.scenesolution,q115_00b_v_getting_from_the_bar,idle,3,,0
base\quest\testgym\meethanako.scenesolution,q115_00b_v_getting_from_the_bar,animation,4,,0
base\quest\testgym\meethanako.scenesolution,q115_00b_v_getting_from_the_bar,facial,5,,0
base\quest\testgym\meethanako.scenesolution,q115_00b_v_getting_from_the_bar,lookAt,6,,0
base\quest\testgym\meethanako.scenesolution,q115_00b_v_getting_from_the_bar,logic,8,,0
base\quest\testgym\meethanako.scenesolution,q115_00b_v_getting_from_the_bar,VFX,15,scnbeventsVFXEventDescriptor,1
base\quest\testgym\meethanako.scenesolution,q115_00b_v_getting_from_the_bar_2,dialog lines,1,toolsDialogLineEventDescriptor,1
base\quest\testgym\meethanako.scenesolution,q115_00b_v_getting_from_the_bar_2,Player,2,,0
base\quest\testgym\meethanako.scenesolution,q115_00b_v_getting_from_the_bar_2,idle,3,,0
base\quest\testgym\meethanako.scenesolution,q115_00b_v_getting_from_the_bar_2,animation,4,,0
base\quest\testgym\meethanako.scenesolution,q115_00b_v_getting_from_the_bar_2,facial,5,,0
base\quest\testgym\meethanako.scenesolution,q115_00b_v_getting_from_the_bar_2,lookAt,6,,0
base\quest\testgym\meethanako.scenesolution,q115_00b_v_getting_from_the_bar_2,logic,8,,0
base\quest\testgym\meethanako.scenesolution,q115_00b_v_getting_from_the_bar_2,hanako,2,,0
base\quest\testgym\meethanako.scenesolution,q115_00b_v_getting_from_the_bar_2,idle,3,,0
base\quest\testgym\meethanako.scenesolution,q115_00b_v_getting_from_the_bar_2,animation,4,,0
base\quest\testgym\meethanako.scenesolution,q115_00b_v_getting_from_the_bar_2,facial,5,,0
base\quest\testgym\meethanako.scenesolution,q115_00b_v_getting_from_the_bar_2,lookAt,6,,0
base\quest\testgym\meethanako.scenesolution,q115_00b_v_getting_from_the_bar_2,logic,8,,0
base\quest\testgym\meethanako.scenesolution,q115_00b_v_getting_from_the_bar_2,VFX,15,scnbeventsVFXEventDescriptor,1
base\quest\testgym\meethanako.scenesolution,q115_00b_19,dialog lines,1,,0
base\quest\testgym\meethanako.scenesolution,q115_00b_19,guard_02,2,,0
base\quest\testgym\meethanako.scenesolution,q115_00b_19,idle,3,scnbeventsChangeWorkEvent,1
base\quest\testgym\meethanako.scenesolution,q115_00b_19,animation,4,,0
base\quest\testgym\meethanako.scenesolution,q115_00b_19,facial,5,,0
base\quest\testgym\meethanako.scenesolution,q115_00b_19,lookAt,6,toolsLookAtDescriptor,1
base\quest\testgym\meethanako.scenesolution,q115_00b_19,logic,8,,0
base\quest\testgym\meethanako.scenesolution,q115_00b_28,dialog lines,1,,0
base\quest\testgym\meethanako.scenesolution,q115_00b_28,Player,2,,0
base\quest\testgym\meethanako.scenesolution,q115_00b_28,idle,3,,0
base\quest\testgym\meethanako.scenesolution,q115_00b_28,animation,4,,0
base\quest\testgym\meethanako.scenesolution,q115_00b_28,facial,5,,0
base\quest\testgym\meethanako.scenesolution,q115_00b_28,lookAt,6,scnbeventsCameraClipDescriptor,1
base\quest\testgym\meethanako.scenesolution,q115_00b_28,logic,8,,0
base\quest\testgym\meethanako.scenesolution,q115_00b_28_01,dialog lines,1,,0
base\quest\testgym\meethanako.scenesolution,q115_00b_28_01,Player,2,,0
base\quest\testgym\meethanako.scenesolution,q115_00b_28_01,idle,3,,0
base\quest\testgym\meethanako.scenesolution,q115_00b_28_01,animation,4,scnbeventsCameraClipDescriptor,1
base\quest\testgym\meethanako.scenesolution,q115_00b_28_01,facial,5,,0
base\quest\testgym\meethanako.scenesolution,q115_00b_28_01,lookAt,6,,0
base\quest\testgym\meethanako.scenesolution,q115_00b_28_01,logic,8,,0
base\quest\testgym\meethanako.scenesolution,q115_00b_27,dialog lines,1,,0
base\quest\testgym\meethanako.scenesolution,q115_00b_27,Player,2,,0
base\quest\testgym\meethanako.scenesolution,q115_00b_27,idle,3,scnbeventsChangeWorkEvent,1
base\quest\testgym\meethanako.scenesolution,q115_00b_27,animation,4,,0
base\quest\testgym\meethanako.scenesolution,q115_00b_27,facial,5,,0
base\quest\testgym\meethanako.scenesolution,q115_00b_27,lookAt,6,,0
base\quest\testgym\meethanako.scenesolution,q115_00b_27,logic,8,,0
base\quest\testgym\meethanako.scenesolution,q115_00b_27,VFX,15,scnbeventsVFXEventDescriptor,1
base\quest\testgym\meethanako.scenesolution,q115_00b_v_getting_from_the_bar_animation,dialog lines,1,,0
base\quest\testgym\meethanako.scenesolution,q115_00b_v_getting_from_the_bar_animation,Player,2,,0
base\quest\testgym\meethanako.scenesolution,q115_00b_v_getting_from_the_bar_animation,idle,3,toolsPlaySkAnimDescriptor,2
base\quest\testgym\meethanako.scenesolution,q115_00b_v_getting_from_the_bar_animation,idle,3,scnbeventsStopWorkEvent,2
base\quest\testgym\meethanako.scenesolution,q115_00b_v_getting_from_the_bar_animation,animation,4,,0
base\quest\testgym\meethanako.scenesolution,q115_00b_v_getting_from_the_bar_animation,facial,5,,0
base\quest\testgym\meethanako.scenesolution,q115_00b_v_getting_from_the_bar_animation,lookAt,6,scnbeventsCameraClipDescriptor,2
base\quest\testgym\meethanako.scenesolution,q115_00b_v_getting_from_the_bar_animation,lookAt,6,scnbeventsCameraClipDescriptor,2
base\quest\testgym\meethanako.scenesolution,q115_00b_v_getting_from_the_bar_animation,logic,8,scnbeventsSocketDescriptor,4
base\quest\testgym\meethanako.scenesolution,q115_00b_v_getting_from_the_bar_animation,logic,8,scnbeventsSocketDescriptor,4
base\quest\testgym\meethanako.scenesolution,q115_00b_v_getting_from_the_bar_animation,logic,8,scnbeventsSocketDescriptor,4
base\quest\testgym\meethanako.scenesolution,q115_00b_v_getting_from_the_bar_animation,logic,8,scnbeventsSocketDescriptor,4
base\quest\testgym\meethanako.scenesolution,q115_00b_v_getting_from_the_bar_animation,hanako,2,,0
base\quest\testgym\meethanako.scenesolution,q115_00b_v_getting_from_the_bar_animation,idle,3,,0
base\quest\testgym\meethanako.scenesolution,q115_00b_v_getting_from_the_bar_animation,animation,4,,0
base\quest\testgym\meethanako.scenesolution,q115_00b_v_getting_from_the_bar_animation,facial,5,toolsChangeIdleAnimDescriptor,1
base\quest\testgym\meethanako.scenesolution,q115_00b_v_getting_from_the_bar_animation,lookAt,6,,0
base\quest\testgym\meethanako.scenesolution,q115_00b_v_getting_from_the_bar_animation,logic,8,,0
base\quest\testgym\meethanako.scenesolution,q115_00b_leave_restaurant,dialog lines,1,toolsDialogLineEventDescriptor,1
base\quest\testgym\meethanako.scenesolution,q115_00b_leave_restaurant,Player,2,,0
base\quest\testgym\meethanako.scenesolution,q115_00b_leave_restaurant,idle,3,,0
base\quest\testgym\meethanako.scenesolution,q115_00b_leave_restaurant,animation,4,,0
base\quest\testgym\meethanako.scenesolution,q115_00b_leave_restaurant,facial,5,,0
base\quest\testgym\meethanako.scenesolution,q115_00b_leave_restaurant,lookAt,6,,0
base\quest\testgym\meethanako.scenesolution,q115_00b_leave_restaurant,logic,8,,0
base\quest\testgym\meethanako.scenesolution,q115_00b_leave_restaurant,johnny,2,,0
base\quest\testgym\meethanako.scenesolution,q115_00b_leave_restaurant,idle,3,,0
base\quest\testgym\meethanako.scenesolution,q115_00b_leave_restaurant,animation,4,,0
base\quest\testgym\meethanako.scenesolution,q115_00b_leave_restaurant,facial,5,,0
base\quest\testgym\meethanako.scenesolution,q115_00b_leave_restaurant,lookAt,6,,0
base\quest\testgym\meethanako.scenesolution,q115_00b_leave_restaurant,logic,8,scnbeventsSocketDescriptor,1
base\quest\testgym\meethanako.scenesolution,q115_00b_inside_fluff,dialog lines,1,toolsDialogLineEventDescriptor,5
base\quest\testgym\meethanako.scenesolution,q115_00b_inside_fluff,dialog lines,1,toolsDialogLineEventDescriptor,5
base\quest\testgym\meethanako.scenesolution,q115_00b_inside_fluff,dialog lines,1,toolsDialogLineEventDescriptor,5
base\quest\testgym\meethanako.scenesolution,q115_00b_inside_fluff,dialog lines,1,toolsDialogLineEventDescriptor,5
base\quest\testgym\meethanako.scenesolution,q115_00b_inside_fluff,dialog lines,1,toolsDialogLineEventDescriptor,5
base\quest\testgym\meethanako.scenesolution,q115_00b_inside_fluff,hanako,2,,0
base\quest\testgym\meethanako.scenesolution,q115_00b_inside_fluff,idle,3,,0
base\quest\testgym\meethanako.scenesolution,q115_00b_inside_fluff,animation,4,toolsPlaySkAnimDescriptor,1
base\quest\testgym\meethanako.scenesolution,q115_00b_inside_fluff,facial,5,toolsPlaySkAnimDescriptor,1
base\quest\testgym\meethanako.scenesolution,q115_00b_inside_fluff,facial (1),5,toolsChangeIdleAnimDescriptor,2
base\quest\testgym\meethanako.scenesolution,q115_00b_inside_fluff,facial (1),5,toolsChangeIdleAnimDescriptor,2
base\quest\testgym\meethanako.scenesolution,q115_00b_inside_fluff,lookAt,6,toolsLookAtDescriptor,1
base\quest\testgym\meethanako.scenesolution,q115_00b_inside_fluff,logic,8,,0
base\quest\testgym\meethanako.scenesolution,q115_00b_johnny_walking_into_frame_02,dialog lines,1,,0
base\quest\testgym\meethanako.scenesolution,q115_00b_johnny_walking_into_frame_02,johnny,2,,0
base\quest\testgym\meethanako.scenesolution,q115_00b_johnny_walking_into_frame_02,idle,3,scnbeventsChangeWorkEvent,1
base\quest\testgym\meethanako.scenesolution,q115_00b_johnny_walking_into_frame_02,animation,4,,0
base\quest\testgym\meethanako.scenesolution,q115_00b_johnny_walking_into_frame_02,facial,5,,0
base\quest\testgym\meethanako.scenesolution,q115_00b_johnny_walking_into_frame_02,lookAt,6,toolsLookAtDescriptor,1
base\quest\testgym\meethanako.scenesolution,q115_00b_johnny_walking_into_frame_02,logic,8,scnbeventsAttachPropDescriptor,1
base\quest\testgym\meethanako.scenesolution,q115_00b_09,dialog lines,1,,0
base\quest\testgym\meethanako.scenesolution,q115_00b_09,johnny,2,,0
base\quest\testgym\meethanako.scenesolution,q115_00b_09,idle,3,scnbeventsChangeWorkEvent,1
base\quest\testgym\meethanako.scenesolution,q115_00b_09,animation,4,,0
base\quest\testgym\meethanako.scenesolution,q115_00b_09,facial,5,,0
base\quest\testgym\meethanako.scenesolution,q115_00b_09,lookAt,6,,0
base\quest\testgym\meethanako.scenesolution,q115_00b_09,logic,8,,0
base\quest\testgym\meethanako.scenesolution,q115_00b_as_hanako_wish,dialog lines,1,toolsDialogLineEventDescriptor,1
base\quest\testgym\meethanako.scenesolution,q115_00b_v_doesnt_get_it,dialog lines,1,toolsDialogLineEventDescriptor,1
base\quest\testgym\meethanako.scenesolution,q115_00b_v_doesnt_get_it,hanako,2,,0
base\quest\testgym\meethanako.scenesolution,q115_00b_v_doesnt_get_it,idle,3,,0
base\quest\testgym\meethanako.scenesolution,q115_00b_v_doesnt_get_it,animation,4,toolsPlaySkAnimDescriptor,1
base\quest\testgym\meethanako.scenesolution,q115_00b_v_doesnt_get_it,facial,5,toolsChangeIdleAnimDescriptor,1
base\quest\testgym\meethanako.scenesolution,q115_00b_v_doesnt_get_it,lookAt,6,,0
base\quest\testgym\meethanako.scenesolution,q115_00b_v_doesnt_get_it,logic,8,,0
base\quest\testgym\meethanako.scenesolution,q115_00b_blue_about_hanako,dialog lines,1,toolsDialogLineEventDescriptor,4
base\quest\testgym\meethanako.scenesolution,q115_00b_blue_about_hanako,dialog lines,1,toolsDialogLineEventDescriptor,4
base\quest\testgym\meethanako.scenesolution,q115_00b_blue_about_hanako,dialog lines,1,toolsDialogLineEventDescriptor,4
base\quest\testgym\meethanako.scenesolution,q115_00b_blue_about_hanako,dialog lines,1,toolsDialogLineEventDescriptor,4
base\quest\testgym\meethanako.scenesolution,q115_00b_blue_about_hanako,hanako,2,,0
base\quest\testgym\meethanako.scenesolution,q115_00b_blue_about_hanako,idle,3,toolsPlaySkAnimDescriptor,1
base\quest\testgym\meethanako.scenesolution,q115_00b_blue_about_hanako,animation,4,toolsPlaySkAnimDescriptor,1
base\quest\testgym\meethanako.scenesolution,q115_00b_blue_about_hanako,facial,5,toolsPlaySkAnimDescriptor,2
base\quest\testgym\meethanako.scenesolution,q115_00b_blue_about_hanako,facial,5,toolsPlaySkAnimDescriptor,2
base\quest\testgym\meethanako.scenesolution,q115_00b_blue_about_hanako,lookAt,6,toolsLookAtDescriptor,1
base\quest\testgym\meethanako.scenesolution,q115_00b_blue_about_hanako,logic,8,scnbeventsSocketDescriptor,1
base\quest\testgym\meethanako.scenesolution,q115_00b_blue_about_hanako,VFX,15,scnbeventsVFXEventDescriptor,3
base\quest\testgym\meethanako.scenesolution,q115_00b_blue_about_hanako,VFX,15,scnbeventsVFXEventDescriptor,3
base\quest\testgym\meethanako.scenesolution,q115_00b_blue_about_hanako,VFX,15,scnbeventsVFXEventDescriptor,3
base\quest\testgym\meethanako.scenesolution,q115_00b_blue_about_hanako,johnny,2,,0
base\quest\testgym\meethanako.scenesolution,q115_00b_blue_about_hanako,idle,3,,0
base\quest\testgym\meethanako.scenesolution,q115_00b_blue_about_hanako,animation,4,,0
base\quest\testgym\meethanako.scenesolution,q115_00b_blue_about_hanako,facial,5,,0
base\quest\testgym\meethanako.scenesolution,q115_00b_blue_about_hanako,lookAt,6,,0
base\quest\testgym\meethanako.scenesolution,q115_00b_blue_about_hanako,logic,8,scnbeventsSocketDescriptor,2
base\quest\testgym\meethanako.scenesolution,q115_00b_blue_about_hanako,logic,8,scnbeventsSocketDescriptor,2
base\quest\testgym\meethanako.scenesolution,q115_00b_power_conclusion,dialog lines,1,toolsDialogLineEventDescriptor,1
base\quest\testgym\meethanako.scenesolution,q115_00b_power_conclusion,hanako,2,,0
base\quest\testgym\meethanako.scenesolution,q115_00b_power_conclusion,idle,3,,0
base\quest\testgym\meethanako.scenesolution,q115_00b_power_conclusion,animation,4,,0
base\quest\testgym\meethanako.scenesolution,q115_00b_power_conclusion,facial,5,toolsChangeIdleAnimDescriptor,1
base\quest\testgym\meethanako.scenesolution,q115_00b_power_conclusion,lookAt,6,,0
base\quest\testgym\meethanako.scenesolution,q115_00b_power_conclusion,logic,8,scnbeventsSocketDescriptor,1
base\quest\testgym\meethanako.scenesolution,q115_00b_power_conclusion,johnny,2,,0
base\quest\testgym\meethanako.scenesolution,q115_00b_power_conclusion,idle,3,scnbeventsChangeWorkEvent,1
base\quest\testgym\meethanako.scenesolution,q115_00b_power_conclusion,animation,4,,0
base\quest\testgym\meethanako.scenesolution,q115_00b_power_conclusion,facial,5,,0
base\quest\testgym\meethanako.scenesolution,q115_00b_power_conclusion,lookAt,6,,0
base\quest\testgym\meethanako.scenesolution,q115_00b_power_conclusion,logic,8,,0
base\quest\testgym\meethanako.scenesolution,q115_00b_eye_glow,dialog lines,1,,0
base\quest\testgym\meethanako.scenesolution,q115_00b_eye_glow,Player,2,,0
base\quest\testgym\meethanako.scenesolution,q115_00b_eye_glow,idle,3,,0
base\quest\testgym\meethanako.scenesolution,q115_00b_eye_glow,animation,4,,0
base\quest\testgym\meethanako.scenesolution,q115_00b_eye_glow,facial,5,,0
base\quest\testgym\meethanako.scenesolution,q115_00b_eye_glow,lookAt,6,,0
base\quest\testgym\meethanako.scenesolution,q115_00b_eye_glow,logic,8,,0
base\quest\testgym\meethanako.scenesolution,q115_00b_eye_glow,guard_01,2,,0
base\quest\testgym\meethanako.scenesolution,q115_00b_eye_glow,idle,3,,0
base\quest\testgym\meethanako.scenesolution,q115_00b_eye_glow,animation,4,,0
base\quest\testgym\meethanako.scenesolution,q115_00b_eye_glow,facial,5,,0
base\quest\testgym\meethanako.scenesolution,q115_00b_eye_glow,lookAt,6,,0
base\quest\testgym\meethanako.scenesolution,q115_00b_eye_glow,logic,8,,0
base\quest\testgym\meethanako.scenesolution,q115_00b_guard_01_ending_scenespot,dialog lines,1,,0
base\quest\testgym\meethanako.scenesolution,q115_00b_guard_01_ending_scenespot,guard_01,2,,0
base\quest\testgym\meethanako.scenesolution,q115_00b_guard_01_ending_scenespot,idle,3,scnbeventsChangeWorkEvent,2
base\quest\testgym\meethanako.scenesolution,q115_00b_guard_01_ending_scenespot,idle,3,scnbeventsChangeWorkEvent,2
base\quest\testgym\meethanako.scenesolution,q115_00b_guard_01_ending_scenespot,animation,4,,0
base\quest\testgym\meethanako.scenesolution,q115_00b_guard_01_ending_scenespot,facial,5,,0
base\quest\testgym\meethanako.scenesolution,q115_00b_guard_01_ending_scenespot,lookAt,6,,0
base\quest\testgym\meethanako.scenesolution,q115_00b_guard_01_ending_scenespot,logic,8,,0
base\quest\testgym\meethanako.scenesolution,q115_00b_15,dialog lines,1,,0
base\quest\testgym\meethanako.scenesolution,q115_00b_15,guard_01,2,,0
base\quest\testgym\meethanako.scenesolution,q115_00b_15,idle,3,scnbeventsStopWorkEvent,1
base\quest\testgym\meethanako.scenesolution,q115_00b_15,animation,4,,0
base\quest\testgym\meethanako.scenesolution,q115_00b_15,facial,5,,0
base\quest\testgym\meethanako.scenesolution,q115_00b_15,lookAt,6,,0
base\quest\testgym\meethanako.scenesolution,q115_00b_15,logic,8,,0
base\quest\testgym\meethanako.scenesolution,q115_00b_15,guard_02,2,,0
base\quest\testgym\meethanako.scenesolution,q115_00b_15,idle,3,scnbeventsStopWorkEvent,1
base\quest\testgym\meethanako.scenesolution,q115_00b_15,animation,4,,0
base\quest\testgym\meethanako.scenesolution,q115_00b_15,facial,5,,0
base\quest\testgym\meethanako.scenesolution,q115_00b_15,lookAt,6,,0
base\quest\testgym\meethanako.scenesolution,q115_00b_15,logic,8,,0
base\quest\testgym\meethanako.scenesolution,q115_00b_37,dialog lines,1,,0
base\quest\testgym\meethanako.scenesolution,q115_00b_37,hanako,2,,0
base\quest\testgym\meethanako.scenesolution,q115_00b_37,idle,3,scnbeventsChangeWorkEvent,1
base\quest\testgym\meethanako.scenesolution,q115_00b_37,animation,4,,0
base\quest\testgym\meethanako.scenesolution,q115_00b_37,facial,5,,0
base\quest\testgym\meethanako.scenesolution,q115_00b_37,lookAt,6,,0
base\quest\testgym\meethanako.scenesolution,q115_00b_37,logic,8,,0
base\quest\testgym\meethanako.scenesolution,q115_00b_38,dialog lines,1,,0
base\quest\testgym\meethanako.scenesolution,q115_00b_38,hanako,2,,0
base\quest\testgym\meethanako.scenesolution,q115_00b_38,idle,3,scnbeventsChangeWorkEvent,1
base\quest\testgym\meethanako.scenesolution,q115_00b_38,animation,4,,0
base\quest\testgym\meethanako.scenesolution,q115_00b_38,facial,5,,0
base\quest\testgym\meethanako.scenesolution,q115_00b_38,lookAt,6,,0
base\quest\testgym\meethanako.scenesolution,q115_00b_38,logic,8,,0
base\quest\testgym\meethanako.scenesolution,q115_00b_hanako_sit,dialog lines,1,toolsDialogLineEventDescriptor,1
base\quest\testgym\meethanako.scenesolution,q115_00b_hanako_sit,hanako,2,,0
base\quest\testgym\meethanako.scenesolution,q115_00b_hanako_sit,idle,3,,0
base\quest\testgym\meethanako.scenesolution,q115_00b_hanako_sit,animation,4,,0
base\quest\testgym\meethanako.scenesolution,q115_00b_hanako_sit,facial,5,,0
base\quest\testgym\meethanako.scenesolution,q115_00b_hanako_sit,lookAt,6,toolsLookAtDescriptor,1
base\quest\testgym\meethanako.scenesolution,q115_00b_hanako_sit,logic,8,,0
base\quest\testgym\meethanako.scenesolution,q115_00b_reminder_sit,dialog lines,1,toolsDialogLineEventDescriptor,1
base\quest\testgym\meethanako.scenesolution,q115_00b_reminder_help,dialog lines,1,toolsDialogLineEventDescriptor,1
base\quest\testgym\meethanako.scenesolution,q115_00b_reminder_dont_speak,dialog lines,1,,0
base\quest\testgym\meethanako.scenesolution,02,dialog lines,1,,0
base\quest\testgym\meethanako.scenesolution,q115_00b_guard_cheeky_move,dialog lines,1,,0
base\quest\testgym\meethanako.scenesolution,q115_00b_guard_cheeky_move,guard_02,2,,0
base\quest\testgym\meethanako.scenesolution,q115_00b_guard_cheeky_move,idle,3,scnbeventsChangeWorkEvent,1
base\quest\testgym\meethanako.scenesolution,q115_00b_guard_cheeky_move,animation,4,,0
base\quest\testgym\meethanako.scenesolution,q115_00b_guard_cheeky_move,facial,5,,0
base\quest\testgym\meethanako.scenesolution,q115_00b_guard_cheeky_move,lookAt,6,,0
base\quest\testgym\meethanako.scenesolution,q115_00b_guard_cheeky_move,logic,8,,0
base\quest\testgym\meethanako.scenesolution,q115_00b_guard_cheeky_move,guard_01,2,,0
base\quest\testgym\meethanako.scenesolution,q115_00b_guard_cheeky_move,idle,3,scnbeventsChangeWorkEvent,1
base\quest\testgym\meethanako.scenesolution,q115_00b_guard_cheeky_move,animation,4,,0
base\quest\testgym\meethanako.scenesolution,q115_00b_guard_cheeky_move,facial,5,,0
base\quest\testgym\meethanako.scenesolution,q115_00b_guard_cheeky_move,lookAt,6,,0
base\quest\testgym\meethanako.scenesolution,q115_00b_guard_cheeky_move,logic,8,,0
base\quest\testgym\meethanako.scenesolution,q115_00b_hanako_getting_up,dialog lines,1,,0
base\quest\testgym\meethanako.scenesolution,q115_00b_hanako_getting_up,hanako,2,,0
base\quest\testgym\meethanako.scenesolution,q115_00b_hanako_getting_up,idle,3,toolsPlaySkAnimDescriptor,1
base\quest\testgym\meethanako.scenesolution,q115_00b_hanako_getting_up,animation,4,,0
base\quest\testgym\meethanako.scenesolution,q115_00b_hanako_getting_up,facial,5,,0
base\quest\testgym\meethanako.scenesolution,q115_00b_hanako_getting_up,lookAt,6,,0
base\quest\testgym\meethanako.scenesolution,q115_00b_hanako_getting_up,logic,8,,0
base\quest\testgym\meethanako.scenesolution,q115_00b_guard_to_hanako,dialog lines,1,,0
base\quest\testgym\meethanako.scenesolution,q115_00b_guard_to_hanako,guard_02,2,,0
base\quest\testgym\meethanako.scenesolution,q115_00b_guard_to_hanako,idle,3,scnbeventsStopWorkEvent,3
base\quest\testgym\meethanako.scenesolution,q115_00b_guard_to_hanako,idle,3,scnbeventsChangeWorkEvent,3
base\quest\testgym\meethanako.scenesolution,q115_00b_guard_to_hanako,idle,3,scnbeventsChangeWorkEvent,3
base\quest\testgym\meethanako.scenesolution,q115_00b_guard_to_hanako,animation,4,,0
base\quest\testgym\meethanako.scenesolution,q115_00b_guard_to_hanako,facial,5,,0
base\quest\testgym\meethanako.scenesolution,q115_00b_guard_to_hanako,lookAt,6,toolsLookAtDescriptor,2
base\quest\testgym\meethanako.scenesolution,q115_00b_guard_to_hanako,lookAt,6,toolsLookAtDescriptor,2
base\quest\testgym\meethanako.scenesolution,q115_00b_guard_to_hanako,logic,8,,0
base\quest\testgym\meethanako.scenesolution,q115_00b_hanako_by_the_window,dialog lines,1,,0
base\quest\testgym\meethanako.scenesolution,q115_00b_hanako_by_the_window,guard_02,2,,0
base\quest\testgym\meethanako.scenesolution,q115_00b_hanako_by_the_window,idle,3,,0
base\quest\testgym\meethanako.scenesolution,q115_00b_hanako_by_the_window,animation,4,,0
base\quest\testgym\meethanako.scenesolution,q115_00b_hanako_by_the_window,facial,5,,0
base\quest\testgym\meethanako.scenesolution,q115_00b_hanako_by_the_window,lookAt,6,,0
base\quest\testgym\meethanako.scenesolution,q115_00b_hanako_by_the_window,logic,8,,0
base\quest\testgym\meethanako.scenesolution,q115_00b_hanako_by_the_window,hanako,2,,0
base\quest\testgym\meethanako.scenesolution,q115_00b_hanako_by_the_window,idle,3,scnbeventsChangeWorkEvent,1
base\quest\testgym\meethanako.scenesolution,q115_00b_hanako_by_the_window,animation,4,,0
base\quest\testgym\meethanako.scenesolution,q115_00b_hanako_by_the_window,facial,5,,0
base\quest\testgym\meethanako.scenesolution,q115_00b_hanako_by_the_window,lookAt,6,toolsLookAtDescriptor,1
base\quest\testgym\meethanako.scenesolution,q115_00b_hanako_by_the_window,logic,8,,0
base\quest\testgym\meethanako.scenesolution,q115_00b_stop_anim,dialog lines,1,,0
base\quest\testgym\meethanako.scenesolution,q115_00b_stop_anim,guard_02,2,,0
base\quest\testgym\meethanako.scenesolution,q115_00b_stop_anim,idle,3,,0
base\quest\testgym\meethanako.scenesolution,q115_00b_stop_anim,animation,4,toolsPlaySkAnimDescriptor,1
base\quest\testgym\meethanako.scenesolution,q115_00b_stop_anim,facial,5,,0
base\quest\testgym\meethanako.scenesolution,q115_00b_stop_anim,lookAt,6,,0
base\quest\testgym\meethanako.scenesolution,q115_00b_stop_anim,logic,8,,0
base\quest\testgym\meethanako.scenesolution,q115_00b_30,dialog lines,1,,0
base\quest\testgym\meethanako.scenesolution,q115_00b_30,hanako,2,,0
base\quest\testgym\meethanako.scenesolution,q115_00b_30,idle,3,scnbeventsStopWorkEvent,1
base\quest\testgym\meethanako.scenesolution,q115_00b_30,animation,4,,0
base\quest\testgym\meethanako.scenesolution,q115_00b_30,facial,5,,0
base\quest\testgym\meethanako.scenesolution,q115_00b_30,lookAt,6,,0
base\quest\testgym\meethanako.scenesolution,q115_00b_30,logic,8,,0
base\quest\testgym\meethanako.scenesolution,q115_00b_33,dialog lines,1,,0
base\quest\testgym\meethanako.scenesolution,q115_00b_33,hanako,2,,0
base\quest\testgym\meethanako.scenesolution,q115_00b_33,idle,3,scnbeventsChangeWorkEvent,1
base\quest\testgym\meethanako.scenesolution,q115_00b_33,animation,4,,0
base\quest\testgym\meethanako.scenesolution,q115_00b_33,facial,5,,0
base\quest\testgym\meethanako.scenesolution,q115_00b_33,lookAt,6,,0
base\quest\testgym\meethanako.scenesolution,q115_00b_33,logic,8,,0
base\quest\testgym\meethanako.scenesolution,q115_00b_johnny_walking_into_frame,dialog lines,1,,0
base\quest\testgym\meethanako.scenesolution,q115_00b_johnny_walking_into_frame,johnny,2,,0
base\quest\testgym\meethanako.scenesolution,q115_00b_johnny_walking_into_frame,idle,3,scnbeventsChangeWorkEvent,1
base\quest\testgym\meethanako.scenesolution,q115_00b_johnny_walking_into_frame,animation,4,,0
base\quest\testgym\meethanako.scenesolution,q115_00b_johnny_walking_into_frame,facial,5,,0
base\quest\testgym\meethanako.scenesolution,q115_00b_johnny_walking_into_frame,lookAt,6,,0
base\quest\testgym\meethanako.scenesolution,q115_00b_johnny_walking_into_frame,logic,8,,0
base\quest\testgym\meethanako.scenesolution,q115_00b_player_cough,dialog lines,1,,0
base\quest\testgym\meethanako.scenesolution,q115_00b_player_cough,Player,2,,0
base\quest\testgym\meethanako.scenesolution,q115_00b_player_cough,idle,3,,0
base\quest\testgym\meethanako.scenesolution,q115_00b_player_cough,animation,4,toolsPlaySkAnimDescriptor,1
base\quest\testgym\meethanako.scenesolution,q115_00b_player_cough,facial,5,,0
base\quest\testgym\meethanako.scenesolution,q115_00b_player_cough,lookAt,6,,0
base\quest\testgym\meethanako.scenesolution,q115_00b_player_cough,logic,8,,0
base\quest\testgym\meethanako.scenesolution,q115_00b_player_cough,VFX,15,scnbeventsVFXDurationEventDescriptor,1
base\quest\testgym\meethanako.scenesolution,q115_00b_player_cough,SFX,14,,0
base\quest\testgym\meethanako.scenesolution,q115_00b_31,dialog lines,1,,0
base\quest\testgym\meethanako.scenesolution,q115_00b_31,guard_01,2,,0
base\quest\testgym\meethanako.scenesolution,q115_00b_31,idle,3,scnbeventsStopWorkEvent,1
base\quest\testgym\meethanako.scenesolution,q115_00b_31,animation,4,,0
base\quest\testgym\meethanako.scenesolution,q115_00b_31,facial,5,,0
base\quest\testgym\meethanako.scenesolution,q115_00b_31,lookAt,6,,0
base\quest\testgym\meethanako.scenesolution,q115_00b_31,logic,8,,0
base\quest\testgym\meethanako.scenesolution,q115_00b_32,dialog lines,1,,0
base\quest\testgym\meethanako.scenesolution,q115_00b_32,guard_01,2,,0
base\quest\testgym\meethanako.scenesolution,q115_00b_32,idle,3,scnbeventsChangeWorkEvent,1
base\quest\testgym\meethanako.scenesolution,q115_00b_32,animation,4,,0
base\quest\testgym\meethanako.scenesolution,q115_00b_32,facial,5,,0
base\quest\testgym\meethanako.scenesolution,q115_00b_32,lookAt,6,,0
base\quest\testgym\meethanako.scenesolution,q115_00b_32,logic,8,,0
base\quest\testgym\meethanako.scenesolution,03,dialog lines,1,,0
base\quest\testgym\meethanako.scenesolution,03,johnny,2,,0
base\quest\testgym\meethanako.scenesolution,03,idle,3,scnbeventsChangeWorkEvent,20
base\quest\testgym\meethanako.scenesolution,03,idle,3,toolsPlacementDescriptor,20
base\quest\testgym\meethanako.scenesolution,03,idle,3,scnbeventsSetAnimFeatureDescriptor,20
base\quest\testgym\meethanako.scenesolution,03,idle,3,scnbeventsChangeWorkEvent,20
base\quest\testgym\meethanako.scenesolution,03,idle,3,scnbeventsStopWorkEvent,20
base\quest\testgym\meethanako.scenesolution,03,idle,3,scnbeventsAttachPropDescriptor,20
base\quest\testgym\meethanako.scenesolution,03,idle,3,scnbeventsCameraClipDescriptor,20
base\quest\testgym\meethanako.scenesolution,03,idle,3,scnbeventsPlayRidCameraAnimDescriptor,20
base\quest\testgym\meethanako.scenesolution,03,idle,3,toolsAudioEventDescriptor,20
base\quest\testgym\meethanako.scenesolution,03,idle,3,toolsAudioDurationEventDescriptor,20
base\quest\testgym\meethanako.scenesolution,03,idle,3,scnbeventsVFXEventDescriptor,20
base\quest\testgym\meethanako.scenesolution,03,idle,3,scnbeventsVFXBraindanceEventDescriptor,20
base\quest\testgym\meethanako.scenesolution,03,idle,3,scnbeventsVFXDurationEventDescriptor,20
base\quest\testgym\meethanako.scenesolution,03,idle,3,scnbeventsClueEventDescriptor,20
base\quest\testgym\meethanako.scenesolution,03,idle,3,scnbPlayVideoDescriptor,20
base\quest\testgym\meethanako.scenesolution,03,idle,3,scnbeventsSocketDescriptor,20
base\quest\testgym\meethanako.scenesolution,03,idle,3,scnbeventsPlayerLookAtEventDescriptor,20
base\quest\testgym\meethanako.scenesolution,03,idle,3,scnbeventsBraindanceVisibilityEventDescriptor,20
base\quest\testgym\meethanako.scenesolution,03,idle,3,scnbeventsUIAnimationEventDescriptor,20
base\quest\testgym\meethanako.scenesolution,03,idle,3,scnbeventsUIAnimationBraindanceEventDescriptor,20
base\quest\testgym\meethanako.scenesolution,03,animation,4,,0
base\quest\testgym\meethanako.scenesolution,03,facial,5,,0
base\quest\testgym\meethanako.scenesolution,03,lookAt,6,,0
base\quest\testgym\meethanako.scenesolution,03,logic,8,,0
base\quest\testgym\meethanako.scenesolution,q115_00b_guards,dialog lines,1,toolsDialogLineEventDescriptor,1
base\quest\testgym\meethanako.scenesolution,q115_00b_guards,guard_02,2,,0
base\quest\testgym\meethanako.scenesolution,q115_00b_guards,idle,3,,0
base\quest\testgym\meethanako.scenesolution,q115_00b_guards,animation,4,,0
base\quest\testgym\meethanako.scenesolution,q115_00b_guards,facial,5,,0
base\quest\testgym\meethanako.scenesolution,q115_00b_guards,lookAt,6,,0
base\quest\testgym\meethanako.scenesolution,q115_00b_guards,logic,8,,0
base\quest\testgym\meethanako.scenesolution,q115_00b_,dialog lines,1,,0
base\quest\testgym\meethanako.scenesolution,q115_00b_,guard_02,2,,0
base\quest\testgym\meethanako.scenesolution,q115_00b_,idle,3,,0
base\quest\testgym\meethanako.scenesolution,q115_00b_,animation,4,toolsPlaySkAnimDescriptor,1
base\quest\testgym\meethanako.scenesolution,q115_00b_,facial,5,,0
base\quest\testgym\meethanako.scenesolution,q115_00b_,lookAt,6,toolsLookAtDescriptor,2
base\quest\testgym\meethanako.scenesolution,q115_00b_,lookAt,6,toolsLookAtDescriptor,2
base\quest\testgym\meethanako.scenesolution,q115_00b_,logic,8,,0
base\quest\testgym\meethanako.scenesolution,q115_00b_guard_02_to_stand_hands_back,dialog lines,1,,0
base\quest\testgym\meethanako.scenesolution,q115_00b_guard_02_to_stand_hands_back,guard_02,2,,0
base\quest\testgym\meethanako.scenesolution,q115_00b_guard_02_to_stand_hands_back,idle,3,scnbeventsChangeWorkEvent,1
base\quest\testgym\meethanako.scenesolution,q115_00b_guard_02_to_stand_hands_back,animation,4,,0
base\quest\testgym\meethanako.scenesolution,q115_00b_guard_02_to_stand_hands_back,facial,5,,0
base\quest\testgym\meethanako.scenesolution,q115_00b_guard_02_to_stand_hands_back,lookAt,6,,0
base\quest\testgym\meethanako.scenesolution,q115_00b_guard_02_to_stand_hands_back,logic,8,,0
base\quest\testgym\meethanako.scenesolution,q115_00b_AV_sfx,dialog lines,1,toolsDialogLineEventDescriptor,1
base\quest\testgym\meethanako.scenesolution,q115_00b_AV_sfx,SFX,14,toolsAudioEventDescriptor,1
base\quest\testgym\meethanako.scenesolution,q115_00b_AV_sfx,hanako,2,,0
base\quest\testgym\meethanako.scenesolution,q115_00b_AV_sfx,idle,3,,0
base\quest\testgym\meethanako.scenesolution,q115_00b_AV_sfx,animation,4,,0
base\quest\testgym\meethanako.scenesolution,q115_00b_AV_sfx,facial,5,,0
base\quest\testgym\meethanako.scenesolution,q115_00b_AV_sfx,lookAt,6,,0
base\quest\testgym\meethanako.scenesolution,q115_00b_AV_sfx,logic,8,,0
base\quest\testgym\meethanako.scenesolution,q115_00b_12,dialog lines,1,toolsDialogLineEventDescriptor,1
base\quest\testgym\meethanako.scenesolution,q115_00b_12,hanako,2,,0
base\quest\testgym\meethanako.scenesolution,q115_00b_12,idle,3,,0
base\quest\testgym\meethanako.scenesolution,q115_00b_12,animation,4,,0
base\quest\testgym\meethanako.scenesolution,q115_00b_12,facial,5,toolsPlaySkAnimDescriptor,1
base\quest\testgym\meethanako.scenesolution,q115_00b_12,lookAt,6,,0
base\quest\testgym\meethanako.scenesolution,q115_00b_12,logic,8,,0
base\quest\testgym\meethanako.scenesolution,q115_00b_johnny_hand_disappear_elevator,dialog lines,1,,0
base\quest\testgym\meethanako.scenesolution,q115_00b_39,dialog lines,1,,0
base\quest\testgym\meethanako.scenesolution,q115_00b_39,hanako,2,,0
base\quest\testgym\meethanako.scenesolution,q115_00b_39,idle,3,,0
base\quest\testgym\meethanako.scenesolution,q115_00b_39,animation,4,scnbeventsChangeWorkEvent,1
base\quest\testgym\meethanako.scenesolution,q115_00b_39,facial,5,,0
base\quest\testgym\meethanako.scenesolution,q115_00b_39,lookAt,6,,0
base\quest\testgym\meethanako.scenesolution,q115_00b_39,logic,8,,0
base\quest\testgym\meethanako.scenesolution,q115_00b_AV_sfx,dialog lines,1,toolsDialogLineEventDescriptor,1
base\quest\testgym\meethanako.scenesolution,q115_00b_AV_sfx,SFX,14,toolsAudioEventDescriptor,1
base\quest\testgym\meethanako.scenesolution,q115_00b_AV_sfx,hanako,2,,0
base\quest\testgym\meethanako.scenesolution,q115_00b_AV_sfx,idle,3,,0
base\quest\testgym\meethanako.scenesolution,q115_00b_AV_sfx,animation,4,,0
base\quest\testgym\meethanako.scenesolution,q115_00b_AV_sfx,facial,5,,0
base\quest\testgym\meethanako.scenesolution,q115_00b_AV_sfx,lookAt,6,,0
base\quest\testgym\meethanako.scenesolution,q115_00b_AV_sfx,logic,8,,0
base\quest\testgym\meethanako.scenesolution,q115_00b_hanako_sitting_idle,dialog lines,1,,0
base\quest\testgym\meethanako.scenesolution,q115_00b_hanako_sitting_idle,hanako,2,,0
base\quest\testgym\meethanako.scenesolution,q115_00b_hanako_sitting_idle,idle,3,scnbeventsChangeWorkEvent,1
base\quest\testgym\meethanako.scenesolution,q115_00b_hanako_sitting_idle,animation,4,,0
base\quest\testgym\meethanako.scenesolution,q115_00b_hanako_sitting_idle,facial,5,,0
base\quest\testgym\meethanako.scenesolution,q115_00b_hanako_sitting_idle,lookAt,6,,0
base\quest\testgym\meethanako.scenesolution,q115_00b_hanako_sitting_idle,logic,8,,0
base\quest\testgym\meethanako.scenesolution,q115_00b_hanako_sitting_idle,Player,2,,0
base\quest\testgym\meethanako.scenesolution,q115_00b_hanako_sitting_idle,idle,3,,0
base\quest\testgym\meethanako.scenesolution,q115_00b_hanako_sitting_idle,animation,4,,0
base\quest\testgym\meethanako.scenesolution,q115_00b_hanako_sitting_idle,facial,5,,0
base\quest\testgym\meethanako.scenesolution,q115_00b_hanako_sitting_idle,lookAt,6,,0
base\quest\testgym\meethanako.scenesolution,q115_00b_hanako_sitting_idle,logic,8,,0
base\quest\testgym\meethanako.scenesolution,q115_00b_johnny_restaurant_crew_comment,dialog lines,1,toolsDialogLineEventDescriptor,1
base\quest\testgym\meethanako.scenesolution,q115_00b_johnny_restaurant_crew_comment,johnny,2,,0
base\quest\testgym\meethanako.scenesolution,q115_00b_johnny_restaurant_crew_comment,idle,3,,0
base\quest\testgym\meethanako.scenesolution,q115_00b_johnny_restaurant_crew_comment,animation,4,,0
base\quest\testgym\meethanako.scenesolution,q115_00b_johnny_restaurant_crew_comment,facial,5,,0
base\quest\testgym\meethanako.scenesolution,q115_00b_johnny_restaurant_crew_comment,lookAt,6,toolsLookAtDescriptor,2
base\quest\testgym\meethanako.scenesolution,q115_00b_johnny_restaurant_crew_comment,lookAt,6,toolsLookAtDescriptor,2
base\quest\testgym\meethanako.scenesolution,q115_00b_johnny_restaurant_crew_comment,logic,8,,0
base\quest\testgym\meethanako.scenesolution,q115_00b_johnny_by_the_stairs,dialog lines,1,toolsDialogLineEventDescriptor,1
base\quest\testgym\meethanako.scenesolution,q115_00b_johnny_by_the_stairs,johnny,2,,0
base\quest\testgym\meethanako.scenesolution,q115_00b_johnny_by_the_stairs,idle,3,scnbeventsChangeWorkEvent,1
base\quest\testgym\meethanako.scenesolution,q115_00b_johnny_by_the_stairs,animation,4,,0
base\quest\testgym\meethanako.scenesolution,q115_00b_johnny_by_the_stairs,facial,5,,0
base\quest\testgym\meethanako.scenesolution,q115_00b_johnny_by_the_stairs,lookAt,6,,0
base\quest\testgym\meethanako.scenesolution,q115_00b_johnny_by_the_stairs,logic,8,,0
base\quest\testgym\meethanako.scenesolution,q115_00b_guard_animations,dialog lines,1,toolsDialogLineEventDescriptor,1
base\quest\testgym\meethanako.scenesolution,q115_00b_guard_animations,guard_02,2,,0
base\quest\testgym\meethanako.scenesolution,q115_00b_guard_animations,idle,3,,0
base\quest\testgym\meethanako.scenesolution,q115_00b_guard_animations,animation,4,,0
base\quest\testgym\meethanako.scenesolution,q115_00b_guard_animations,facial,5,toolsChangeIdleAnimDescriptor,1
base\quest\testgym\meethanako.scenesolution,q115_00b_guard_animations,lookAt,6,,0
base\quest\testgym\meethanako.scenesolution,q115_00b_guard_animations,logic,8,,0
base\quest\testgym\meethanako.scenesolution,q115_00b_guard_animations,guard_01,2,,0
base\quest\testgym\meethanako.scenesolution,q115_00b_guard_animations,idle,3,scnbeventsChangeWorkEvent,1
base\quest\testgym\meethanako.scenesolution,q115_00b_guard_animations,animation,4,,0
base\quest\testgym\meethanako.scenesolution,q115_00b_guard_animations,facial,5,toolsChangeIdleAnimDescriptor,1
base\quest\testgym\meethanako.scenesolution,q115_00b_guard_animations,lookAt,6,toolsLookAtDescriptor,1
base\quest\testgym\meethanako.scenesolution,q115_00b_guard_animations,logic,8,,0
base\quest\testgym\meethanako.scenesolution,q115_00b_29,dialog lines,1,,0
base\quest\testgym\meethanako.scenesolution,q115_00b_johnny_hand_appear_elevator,dialog lines,1,,0
base\quest\testgym\meethanako.scenesolution,sadasdad,dialog lines,1,,0
base\quest\testgym\meethanako.scenesolution,sadasdad,guard_01,2,,0
base\quest\testgym\meethanako.scenesolution,sadasdad,idle,3,scnbeventsChangeWorkEvent,2
base\quest\testgym\meethanako.scenesolution,sadasdad,idle,3,scnbeventsChangeWorkEvent,2
base\quest\testgym\meethanako.scenesolution,sadasdad,animation,4,,0
base\quest\testgym\meethanako.scenesolution,sadasdad,facial,5,,0
base\quest\testgym\meethanako.scenesolution,sadasdad,lookAt,6,,0
base\quest\testgym\meethanako.scenesolution,sadasdad,logic,8,,0
base\quest\testgym\q115_00b_hanako.scenesolution,q115_00b_guards,dialog lines,1,toolsDialogLineEventDescriptor,1
base\quest\testgym\q115_00b_hanako.scenesolution,q115_00b_guards,guard_01,2,,0
base\quest\testgym\q115_00b_hanako.scenesolution,q115_00b_guards,idle,3,,0
base\quest\testgym\q115_00b_hanako.scenesolution,q115_00b_guards,animation,4,,0
base\quest\testgym\q115_00b_hanako.scenesolution,q115_00b_guards,facial,5,,0
base\quest\testgym\q115_00b_hanako.scenesolution,q115_00b_guards,lookAt,6,,0
base\quest\testgym\q115_00b_hanako.scenesolution,q115_00b_guards,logic,8,,0
base\quest\testgym\q115_00b_hanako.scenesolution,q115_00b_guards,guard_02,2,,0
base\quest\testgym\q115_00b_hanako.scenesolution,q115_00b_guards,idle,3,,0
base\quest\testgym\q115_00b_hanako.scenesolution,q115_00b_guards,animation,4,,0
base\quest\testgym\q115_00b_hanako.scenesolution,q115_00b_guards,facial,5,,0
base\quest\testgym\q115_00b_hanako.scenesolution,q115_00b_guards,lookAt,6,,0
base\quest\testgym\q115_00b_hanako.scenesolution,q115_00b_guards,logic,8,scnbeventsSocketDescriptor,1
base\quest\testgym\q115_00b_hanako.scenesolution,q115_00b_leave_restaurant,dialog lines,1,toolsDialogLineEventDescriptor,1
base\quest\testgym\q115_00b_hanako.scenesolution,q115_00b_leave_restaurant,johnny,2,,0
base\quest\testgym\q115_00b_hanako.scenesolution,q115_00b_leave_restaurant,idle,3,,0
base\quest\testgym\q115_00b_hanako.scenesolution,q115_00b_leave_restaurant,animation,4,,0
base\quest\testgym\q115_00b_hanako.scenesolution,q115_00b_leave_restaurant,facial,5,,0
base\quest\testgym\q115_00b_hanako.scenesolution,q115_00b_leave_restaurant,lookAt,6,,0
base\quest\testgym\q115_00b_hanako.scenesolution,q115_00b_leave_restaurant,logic,8,scnbeventsSocketDescriptor,1
base\quest\testgym\q115_00b_hanako.scenesolution,q115_00b_leave_restaurant,Player,2,,0
base\quest\testgym\q115_00b_hanako.scenesolution,q115_00b_leave_restaurant,idle,3,,0
base\quest\testgym\q115_00b_hanako.scenesolution,q115_00b_leave_restaurant,animation,4,,0
base\quest\testgym\q115_00b_hanako.scenesolution,q115_00b_leave_restaurant,facial,5,,0
base\quest\testgym\q115_00b_hanako.scenesolution,q115_00b_leave_restaurant,lookAt,6,,0
base\quest\testgym\q115_00b_hanako.scenesolution,q115_00b_leave_restaurant,logic,8,scnbeventsVFXEventDescriptor,1
base\quest\testgym\q115_00b_hanako.scenesolution,q115_00b_hanako_beginning,dialog lines,1,toolsDialogLineEventDescriptor,4
base\quest\testgym\q115_00b_hanako.scenesolution,q115_00b_hanako_beginning,dialog lines,1,toolsDialogLineEventDescriptor,4
base\quest\testgym\q115_00b_hanako.scenesolution,q115_00b_hanako_beginning,dialog lines,1,toolsDialogLineEventDescriptor,4
base\quest\testgym\q115_00b_hanako.scenesolution,q115_00b_hanako_beginning,dialog lines,1,toolsDialogLineEventDescriptor,4
base\quest\testgym\q115_00b_hanako.scenesolution,q115_00b_hanako_beginning,hanako,2,,0
base\quest\testgym\q115_00b_hanako.scenesolution,q115_00b_hanako_beginning,idle,3,scnbeventsChangeWorkEvent,1
base\quest\testgym\q115_00b_hanako.scenesolution,q115_00b_hanako_beginning,animation,4,toolsPlaySkAnimDescriptor,1
base\quest\testgym\q115_00b_hanako.scenesolution,q115_00b_hanako_beginning,facial,5,toolsPlaySkAnimDescriptor,1
base\quest\testgym\q115_00b_hanako.scenesolution,q115_00b_hanako_beginning,lookAt,6,toolsLookAtDescriptor,2
base\quest\testgym\q115_00b_hanako.scenesolution,q115_00b_hanako_beginning,lookAt,6,toolsLookAtDescriptor,2
base\quest\testgym\q115_00b_hanako.scenesolution,q115_00b_hanako_beginning,logic,8,scnbeventsSocketDescriptor,1
base\quest\testgym\q115_00b_hanako.scenesolution,q115_00b_hanako_beginning,johnny,2,,0
base\quest\testgym\q115_00b_hanako.scenesolution,q115_00b_hanako_beginning,idle,3,,0
base\quest\testgym\q115_00b_hanako.scenesolution,q115_00b_hanako_beginning,animation,4,toolsPlaySkAnimDescriptor,1
base\quest\testgym\q115_00b_hanako.scenesolution,q115_00b_hanako_beginning,facial,5,,0
base\quest\testgym\q115_00b_hanako.scenesolution,q115_00b_hanako_beginning,lookAt,6,,0
base\quest\testgym\q115_00b_hanako.scenesolution,q115_00b_hanako_beginning,logic,8,,0
base\quest\testgym\q115_00b_hanako.scenesolution,q115_00b_furious_johnny,dialog lines,1,toolsDialogLineEventDescriptor,5
base\quest\testgym\q115_00b_hanako.scenesolution,q115_00b_furious_johnny,dialog lines,1,toolsDialogLineEventDescriptor,5
base\quest\testgym\q115_00b_hanako.scenesolution,q115_00b_furious_johnny,dialog lines,1,toolsDialogLineEventDescriptor,5
base\quest\testgym\q115_00b_hanako.scenesolution,q115_00b_furious_johnny,dialog lines,1,toolsDialogLineEventDescriptor,5
base\quest\testgym\q115_00b_hanako.scenesolution,q115_00b_furious_johnny,dialog lines,1,toolsDialogLineEventDescriptor,5
base\quest\testgym\q115_00b_hanako.scenesolution,q115_00b_furious_johnny,hanako,2,,0
base\quest\testgym\q115_00b_hanako.scenesolution,q115_00b_furious_johnny,idle,3,scnbeventsChangeWorkEvent,1
base\quest\testgym\q115_00b_hanako.scenesolution,q115_00b_furious_johnny,animation,4,toolsPlaySkAnimDescriptor,2
base\quest\testgym\q115_00b_hanako.scenesolution,q115_00b_furious_johnny,animation,4,toolsPlaySkAnimDescriptor,2
base\quest\testgym\q115_00b_hanako.scenesolution,q115_00b_furious_johnny,facial,5,,0
base\quest\testgym\q115_00b_hanako.scenesolution,q115_00b_furious_johnny,lookAt,6,,0
base\quest\testgym\q115_00b_hanako.scenesolution,q115_00b_furious_johnny,logic,8,scnbeventsSocketDescriptor,1
base\quest\testgym\q115_00b_hanako.scenesolution,q115_00b_furious_johnny,johnny,2,,0
base\quest\testgym\q115_00b_hanako.scenesolution,q115_00b_furious_johnny,idle,3,scnbeventsChangeWorkEvent,2
base\quest\testgym\q115_00b_hanako.scenesolution,q115_00b_furious_johnny,idle,3,scnbeventsStopWorkEvent,2
base\quest\testgym\q115_00b_hanako.scenesolution,q115_00b_furious_johnny,animation,4,,0
base\quest\testgym\q115_00b_hanako.scenesolution,q115_00b_furious_johnny,facial,5,,0
base\quest\testgym\q115_00b_hanako.scenesolution,q115_00b_furious_johnny,lookAt,6,toolsLookAtDescriptor,1
base\quest\testgym\q115_00b_hanako.scenesolution,q115_00b_furious_johnny,logic,8,scnbeventsSocketDescriptor,1
base\quest\testgym\q115_00b_hanako.scenesolution,q115_00b_furious_johnny,Player,2,,0
base\quest\testgym\q115_00b_hanako.scenesolution,q115_00b_furious_johnny,idle,3,scnbeventsChangeWorkEvent,1
base\quest\testgym\q115_00b_hanako.scenesolution,q115_00b_furious_johnny,animation,4,,0
base\quest\testgym\q115_00b_hanako.scenesolution,q115_00b_furious_johnny,facial,5,scnbeventsVFXEventDescriptor,2
base\quest\testgym\q115_00b_hanako.scenesolution,q115_00b_furious_johnny,facial,5,scnbeventsVFXEventDescriptor,2
base\quest\testgym\q115_00b_hanako.scenesolution,q115_00b_furious_johnny,lookAt,6,,0
base\quest\testgym\q115_00b_hanako.scenesolution,q115_00b_furious_johnny,logic,8,scnbeventsAttachPropDescriptor,2
base\quest\testgym\q115_00b_hanako.scenesolution,q115_00b_furious_johnny,logic,8,scnbeventsAttachPropDescriptor,2
base\quest\testgym\q115_00b_hanako.scenesolution,q115_00b_furious_johnny,guard_02,2,,0
base\quest\testgym\q115_00b_hanako.scenesolution,q115_00b_furious_johnny,idle,3,scnbeventsChangeWorkEvent,1
base\quest\testgym\q115_00b_hanako.scenesolution,q115_00b_furious_johnny,animation,4,,0
base\quest\testgym\q115_00b_hanako.scenesolution,q115_00b_furious_johnny,facial,5,toolsChangeIdleAnimDescriptor,1
base\quest\testgym\q115_00b_hanako.scenesolution,q115_00b_furious_johnny,lookAt,6,toolsLookAtDescriptor,4
base\quest\testgym\q115_00b_hanako.scenesolution,q115_00b_furious_johnny,lookAt,6,toolsLookAtDescriptor,4
base\quest\testgym\q115_00b_hanako.scenesolution,q115_00b_furious_johnny,lookAt,6,toolsLookAtDescriptor,4
base\quest\testgym\q115_00b_hanako.scenesolution,q115_00b_furious_johnny,lookAt,6,toolsLookAtDescriptor,4
base\quest\testgym\q115_00b_hanako.scenesolution,q115_00b_furious_johnny,logic,8,,0
base\quest\testgym\q115_00b_hanako.scenesolution,q115_00b_furious_johnny,guard_01,2,,0
base\quest\testgym\q115_00b_hanako.scenesolution,q115_00b_furious_johnny,idle,3,scnbeventsChangeWorkEvent,1
base\quest\testgym\q115_00b_hanako.scenesolution,q115_00b_furious_johnny,animation,4,,0
base\quest\testgym\q115_00b_hanako.scenesolution,q115_00b_furious_johnny,facial,5,,0
base\quest\testgym\q115_00b_hanako.scenesolution,q115_00b_furious_johnny,lookAt,6,,0
base\quest\testgym\q115_00b_hanako.scenesolution,q115_00b_furious_johnny,logic,8,,0
base\quest\testgym\q115_00b_hanako.scenesolution,q115_00b_angry_johnny,dialog lines,1,toolsDialogLineEventDescriptor,5
base\quest\testgym\q115_00b_hanako.scenesolution,q115_00b_angry_johnny,dialog lines,1,toolsDialogLineEventDescriptor,5
base\quest\testgym\q115_00b_hanako.scenesolution,q115_00b_angry_johnny,dialog lines,1,toolsDialogLineEventDescriptor,5
base\quest\testgym\q115_00b_hanako.scenesolution,q115_00b_angry_johnny,dialog lines,1,toolsDialogLineEventDescriptor,5
base\quest\testgym\q115_00b_hanako.scenesolution,q115_00b_angry_johnny,dialog lines,1,toolsDialogLineEventDescriptor,5
base\quest\testgym\q115_00b_hanako.scenesolution,q115_00b_angry_johnny,hanako,2,,0
base\quest\testgym\q115_00b_hanako.scenesolution,q115_00b_angry_johnny,idle,3,,0
base\quest\testgym\q115_00b_hanako.scenesolution,q115_00b_angry_johnny,animation,4,toolsPlaySkAnimDescriptor,1
base\quest\testgym\q115_00b_hanako.scenesolution,q115_00b_angry_johnny,facial,5,toolsPlaySkAnimDescriptor,1
base\quest\testgym\q115_00b_hanako.scenesolution,q115_00b_angry_johnny,lookAt,6,,0
base\quest\testgym\q115_00b_hanako.scenesolution,q115_00b_angry_johnny,logic,8,,0
base\quest\testgym\q115_00b_hanako.scenesolution,q115_00b_angry_johnny,johnny,2,,0
base\quest\testgym\q115_00b_hanako.scenesolution,q115_00b_angry_johnny,idle,3,scnbeventsStopWorkEvent,1
base\quest\testgym\q115_00b_hanako.scenesolution,q115_00b_angry_johnny,animation,4,scnbeventsChangeWorkEvent,1
base\quest\testgym\q115_00b_hanako.scenesolution,q115_00b_angry_johnny,facial,5,,0
base\quest\testgym\q115_00b_hanako.scenesolution,q115_00b_angry_johnny,lookAt,6,,0
base\quest\testgym\q115_00b_hanako.scenesolution,q115_00b_angry_johnny,logic,8,,0
base\quest\testgym\q115_00b_hanako.scenesolution,q115_00b_angry_johnny,Player,2,,0
base\quest\testgym\q115_00b_hanako.scenesolution,q115_00b_angry_johnny,idle,3,scnbeventsChangeWorkEvent,1
base\quest\testgym\q115_00b_hanako.scenesolution,q115_00b_angry_johnny,animation,4,scnbeventsVFXEventDescriptor,2
base\quest\testgym\q115_00b_hanako.scenesolution,q115_00b_angry_johnny,animation,4,scnbeventsCameraClipDescriptor,2
base\quest\testgym\q115_00b_hanako.scenesolution,q115_00b_angry_johnny,facial,5,,0
base\quest\testgym\q115_00b_hanako.scenesolution,q115_00b_angry_johnny,lookAt,6,,0
base\quest\testgym\q115_00b_hanako.scenesolution,q115_00b_angry_johnny,logic,8,,0
base\quest\testgym\q115_00b_hanako.scenesolution,q115_00b_angry_johnny,VFX,15,scnbeventsVFXEventDescriptor,1
base\quest\testgym\q115_00b_hanako.scenesolution,q115_00b_nervous_johnny,dialog lines,1,toolsDialogLineEventDescriptor,5
base\quest\testgym\q115_00b_hanako.scenesolution,q115_00b_nervous_johnny,dialog lines,1,toolsDialogLineEventDescriptor,5
base\quest\testgym\q115_00b_hanako.scenesolution,q115_00b_nervous_johnny,dialog lines,1,toolsDialogLineEventDescriptor,5
base\quest\testgym\q115_00b_hanako.scenesolution,q115_00b_nervous_johnny,dialog lines,1,toolsDialogLineEventDescriptor,5
base\quest\testgym\q115_00b_hanako.scenesolution,q115_00b_nervous_johnny,dialog lines,1,toolsDialogLineEventDescriptor,5
base\quest\testgym\q115_00b_hanako.scenesolution,q115_00b_nervous_johnny,hanako,2,,0
base\quest\testgym\q115_00b_hanako.scenesolution,q115_00b_nervous_johnny,idle,3,,0
base\quest\testgym\q115_00b_hanako.scenesolution,q115_00b_nervous_johnny,animation,4,toolsPlaySkAnimDescriptor,1
base\quest\testgym\q115_00b_hanako.scenesolution,q115_00b_nervous_johnny,facial,5,toolsPlaySkAnimDescriptor,1
base\quest\testgym\q115_00b_hanako.scenesolution,q115_00b_nervous_johnny,lookAt,6,toolsChangeIdleAnimDescriptor,1
base\quest\testgym\q115_00b_hanako.scenesolution,q115_00b_nervous_johnny,logic,8,,0
base\quest\testgym\q115_00b_hanako.scenesolution,q115_00b_nervous_johnny,johnny,2,,0
base\quest\testgym\q115_00b_hanako.scenesolution,q115_00b_nervous_johnny,idle,3,scnbeventsStopWorkEvent,1
base\quest\testgym\q115_00b_hanako.scenesolution,q115_00b_nervous_johnny,animation,4,scnbeventsChangeWorkEvent,1
base\quest\testgym\q115_00b_hanako.scenesolution,q115_00b_nervous_johnny,facial,5,,0
base\quest\testgym\q115_00b_hanako.scenesolution,q115_00b_nervous_johnny,lookAt,6,,0
base\quest\testgym\q115_00b_hanako.scenesolution,q115_00b_nervous_johnny,logic,8,,0
base\quest\testgym\q115_00b_hanako.scenesolution,q115_00b_nervous_johnny,Player,2,,0
base\quest\testgym\q115_00b_hanako.scenesolution,q115_00b_nervous_johnny,idle,3,scnbeventsChangeWorkEvent,1
base\quest\testgym\q115_00b_hanako.scenesolution,q115_00b_nervous_johnny,animation,4,scnbeventsCameraClipDescriptor,1
base\quest\testgym\q115_00b_hanako.scenesolution,q115_00b_nervous_johnny,facial,5,scnbeventsVFXEventDescriptor,1
base\quest\testgym\q115_00b_hanako.scenesolution,q115_00b_nervous_johnny,lookAt,6,,0
base\quest\testgym\q115_00b_hanako.scenesolution,q115_00b_nervous_johnny,logic,8,scnbeventsVFXEventDescriptor,2
base\quest\testgym\q115_00b_hanako.scenesolution,q115_00b_nervous_johnny,logic,8,scnbeventsSocketDescriptor,2
base\quest\testgym\q115_00b_hanako.scenesolution,q115_00b_nervous_johnny,VFX,15,scnbeventsVFXEventDescriptor,1
base\quest\testgym\q115_00b_hanako.scenesolution,q115_00b_v_is_fine,dialog lines,1,toolsDialogLineEventDescriptor,3
base\quest\testgym\q115_00b_hanako.scenesolution,q115_00b_v_is_fine,dialog lines,1,toolsDialogLineEventDescriptor,3
base\quest\testgym\q115_00b_hanako.scenesolution,q115_00b_v_is_fine,dialog lines,1,toolsDialogLineEventDescriptor,3
base\quest\testgym\q115_00b_hanako.scenesolution,q115_00b_v_is_fine,Player,2,,0
base\quest\testgym\q115_00b_hanako.scenesolution,q115_00b_v_is_fine,idle,3,scnbeventsChangeWorkEvent,1
base\quest\testgym\q115_00b_hanako.scenesolution,q115_00b_v_is_fine,animation,4,scnbeventsVFXEventDescriptor,1
base\quest\testgym\q115_00b_hanako.scenesolution,q115_00b_v_is_fine,facial,5,,0
base\quest\testgym\q115_00b_hanako.scenesolution,q115_00b_v_is_fine,lookAt,6,scnbeventsCameraClipDescriptor,1
base\quest\testgym\q115_00b_hanako.scenesolution,q115_00b_v_is_fine,logic,8,scnbeventsSocketDescriptor,1
base\quest\testgym\q115_00b_hanako.scenesolution,q115_00b_v_is_fine,hanako,2,,0
base\quest\testgym\q115_00b_hanako.scenesolution,q115_00b_v_is_fine,idle,3,,0
base\quest\testgym\q115_00b_hanako.scenesolution,q115_00b_v_is_fine,animation,4,toolsPlaySkAnimDescriptor,1
base\quest\testgym\q115_00b_hanako.scenesolution,q115_00b_v_is_fine,facial,5,toolsChangeIdleAnimDescriptor,1
base\quest\testgym\q115_00b_hanako.scenesolution,q115_00b_v_is_fine,lookAt,6,toolsLookAtDescriptor,2
base\quest\testgym\q115_00b_hanako.scenesolution,q115_00b_v_is_fine,lookAt,6,toolsLookAtDescriptor,2
base\quest\testgym\q115_00b_hanako.scenesolution,q115_00b_v_is_fine,logic,8,,0
base\quest\testgym\q115_00b_hanako.scenesolution,q115_00b_v_is_fine,VFX,15,scnbeventsVFXEventDescriptor,1
base\quest\testgym\q115_00b_hanako.scenesolution,q115_00b_v_is_not_good,dialog lines,1,toolsDialogLineEventDescriptor,3
base\quest\testgym\q115_00b_hanako.scenesolution,q115_00b_v_is_not_good,dialog lines,1,toolsDialogLineEventDescriptor,3
base\quest\testgym\q115_00b_hanako.scenesolution,q115_00b_v_is_not_good,dialog lines,1,toolsDialogLineEventDescriptor,3
base\quest\testgym\q115_00b_hanako.scenesolution,q115_00b_v_is_not_good,Player,2,,0
base\quest\testgym\q115_00b_hanako.scenesolution,q115_00b_v_is_not_good,idle,3,scnbeventsChangeWorkEvent,1
base\quest\testgym\q115_00b_hanako.scenesolution,q115_00b_v_is_not_good,animation,4,scnbeventsVFXEventDescriptor,1
base\quest\testgym\q115_00b_hanako.scenesolution,q115_00b_v_is_not_good,facial,5,,0
base\quest\testgym\q115_00b_hanako.scenesolution,q115_00b_v_is_not_good,lookAt,6,scnbeventsCameraClipDescriptor,1
base\quest\testgym\q115_00b_hanako.scenesolution,q115_00b_v_is_not_good,logic,8,scnbeventsSocketDescriptor,1
base\quest\testgym\q115_00b_hanako.scenesolution,q115_00b_v_is_not_good,hanako,2,,0
base\quest\testgym\q115_00b_hanako.scenesolution,q115_00b_v_is_not_good,idle,3,,0
base\quest\testgym\q115_00b_hanako.scenesolution,q115_00b_v_is_not_good,animation,4,toolsPlaySkAnimDescriptor,1
base\quest\testgym\q115_00b_hanako.scenesolution,q115_00b_v_is_not_good,facial,5,toolsChangeIdleAnimDescriptor,1
base\quest\testgym\q115_00b_hanako.scenesolution,q115_00b_v_is_not_good,lookAt,6,toolsLookAtDescriptor,2
base\quest\testgym\q115_00b_hanako.scenesolution,q115_00b_v_is_not_good,lookAt,6,toolsLookAtDescriptor,2
base\quest\testgym\q115_00b_hanako.scenesolution,q115_00b_v_is_not_good,logic,8,,0
base\quest\testgym\q115_00b_hanako.scenesolution,q115_00b_v_is_not_good,VFX,15,scnbeventsVFXEventDescriptor,1
base\quest\testgym\q115_00b_hanako.scenesolution,q115_00b_mikoshi,dialog lines,1,toolsDialogLineEventDescriptor,5
base\quest\testgym\q115_00b_hanako.scenesolution,q115_00b_mikoshi,dialog lines,1,toolsDialogLineEventDescriptor,5
base\quest\testgym\q115_00b_hanako.scenesolution,q115_00b_mikoshi,dialog lines,1,toolsDialogLineEventDescriptor,5
base\quest\testgym\q115_00b_hanako.scenesolution,q115_00b_mikoshi,dialog lines,1,toolsDialogLineEventDescriptor,5
base\quest\testgym\q115_00b_hanako.scenesolution,q115_00b_mikoshi,dialog lines,1,toolsDialogLineEventDescriptor,5
base\quest\testgym\q115_00b_hanako.scenesolution,q115_00b_mikoshi,hanako,2,,0
base\quest\testgym\q115_00b_hanako.scenesolution,q115_00b_mikoshi,idle,3,scnbeventsChangeWorkEvent,3
base\quest\testgym\q115_00b_hanako.scenesolution,q115_00b_mikoshi,idle,3,scnbeventsChangeWorkEvent,3
base\quest\testgym\q115_00b_hanako.scenesolution,q115_00b_mikoshi,idle,3,toolsPlaySkAnimDescriptor,3
base\quest\testgym\q115_00b_hanako.scenesolution,q115_00b_mikoshi,facial,5,toolsPlaySkAnimDescriptor,3
base\quest\testgym\q115_00b_hanako.scenesolution,q115_00b_mikoshi,facial,5,toolsChangeIdleAnimDescriptor,3
base\quest\testgym\q115_00b_hanako.scenesolution,q115_00b_mikoshi,facial,5,toolsPlaySkAnimDescriptor,3
base\quest\testgym\q115_00b_hanako.scenesolution,q115_00b_mikoshi,lookAt,6,toolsLookAtDescriptor,3
base\quest\testgym\q115_00b_hanako.scenesolution,q115_00b_mikoshi,lookAt,6,toolsLookAtDescriptor,3
base\quest\testgym\q115_00b_hanako.scenesolution,q115_00b_mikoshi,lookAt,6,toolsPlaySkAnimDescriptor,3
base\quest\testgym\q115_00b_hanako.scenesolution,q115_00b_mikoshi,logic,8,scnbeventsAttachPropDescriptor,7
base\quest\testgym\q115_00b_hanako.scenesolution,q115_00b_mikoshi,logic,8,scnbeventsAttachPropDescriptor,7
base\quest\testgym\q115_00b_hanako.scenesolution,q115_00b_mikoshi,logic,8,scnbeventsSocketDescriptor,7
base\quest\testgym\q115_00b_hanako.scenesolution,q115_00b_mikoshi,logic,8,scnbeventsSocketDescriptor,7
base\quest\testgym\q115_00b_hanako.scenesolution,q115_00b_mikoshi,logic,8,scnbeventsSocketDescriptor,7
base\quest\testgym\q115_00b_hanako.scenesolution,q115_00b_mikoshi,logic,8,scnbeventsSocketDescriptor,7
base\quest\testgym\q115_00b_hanako.scenesolution,q115_00b_mikoshi,logic,8,scnbeventsSocketDescriptor,7
base\quest\testgym\q115_00b_hanako.scenesolution,q115_00b_mikoshi,johnny,2,,0
base\quest\testgym\q115_00b_hanako.scenesolution,q115_00b_mikoshi,idle,3,scnbeventsChangeWorkEvent,1
base\quest\testgym\q115_00b_hanako.scenesolution,q115_00b_mikoshi,lookAt,6,toolsLookAtDescriptor,1
base\quest\testgym\q115_00b_hanako.scenesolution,q115_00b_mikoshi,logic,8,scnbeventsSocketDescriptor,1
base\quest\testgym\q115_00b_hanako.scenesolution,q115_00b_mikoshi,VFX,15,scnbeventsVFXEventDescriptor,2
base\quest\testgym\q115_00b_hanako.scenesolution,q115_00b_mikoshi,VFX,15,scnbeventsVFXEventDescriptor,2
base\quest\testgym\q115_00b_hanako.scenesolution,q115_00b_mikoshi,facial,5,toolsChangeIdleAnimDescriptor,1
base\quest\testgym\q115_00b_hanako.scenesolution,q115_00b_mikoshi_go_one,dialog lines,1,toolsDialogLineEventDescriptor,2
base\quest\testgym\q115_00b_hanako.scenesolution,q115_00b_mikoshi_go_one,dialog lines,1,toolsDialogLineEventDescriptor,2
base\quest\testgym\q115_00b_hanako.scenesolution,q115_00b_mikoshi_go_one,Player,2,,0
base\quest\testgym\q115_00b_hanako.scenesolution,q115_00b_mikoshi_go_one,idle,3,,0
base\quest\testgym\q115_00b_hanako.scenesolution,q115_00b_mikoshi_go_one,animation,4,,0
base\quest\testgym\q115_00b_hanako.scenesolution,q115_00b_mikoshi_go_one,facial,5,,0
base\quest\testgym\q115_00b_hanako.scenesolution,q115_00b_mikoshi_go_one,lookAt,6,,0
base\quest\testgym\q115_00b_hanako.scenesolution,q115_00b_mikoshi_go_one,logic,8,scnbeventsSocketDescriptor,1
base\quest\testgym\q115_00b_hanako.scenesolution,q115_00b_mikoshi_how_is_that,dialog lines,1,toolsDialogLineEventDescriptor,1
base\quest\testgym\q115_00b_hanako.scenesolution,q115_00b_mikoshi_how_is_that,Player,2,,0
base\quest\testgym\q115_00b_hanako.scenesolution,q115_00b_mikoshi_how_is_that,idle,3,,0
base\quest\testgym\q115_00b_hanako.scenesolution,q115_00b_mikoshi_how_is_that,animation,4,,0
base\quest\testgym\q115_00b_hanako.scenesolution,q115_00b_mikoshi_how_is_that,facial,5,,0
base\quest\testgym\q115_00b_hanako.scenesolution,q115_00b_mikoshi_how_is_that,lookAt,6,,0
base\quest\testgym\q115_00b_hanako.scenesolution,q115_00b_mikoshi_how_is_that,logic,8,scnbeventsSocketDescriptor,1
base\quest\testgym\q115_00b_hanako.scenesolution,q115_00b_my_brother,dialog lines,1,toolsDialogLineEventDescriptor,2
base\quest\testgym\q115_00b_hanako.scenesolution,q115_00b_my_brother,dialog lines,1,toolsDialogLineEventDescriptor,2
base\quest\testgym\q115_00b_hanako.scenesolution,q115_00b_my_brother,hanako,2,,0
base\quest\testgym\q115_00b_hanako.scenesolution,q115_00b_my_brother,idle,3,,0
base\quest\testgym\q115_00b_hanako.scenesolution,q115_00b_my_brother,animation,4,,0
base\quest\testgym\q115_00b_hanako.scenesolution,q115_00b_my_brother,facial,5,toolsChangeIdleAnimDescriptor,1
base\quest\testgym\q115_00b_hanako.scenesolution,q115_00b_my_brother,lookAt,6,toolsLookAtDescriptor,1
base\quest\testgym\q115_00b_hanako.scenesolution,q115_00b_my_brother,logic,8,scnbeventsSocketDescriptor,1
base\quest\testgym\q115_00b_hanako.scenesolution,q115_00b_my_brother,johnny,2,,0
base\quest\testgym\q115_00b_hanako.scenesolution,q115_00b_my_brother,idle,3,,0
base\quest\testgym\q115_00b_hanako.scenesolution,q115_00b_my_brother,animation,4,,0
base\quest\testgym\q115_00b_hanako.scenesolution,q115_00b_my_brother,facial,5,,0
base\quest\testgym\q115_00b_hanako.scenesolution,q115_00b_my_brother,lookAt,6,,0
base\quest\testgym\q115_00b_hanako.scenesolution,q115_00b_my_brother,logic,8,scnbeventsSocketDescriptor,1
base\quest\testgym\q115_00b_hanako.scenesolution,q115_00b_hanako_greet,dialog lines,1,toolsDialogLineEventDescriptor,1
base\quest\testgym\q115_00b_hanako.scenesolution,q115_00b_hanako_greet,hanako,2,,0
base\quest\testgym\q115_00b_hanako.scenesolution,q115_00b_hanako_greet,idle,3,,0
base\quest\testgym\q115_00b_hanako.scenesolution,q115_00b_hanako_greet,animation,4,,0
base\quest\testgym\q115_00b_hanako.scenesolution,q115_00b_hanako_greet,facial,5,toolsPlaySkAnimDescriptor,1
base\quest\testgym\q115_00b_hanako.scenesolution,q115_00b_hanako_greet,lookAt,6,,0
base\quest\testgym\q115_00b_hanako.scenesolution,q115_00b_hanako_greet,logic,8,scnbeventsSocketDescriptor,1
base\quest\testgym\q115_00b_hanako.scenesolution,q115_00b_hanako_nervous,dialog lines,1,toolsDialogLineEventDescriptor,5
base\quest\testgym\q115_00b_hanako.scenesolution,q115_00b_hanako_nervous,dialog lines,1,toolsDialogLineEventDescriptor,5
base\quest\testgym\q115_00b_hanako.scenesolution,q115_00b_hanako_nervous,dialog lines,1,toolsDialogLineEventDescriptor,5
base\quest\testgym\q115_00b_hanako.scenesolution,q115_00b_hanako_nervous,dialog lines,1,toolsDialogLineEventDescriptor,5
base\quest\testgym\q115_00b_hanako.scenesolution,q115_00b_hanako_nervous,dialog lines,1,toolsDialogLineEventDescriptor,5
base\quest\testgym\q115_00b_hanako.scenesolution,q115_00b_hanako_nervous,hanako,2,,0
base\quest\testgym\q115_00b_hanako.scenesolution,q115_00b_hanako_nervous,idle,3,scnbeventsChangeWorkEvent,2
base\quest\testgym\q115_00b_hanako.scenesolution,q115_00b_hanako_nervous,idle,3,scnbeventsChangeWorkEvent,2
base\quest\testgym\q115_00b_hanako.scenesolution,q115_00b_hanako_nervous,animation,4,toolsPlaySkAnimDescriptor,2
base\quest\testgym\q115_00b_hanako.scenesolution,q115_00b_hanako_nervous,animation,4,toolsPlaySkAnimDescriptor,2
base\quest\testgym\q115_00b_hanako.scenesolution,q115_00b_hanako_nervous,facial,5,toolsPlaySkAnimDescriptor,3
base\quest\testgym\q115_00b_hanako.scenesolution,q115_00b_hanako_nervous,facial,5,toolsPlaySkAnimDescriptor,3
base\quest\testgym\q115_00b_hanako.scenesolution,q115_00b_hanako_nervous,facial,5,toolsPlaySkAnimDescriptor,3
base\quest\testgym\q115_00b_hanako.scenesolution,q115_00b_hanako_nervous,lookAt,6,toolsChangeIdleAnimDescriptor,2
base\quest\testgym\q115_00b_hanako.scenesolution,q115_00b_hanako_nervous,lookAt,6,toolsChangeIdleAnimDescriptor,2
base\quest\testgym\q115_00b_hanako.scenesolution,q115_00b_hanako_nervous,logic,8,scnbeventsSocketDescriptor,1
base\quest\testgym\q115_00b_hanako.scenesolution,q115_00b_what_hanako,dialog lines,1,toolsDialogLineEventDescriptor,4
base\quest\testgym\q115_00b_hanako.scenesolution,q115_00b_what_hanako,dialog lines,1,toolsDialogLineEventDescriptor,4
base\quest\testgym\q115_00b_hanako.scenesolution,q115_00b_what_hanako,dialog lines,1,toolsDialogLineEventDescriptor,4
base\quest\testgym\q115_00b_hanako.scenesolution,q115_00b_what_hanako,dialog lines,1,toolsDialogLineEventDescriptor,4
base\quest\testgym\q115_00b_hanako.scenesolution,q115_00b_what_hanako,hanako,2,,0
base\quest\testgym\q115_00b_hanako.scenesolution,q115_00b_what_hanako,idle,3,,0
base\quest\testgym\q115_00b_hanako.scenesolution,q115_00b_what_hanako,animation,4,toolsPlaySkAnimDescriptor,2
base\quest\testgym\q115_00b_hanako.scenesolution,q115_00b_what_hanako,animation,4,toolsPlaySkAnimDescriptor,2
base\quest\testgym\q115_00b_hanako.scenesolution,q115_00b_what_hanako,facial,5,toolsPlaySkAnimDescriptor,1
base\quest\testgym\q115_00b_hanako.scenesolution,q115_00b_what_hanako,lookAt,6,toolsLookAtDescriptor,2
base\quest\testgym\q115_00b_hanako.scenesolution,q115_00b_what_hanako,lookAt,6,toolsLookAtDescriptor,2
base\quest\testgym\q115_00b_hanako.scenesolution,q115_00b_what_hanako,logic,8,scnbeventsSocketDescriptor,1
base\quest\testgym\q115_00b_hanako.scenesolution,q115_00b_what_hanako,johnny,2,,0
base\quest\testgym\q115_00b_hanako.scenesolution,q115_00b_what_hanako,idle,3,,0
base\quest\testgym\q115_00b_hanako.scenesolution,q115_00b_what_hanako,animation,4,,0
base\quest\testgym\q115_00b_hanako.scenesolution,q115_00b_what_hanako,facial,5,,0
base\quest\testgym\q115_00b_hanako.scenesolution,q115_00b_what_hanako,lookAt,6,,0
base\quest\testgym\q115_00b_hanako.scenesolution,q115_00b_what_hanako,logic,8,,0
base\quest\testgym\q115_00b_hanako.scenesolution,q115_00b_business_of_arasakas,dialog lines,1,toolsDialogLineEventDescriptor,2
base\quest\testgym\q115_00b_hanako.scenesolution,q115_00b_business_of_arasakas,dialog lines,1,toolsDialogLineEventDescriptor,2
base\quest\testgym\q115_00b_hanako.scenesolution,q115_00b_business_of_arasakas,hanako,2,,0
base\quest\testgym\q115_00b_hanako.scenesolution,q115_00b_business_of_arasakas,idle,3,,0
base\quest\testgym\q115_00b_hanako.scenesolution,q115_00b_business_of_arasakas,animation,4,toolsChangeIdleAnimDescriptor,1
base\quest\testgym\q115_00b_hanako.scenesolution,q115_00b_business_of_arasakas,facial,5,toolsPlaySkAnimDescriptor,2
base\quest\testgym\q115_00b_hanako.scenesolution,q115_00b_business_of_arasakas,facial,5,toolsPlaySkAnimDescriptor,2
base\quest\testgym\q115_00b_hanako.scenesolution,q115_00b_business_of_arasakas,lookAt,6,toolsLookAtDescriptor,1
base\quest\testgym\q115_00b_hanako.scenesolution,q115_00b_business_of_arasakas,logic,8,scnbeventsSocketDescriptor,1
base\quest\testgym\q115_00b_hanako.scenesolution,q115_00b_business_of_arasakas,johnny,2,,0
base\quest\testgym\q115_00b_hanako.scenesolution,q115_00b_business_of_arasakas,idle,3,,0
base\quest\testgym\q115_00b_hanako.scenesolution,q115_00b_business_of_arasakas,animation,4,,0
base\quest\testgym\q115_00b_hanako.scenesolution,q115_00b_business_of_arasakas,facial,5,,0
base\quest\testgym\q115_00b_hanako.scenesolution,q115_00b_business_of_arasakas,lookAt,6,,0
base\quest\testgym\q115_00b_hanako.scenesolution,q115_00b_business_of_arasakas,logic,8,,0
base\quest\testgym\q115_00b_hanako.scenesolution,q115_00b_rather_not_offert,dialog lines,1,toolsDialogLineEventDescriptor,4
base\quest\testgym\q115_00b_hanako.scenesolution,q115_00b_rather_not_offert,dialog lines,1,toolsDialogLineEventDescriptor,4
base\quest\testgym\q115_00b_hanako.scenesolution,q115_00b_rather_not_offert,dialog lines,1,toolsDialogLineEventDescriptor,4
base\quest\testgym\q115_00b_hanako.scenesolution,q115_00b_rather_not_offert,dialog lines,1,toolsDialogLineEventDescriptor,4
base\quest\testgym\q115_00b_hanako.scenesolution,q115_00b_rather_not_offert,hanako,2,,0
base\quest\testgym\q115_00b_hanako.scenesolution,q115_00b_rather_not_offert,idle,3,,0
base\quest\testgym\q115_00b_hanako.scenesolution,q115_00b_rather_not_offert,animation,4,,0
base\quest\testgym\q115_00b_hanako.scenesolution,q115_00b_rather_not_offert,facial,5,toolsChangeIdleAnimDescriptor,2
base\quest\testgym\q115_00b_hanako.scenesolution,q115_00b_rather_not_offert,facial,5,toolsPlaySkAnimDescriptor,2
base\quest\testgym\q115_00b_hanako.scenesolution,q115_00b_rather_not_offert,lookAt,6,,0
base\quest\testgym\q115_00b_hanako.scenesolution,q115_00b_rather_not_offert,logic,8,scnbeventsSocketDescriptor,1
base\quest\testgym\q115_00b_hanako.scenesolution,q115_00b_rather_not_offert,johnny,2,,0
base\quest\testgym\q115_00b_hanako.scenesolution,q115_00b_rather_not_offert,idle,3,,0
base\quest\testgym\q115_00b_hanako.scenesolution,q115_00b_rather_not_offert,animation,4,toolsPlaySkAnimDescriptor,2
base\quest\testgym\q115_00b_hanako.scenesolution,q115_00b_rather_not_offert,animation,4,toolsPlaySkAnimDescriptor,2
base\quest\testgym\q115_00b_hanako.scenesolution,q115_00b_rather_not_offert,facial,5,toolsPlaySkAnimDescriptor,1
base\quest\testgym\q115_00b_hanako.scenesolution,q115_00b_rather_not_offert,lookAt,6,,0
base\quest\testgym\q115_00b_hanako.scenesolution,q115_00b_rather_not_offert,logic,8,,0
base\quest\testgym\q115_00b_hanako.scenesolution,q115_00b_rather_not_offert,guard_02,2,,0
base\quest\testgym\q115_00b_hanako.scenesolution,q115_00b_rather_not_offert,idle,3,scnbeventsChangeWorkEvent,1
base\quest\testgym\q115_00b_hanako.scenesolution,q115_00b_rather_not_offert,animation,4,,0
base\quest\testgym\q115_00b_hanako.scenesolution,q115_00b_rather_not_offert,facial,5,,0
base\quest\testgym\q115_00b_hanako.scenesolution,q115_00b_rather_not_offert,lookAt,6,,0
base\quest\testgym\q115_00b_hanako.scenesolution,q115_00b_rather_not_offert,logic,8,,0
base\quest\testgym\q115_00b_hanako.scenesolution,q115_00b_rather_not_offert,Player,2,,0
base\quest\testgym\q115_00b_hanako.scenesolution,q115_00b_rather_not_offert,idle,3,,0
base\quest\testgym\q115_00b_hanako.scenesolution,q115_00b_rather_not_offert,animation,4,,0
base\quest\testgym\q115_00b_hanako.scenesolution,q115_00b_rather_not_offert,facial,5,,0
base\quest\testgym\q115_00b_hanako.scenesolution,q115_00b_rather_not_offert,lookAt,6,,0
base\quest\testgym\q115_00b_hanako.scenesolution,q115_00b_rather_not_offert,logic,8,scnbeventsSocketDescriptor,2
base\quest\testgym\q115_00b_hanako.scenesolution,q115_00b_rather_not_offert,logic,8,scnbeventsSocketDescriptor,2
base\quest\testgym\q115_00b_hanako.scenesolution,q115_00b_kill_brother,dialog lines,1,toolsDialogLineEventDescriptor,2
base\quest\testgym\q115_00b_hanako.scenesolution,q115_00b_kill_brother,dialog lines,1,toolsDialogLineEventDescriptor,2
base\quest\testgym\q115_00b_hanako.scenesolution,q115_00b_kill_brother,hanako,2,,0
base\quest\testgym\q115_00b_hanako.scenesolution,q115_00b_kill_brother,idle,3,,0
base\quest\testgym\q115_00b_hanako.scenesolution,q115_00b_kill_brother,animation,4,,0
base\quest\testgym\q115_00b_hanako.scenesolution,q115_00b_kill_brother,facial,5,toolsPlaySkAnimDescriptor,1
base\quest\testgym\q115_00b_hanako.scenesolution,q115_00b_kill_brother,lookAt,6,,0
base\quest\testgym\q115_00b_hanako.scenesolution,q115_00b_kill_brother,logic,8,scnbeventsSocketDescriptor,1
base\quest\testgym\q115_00b_hanako.scenesolution,q115_00b_good_offert,dialog lines,1,toolsDialogLineEventDescriptor,3
base\quest\testgym\q115_00b_hanako.scenesolution,q115_00b_good_offert,dialog lines,1,toolsDialogLineEventDescriptor,3
base\quest\testgym\q115_00b_hanako.scenesolution,q115_00b_good_offert,dialog lines,1,toolsDialogLineEventDescriptor,3
base\quest\testgym\q115_00b_hanako.scenesolution,q115_00b_good_offert,hanako,2,,0
base\quest\testgym\q115_00b_hanako.scenesolution,q115_00b_good_offert,idle,3,,0
base\quest\testgym\q115_00b_hanako.scenesolution,q115_00b_good_offert,animation,4,toolsPlaySkAnimDescriptor,1
base\quest\testgym\q115_00b_hanako.scenesolution,q115_00b_good_offert,facial,5,toolsPlaySkAnimDescriptor,2
base\quest\testgym\q115_00b_hanako.scenesolution,q115_00b_good_offert,facial,5,toolsPlaySkAnimDescriptor,2
base\quest\testgym\q115_00b_hanako.scenesolution,q115_00b_good_offert,lookAt,6,toolsLookAtDescriptor,2
base\quest\testgym\q115_00b_hanako.scenesolution,q115_00b_good_offert,lookAt,6,toolsChangeIdleAnimDescriptor,2
base\quest\testgym\q115_00b_hanako.scenesolution,q115_00b_good_offert,logic,8,toolsLookAtDescriptor,1
base\quest\testgym\q115_00b_hanako.scenesolution,q115_00b_good_offert,guard_02,2,,0
base\quest\testgym\q115_00b_hanako.scenesolution,q115_00b_good_offert,idle,3,,0
base\quest\testgym\q115_00b_hanako.scenesolution,q115_00b_good_offert,animation,4,,0
base\quest\testgym\q115_00b_hanako.scenesolution,q115_00b_good_offert,facial,5,,0
base\quest\testgym\q115_00b_hanako.scenesolution,q115_00b_good_offert,lookAt,6,,0
base\quest\testgym\q115_00b_hanako.scenesolution,q115_00b_good_offert,logic,8,,0
base\quest\testgym\q115_00b_hanako.scenesolution,q115_00b_good_offert,johnny,2,,0
base\quest\testgym\q115_00b_hanako.scenesolution,q115_00b_good_offert,idle,3,,0
base\quest\testgym\q115_00b_hanako.scenesolution,q115_00b_good_offert,animation,4,toolsPlaySkAnimDescriptor,1
base\quest\testgym\q115_00b_hanako.scenesolution,q115_00b_good_offert,facial,5,,0
base\quest\testgym\q115_00b_hanako.scenesolution,q115_00b_good_offert,lookAt,6,,0
base\quest\testgym\q115_00b_hanako.scenesolution,q115_00b_good_offert,logic,8,scnbeventsSocketDescriptor,2
base\quest\testgym\q115_00b_hanako.scenesolution,q115_00b_good_offert,logic,8,scnbeventsSocketDescriptor,2
base\quest\testgym\q115_00b_hanako.scenesolution,q115_00b_good_offert,guard_01,2,,0
base\quest\testgym\q115_00b_hanako.scenesolution,q115_00b_good_offert,idle,3,scnbeventsChangeWorkEvent,1
base\quest\testgym\q115_00b_hanako.scenesolution,q115_00b_good_offert,animation,4,,0
base\quest\testgym\q115_00b_hanako.scenesolution,q115_00b_good_offert,facial,5,,0
base\quest\testgym\q115_00b_hanako.scenesolution,q115_00b_good_offert,lookAt,6,,0
base\quest\testgym\q115_00b_hanako.scenesolution,q115_00b_good_offert,logic,8,,0
base\quest\testgym\q115_00b_hanako.scenesolution,q115_00b_good_offert,Player,2,,0
base\quest\testgym\q115_00b_hanako.scenesolution,q115_00b_good_offert,idle,3,,0
base\quest\testgym\q115_00b_hanako.scenesolution,q115_00b_good_offert,animation,4,,0
base\quest\testgym\q115_00b_hanako.scenesolution,q115_00b_good_offert,facial,5,,0
base\quest\testgym\q115_00b_hanako.scenesolution,q115_00b_good_offert,lookAt,6,,0
base\quest\testgym\q115_00b_hanako.scenesolution,q115_00b_good_offert,logic,8,scnbeventsSocketDescriptor,2
base\quest\testgym\q115_00b_hanako.scenesolution,q115_00b_good_offert,logic,8,scnbeventsSocketDescriptor,2
base\quest\testgym\q115_00b_hanako.scenesolution,q115_00b_hanako_conclusion,dialog lines,1,toolsDialogLineEventDescriptor,9
base\quest\testgym\q115_00b_hanako.scenesolution,q115_00b_hanako_conclusion,dialog lines,1,toolsDialogLineEventDescriptor,9
base\quest\testgym\q115_00b_hanako.scenesolution,q115_00b_hanako_conclusion,dialog lines,1,toolsDialogLineEventDescriptor,9
base\quest\testgym\q115_00b_hanako.scenesolution,q115_00b_hanako_conclusion,dialog lines,1,toolsDialogLineEventDescriptor,9
base\quest\testgym\q115_00b_hanako.scenesolution,q115_00b_hanako_conclusion,dialog lines,1,toolsDialogLineEventDescriptor,9
base\quest\testgym\q115_00b_hanako.scenesolution,q115_00b_hanako_conclusion,dialog lines,1,toolsDialogLineEventDescriptor,9
base\quest\testgym\q115_00b_hanako.scenesolution,q115_00b_hanako_conclusion,dialog lines,1,toolsDialogLineEventDescriptor,9
base\quest\testgym\q115_00b_hanako.scenesolution,q115_00b_hanako_conclusion,dialog lines,1,toolsDialogLineEventDescriptor,9
base\quest\testgym\q115_00b_hanako.scenesolution,q115_00b_hanako_conclusion,dialog lines,1,toolsDialogLineEventDescriptor,9
base\quest\testgym\q115_00b_hanako.scenesolution,q115_00b_hanako_conclusion,hanako,2,,0
base\quest\testgym\q115_00b_hanako.scenesolution,q115_00b_hanako_conclusion,idle,3,toolsChangeIdleAnimDescriptor,1
base\quest\testgym\q115_00b_hanako.scenesolution,q115_00b_hanako_conclusion,animation,4,toolsPlaySkAnimDescriptor,6
base\quest\testgym\q115_00b_hanako.scenesolution,q115_00b_hanako_conclusion,animation,4,toolsPlaySkAnimDescriptor,6
base\quest\testgym\q115_00b_hanako.scenesolution,q115_00b_hanako_conclusion,animation,4,toolsPlaySkAnimDescriptor,6
base\quest\testgym\q115_00b_hanako.scenesolution,q115_00b_hanako_conclusion,animation,4,toolsPlaySkAnimDescriptor,6
base\quest\testgym\q115_00b_hanako.scenesolution,q115_00b_hanako_conclusion,animation,4,toolsPlaySkAnimDescriptor,6
base\quest\testgym\q115_00b_hanako.scenesolution,q115_00b_hanako_conclusion,animation,4,toolsPlaySkAnimDescriptor,6
base\quest\testgym\q115_00b_hanako.scenesolution,q115_00b_hanako_conclusion,facial,5,toolsPlaySkAnimDescriptor,4
base\quest\testgym\q115_00b_hanako.scenesolution,q115_00b_hanako_conclusion,facial,5,toolsPlaySkAnimDescriptor,4
base\quest\testgym\q115_00b_hanako.scenesolution,q115_00b_hanako_conclusion,facial,5,toolsChangeIdleAnimDescriptor,4
base\quest\testgym\q115_00b_hanako.scenesolution,q115_00b_hanako_conclusion,facial,5,toolsChangeIdleAnimDescriptor,4
base\quest\testgym\q115_00b_hanako.scenesolution,q115_00b_hanako_conclusion,lookAt,6,toolsLookAtDescriptor,4
base\quest\testgym\q115_00b_hanako.scenesolution,q115_00b_hanako_conclusion,lookAt,6,toolsLookAtDescriptor,4
base\quest\testgym\q115_00b_hanako.scenesolution,q115_00b_hanako_conclusion,lookAt,6,toolsLookAtDescriptor,4
base\quest\testgym\q115_00b_hanako.scenesolution,q115_00b_hanako_conclusion,lookAt,6,toolsLookAtDescriptor,4
base\quest\testgym\q115_00b_hanako.scenesolution,q115_00b_hanako_conclusion,logic,8,toolsLookAtDescriptor,2
base\quest\testgym\q115_00b_hanako.scenesolution,q115_00b_hanako_conclusion,logic,8,scnbeventsSocketDescriptor,2
base\quest\testgym\q115_00b_hanako.scenesolution,q115_00b_hanako_conclusion,johnny,2,,0
base\quest\testgym\q115_00b_hanako.scenesolution,q115_00b_hanako_conclusion,idle,3,scnbeventsChangeWorkEvent,1
base\quest\testgym\q115_00b_hanako.scenesolution,q115_00b_hanako_conclusion,animation,4,toolsPlaySkAnimDescriptor,3
base\quest\testgym\q115_00b_hanako.scenesolution,q115_00b_hanako_conclusion,animation,4,toolsPlaySkAnimDescriptor,3
base\quest\testgym\q115_00b_hanako.scenesolution,q115_00b_hanako_conclusion,animation,4,toolsPlaySkAnimDescriptor,3
base\quest\testgym\q115_00b_hanako.scenesolution,q115_00b_hanako_conclusion,facial,5,,0
base\quest\testgym\q115_00b_hanako.scenesolution,q115_00b_hanako_conclusion,lookAt,6,toolsLookAtDescriptor,6
base\quest\testgym\q115_00b_hanako.scenesolution,q115_00b_hanako_conclusion,lookAt,6,toolsLookAtDescriptor,6
base\quest\testgym\q115_00b_hanako.scenesolution,q115_00b_hanako_conclusion,lookAt,6,toolsLookAtDescriptor,6
base\quest\testgym\q115_00b_hanako.scenesolution,q115_00b_hanako_conclusion,lookAt,6,toolsLookAtDescriptor,6
base\quest\testgym\q115_00b_hanako.scenesolution,q115_00b_hanako_conclusion,lookAt,6,toolsLookAtDescriptor,6
base\quest\testgym\q115_00b_hanako.scenesolution,q115_00b_hanako_conclusion,lookAt,6,scnbeventsAttachPropDescriptor,6
base\quest\testgym\q115_00b_hanako.scenesolution,q115_00b_hanako_conclusion,logic,8,scnbeventsSocketDescriptor,3
base\quest\testgym\q115_00b_hanako.scenesolution,q115_00b_hanako_conclusion,logic,8,scnbeventsSocketDescriptor,3
base\quest\testgym\q115_00b_hanako.scenesolution,q115_00b_hanako_conclusion,logic,8,scnbeventsSocketDescriptor,3
base\quest\testgym\q115_00b_hanako.scenesolution,q115_00b_hanako_conclusion,guard_02,2,,0
base\quest\testgym\q115_00b_hanako.scenesolution,q115_00b_hanako_conclusion,idle,3,scnbeventsStopWorkEvent,1
base\quest\testgym\q115_00b_hanako.scenesolution,q115_00b_hanako_conclusion,animation,4,,0
base\quest\testgym\q115_00b_hanako.scenesolution,q115_00b_hanako_conclusion,facial,5,,0
base\quest\testgym\q115_00b_hanako.scenesolution,q115_00b_hanako_conclusion,lookAt,6,,0
base\quest\testgym\q115_00b_hanako.scenesolution,q115_00b_hanako_conclusion,logic,8,scnbeventsSocketDescriptor,1
base\quest\testgym\q115_00b_hanako.scenesolution,q115_00b_hanako_conclusion,guard_01,2,,0
base\quest\testgym\q115_00b_hanako.scenesolution,q115_00b_hanako_conclusion,idle,3,scnbeventsChangeWorkEvent,1
base\quest\testgym\q115_00b_hanako.scenesolution,q115_00b_hanako_conclusion,animation,4,toolsPlaySkAnimDescriptor,1
base\quest\testgym\q115_00b_hanako.scenesolution,q115_00b_hanako_conclusion,facial,5,,0
base\quest\testgym\q115_00b_hanako.scenesolution,q115_00b_hanako_conclusion,lookAt,6,toolsLookAtDescriptor,4
base\quest\testgym\q115_00b_hanako.scenesolution,q115_00b_hanako_conclusion,lookAt,6,toolsLookAtDescriptor,4
base\quest\testgym\q115_00b_hanako.scenesolution,q115_00b_hanako_conclusion,lookAt,6,toolsLookAtDescriptor,4
base\quest\testgym\q115_00b_hanako.scenesolution,q115_00b_hanako_conclusion,lookAt,6,toolsLookAtDescriptor,4
base\quest\testgym\q115_00b_hanako.scenesolution,q115_00b_hanako_conclusion,logic,8,,0
base\quest\testgym\q115_00b_hanako.scenesolution,q115_00b_hanako_conclusion,Player,2,,0
base\quest\testgym\q115_00b_hanako.scenesolution,q115_00b_hanako_conclusion,idle,3,,0
base\quest\testgym\q115_00b_hanako.scenesolution,q115_00b_hanako_conclusion,animation,4,,0
base\quest\testgym\q115_00b_hanako.scenesolution,q115_00b_hanako_conclusion,facial,5,,0
base\quest\testgym\q115_00b_hanako.scenesolution,q115_00b_hanako_conclusion,lookAt,6,scnbeventsAttachPropDescriptor,1
base\quest\testgym\q115_00b_hanako.scenesolution,q115_00b_hanako_conclusion,logic,8,,0
base\quest\testgym\q115_00b_hanako.scenesolution,q115_00b_inside_fluff,dialog lines,1,toolsDialogLineEventDescriptor,5
base\quest\testgym\q115_00b_hanako.scenesolution,q115_00b_inside_fluff,dialog lines,1,toolsDialogLineEventDescriptor,5
base\quest\testgym\q115_00b_hanako.scenesolution,q115_00b_inside_fluff,dialog lines,1,toolsDialogLineEventDescriptor,5
base\quest\testgym\q115_00b_hanako.scenesolution,q115_00b_inside_fluff,dialog lines,1,toolsDialogLineEventDescriptor,5
base\quest\testgym\q115_00b_hanako.scenesolution,q115_00b_inside_fluff,dialog lines,1,toolsDialogLineEventDescriptor,5
base\quest\testgym\q115_00b_hanako.scenesolution,q115_00b_inside_fluff,hanako,2,,0
base\quest\testgym\q115_00b_hanako.scenesolution,q115_00b_inside_fluff,idle,3,,0
base\quest\testgym\q115_00b_hanako.scenesolution,q115_00b_inside_fluff,animation,4,toolsPlaySkAnimDescriptor,1
base\quest\testgym\q115_00b_hanako.scenesolution,q115_00b_inside_fluff,facial,5,toolsPlaySkAnimDescriptor,1
base\quest\testgym\q115_00b_hanako.scenesolution,q115_00b_inside_fluff,facial (1),5,toolsChangeIdleAnimDescriptor,2
base\quest\testgym\q115_00b_hanako.scenesolution,q115_00b_inside_fluff,facial (1),5,toolsChangeIdleAnimDescriptor,2
base\quest\testgym\q115_00b_hanako.scenesolution,q115_00b_inside_fluff,lookAt,6,toolsLookAtDescriptor,1
base\quest\testgym\q115_00b_hanako.scenesolution,q115_00b_inside_fluff,logic,8,scnbeventsSocketDescriptor,1
base\quest\testgym\q115_00b_hanako.scenesolution,q115_00b_hanako_power_fluff,dialog lines,1,toolsDialogLineEventDescriptor,6
base\quest\testgym\q115_00b_hanako.scenesolution,q115_00b_hanako_power_fluff,dialog lines,1,toolsDialogLineEventDescriptor,6
base\quest\testgym\q115_00b_hanako.scenesolution,q115_00b_hanako_power_fluff,dialog lines,1,toolsDialogLineEventDescriptor,6
base\quest\testgym\q115_00b_hanako.scenesolution,q115_00b_hanako_power_fluff,dialog lines,1,toolsDialogLineEventDescriptor,6
base\quest\testgym\q115_00b_hanako.scenesolution,q115_00b_hanako_power_fluff,dialog lines,1,toolsDialogLineEventDescriptor,6
base\quest\testgym\q115_00b_hanako.scenesolution,q115_00b_hanako_power_fluff,dialog lines,1,toolsDialogLineEventDescriptor,6
base\quest\testgym\q115_00b_hanako.scenesolution,q115_00b_hanako_power_fluff,hanako,2,,0
base\quest\testgym\q115_00b_hanako.scenesolution,q115_00b_hanako_power_fluff,idle,3,,0
base\quest\testgym\q115_00b_hanako.scenesolution,q115_00b_hanako_power_fluff,animation,4,toolsPlaySkAnimDescriptor,2
base\quest\testgym\q115_00b_hanako.scenesolution,q115_00b_hanako_power_fluff,animation,4,toolsPlaySkAnimDescriptor,2
base\quest\testgym\q115_00b_hanako.scenesolution,q115_00b_hanako_power_fluff,facial,5,toolsPlaySkAnimDescriptor,4
base\quest\testgym\q115_00b_hanako.scenesolution,q115_00b_hanako_power_fluff,facial,5,toolsPlaySkAnimDescriptor,4
base\quest\testgym\q115_00b_hanako.scenesolution,q115_00b_hanako_power_fluff,facial,5,toolsPlaySkAnimDescriptor,4
base\quest\testgym\q115_00b_hanako.scenesolution,q115_00b_hanako_power_fluff,facial,5,toolsPlaySkAnimDescriptor,4
base\quest\testgym\q115_00b_hanako.scenesolution,q115_00b_hanako_power_fluff,facial (1),5,toolsPlaySkAnimDescriptor,3
base\quest\testgym\q115_00b_hanako.scenesolution,q115_00b_hanako_power_fluff,facial (1),5,toolsChangeIdleAnimDescriptor,3
base\quest\testgym\q115_00b_hanako.scenesolution,q115_00b_hanako_power_fluff,facial (1),5,toolsChangeIdleAnimDescriptor,3
base\quest\testgym\q115_00b_hanako.scenesolution,q115_00b_hanako_power_fluff,facial (2),5,,0
base\quest\testgym\q115_00b_hanako.scenesolution,q115_00b_hanako_power_fluff,lookAt,6,toolsLookAtDescriptor,4
base\quest\testgym\q115_00b_hanako.scenesolution,q115_00b_hanako_power_fluff,lookAt,6,toolsLookAtDescriptor,4
base\quest\testgym\q115_00b_hanako.scenesolution,q115_00b_hanako_power_fluff,lookAt,6,toolsLookAtDescriptor,4
base\quest\testgym\q115_00b_hanako.scenesolution,q115_00b_hanako_power_fluff,lookAt,6,toolsLookAtDescriptor,4
base\quest\testgym\q115_00b_hanako.scenesolution,q115_00b_hanako_power_fluff,logic,8,scnbeventsAttachPropDescriptor,2
base\quest\testgym\q115_00b_hanako.scenesolution,q115_00b_hanako_power_fluff,logic,8,scnbeventsAttachPropDescriptor,2
base\quest\testgym\q115_00b_hanako.scenesolution,q115_00b_hanako_power_fluff,johnny,2,,0
base\quest\testgym\q115_00b_hanako.scenesolution,q115_00b_hanako_power_fluff,idle,3,scnbeventsChangeWorkEvent,1
base\quest\testgym\q115_00b_hanako.scenesolution,q115_00b_hanako_power_fluff,animation,4,,0
base\quest\testgym\q115_00b_hanako.scenesolution,q115_00b_hanako_power_fluff,facial,5,,0
base\quest\testgym\q115_00b_hanako.scenesolution,q115_00b_hanako_power_fluff,lookAt,6,,0
base\quest\testgym\q115_00b_hanako.scenesolution,q115_00b_hanako_power_fluff,logic,8,,0
base\quest\testgym\q115_00b_hanako.scenesolution,q115_00b_hanako_power_fluff,VFX,15,scnbeventsVFXEventDescriptor,3
base\quest\testgym\q115_00b_hanako.scenesolution,q115_00b_hanako_power_fluff,VFX,15,scnbeventsVFXEventDescriptor,3
base\quest\testgym\q115_00b_hanako.scenesolution,q115_00b_hanako_power_fluff,VFX,15,scnbeventsVFXEventDescriptor,3
base\quest\testgym\q115_00b_hanako.scenesolution,q115_00b_v_getting_out,dialog lines,1,toolsDialogLineEventDescriptor,2
base\quest\testgym\q115_00b_hanako.scenesolution,q115_00b_v_getting_out,dialog lines,1,toolsDialogLineEventDescriptor,2
base\quest\testgym\q115_00b_hanako.scenesolution,q115_00b_v_getting_out,johnny,2,,0
base\quest\testgym\q115_00b_hanako.scenesolution,q115_00b_v_getting_out,idle,3,,0
base\quest\testgym\q115_00b_hanako.scenesolution,q115_00b_v_getting_out,animation,4,,0
base\quest\testgym\q115_00b_hanako.scenesolution,q115_00b_v_getting_out,facial,5,,0
base\quest\testgym\q115_00b_hanako.scenesolution,q115_00b_v_getting_out,lookAt,6,,0
base\quest\testgym\q115_00b_hanako.scenesolution,q115_00b_v_getting_out,logic,8,scnbeventsSocketDescriptor,1
base\quest\testgym\q115_00b_hanako.scenesolution,q115_00b_v_getting_out,hanako,2,,0
base\quest\testgym\q115_00b_hanako.scenesolution,q115_00b_v_getting_out,idle,3,toolsPlaySkAnimDescriptor,1
base\quest\testgym\q115_00b_hanako.scenesolution,q115_00b_v_getting_out,animation,4,,0
base\quest\testgym\q115_00b_hanako.scenesolution,q115_00b_v_getting_out,facial,5,toolsChangeIdleAnimDescriptor,1
base\quest\testgym\q115_00b_hanako.scenesolution,q115_00b_v_getting_out,lookAt,6,,0
base\quest\testgym\q115_00b_hanako.scenesolution,q115_00b_v_getting_out,logic,8,,0
base\quest\testgym\q115_00b_hanako.scenesolution,q115_00b_let_me_hear,dialog lines,1,toolsDialogLineEventDescriptor,3
base\quest\testgym\q115_00b_hanako.scenesolution,q115_00b_let_me_hear,dialog lines,1,toolsDialogLineEventDescriptor,3
base\quest\testgym\q115_00b_hanako.scenesolution,q115_00b_let_me_hear,dialog lines,1,toolsDialogLineEventDescriptor,3
base\quest\testgym\q115_00b_hanako.scenesolution,q115_00b_let_me_hear,johnny,2,,0
base\quest\testgym\q115_00b_hanako.scenesolution,q115_00b_let_me_hear,idle,3,,0
base\quest\testgym\q115_00b_hanako.scenesolution,q115_00b_let_me_hear,animation,4,toolsPlaySkAnimDescriptor,1
base\quest\testgym\q115_00b_hanako.scenesolution,q115_00b_let_me_hear,facial,5,toolsPlaySkAnimDescriptor,1
base\quest\testgym\q115_00b_hanako.scenesolution,q115_00b_let_me_hear,lookAt,6,toolsLookAtDescriptor,2
base\quest\testgym\q115_00b_hanako.scenesolution,q115_00b_let_me_hear,lookAt,6,toolsLookAtDescriptor,2
base\quest\testgym\q115_00b_hanako.scenesolution,q115_00b_let_me_hear,logic,8,scnbeventsSocketDescriptor,1
base\quest\testgym\q115_00b_hanako.scenesolution,q115_00b_v_doesnt_get_it,dialog lines,1,toolsDialogLineEventDescriptor,2
base\quest\testgym\q115_00b_hanako.scenesolution,q115_00b_v_doesnt_get_it,dialog lines,1,toolsDialogLineEventDescriptor,2
base\quest\testgym\q115_00b_hanako.scenesolution,q115_00b_v_doesnt_get_it,hanako,2,,0
base\quest\testgym\q115_00b_hanako.scenesolution,q115_00b_v_doesnt_get_it,idle,3,,0
base\quest\testgym\q115_00b_hanako.scenesolution,q115_00b_v_doesnt_get_it,animation,4,toolsPlaySkAnimDescriptor,1
base\quest\testgym\q115_00b_hanako.scenesolution,q115_00b_v_doesnt_get_it,facial,5,toolsChangeIdleAnimDescriptor,1
base\quest\testgym\q115_00b_hanako.scenesolution,q115_00b_v_doesnt_get_it,lookAt,6,,0
base\quest\testgym\q115_00b_hanako.scenesolution,q115_00b_v_doesnt_get_it,logic,8,,0
base\quest\testgym\q115_00b_hanako.scenesolution,q115_00b_as_hanako_wish,dialog lines,1,toolsDialogLineEventDescriptor,1
base\quest\testgym\q115_00b_hanako.scenesolution,q115_00b_blue_about_hanako,dialog lines,1,toolsDialogLineEventDescriptor,4
base\quest\testgym\q115_00b_hanako.scenesolution,q115_00b_blue_about_hanako,dialog lines,1,toolsDialogLineEventDescriptor,4
base\quest\testgym\q115_00b_hanako.scenesolution,q115_00b_blue_about_hanako,dialog lines,1,toolsDialogLineEventDescriptor,4
base\quest\testgym\q115_00b_hanako.scenesolution,q115_00b_blue_about_hanako,dialog lines,1,toolsDialogLineEventDescriptor,4
base\quest\testgym\q115_00b_hanako.scenesolution,q115_00b_blue_about_hanako,hanako,2,,0
base\quest\testgym\q115_00b_hanako.scenesolution,q115_00b_blue_about_hanako,idle,3,toolsPlaySkAnimDescriptor,1
base\quest\testgym\q115_00b_hanako.scenesolution,q115_00b_blue_about_hanako,animation,4,scnbeventsAttachPropDescriptor,3
base\quest\testgym\q115_00b_hanako.scenesolution,q115_00b_blue_about_hanako,animation,4,scnbeventsAttachPropDescriptor,3
base\quest\testgym\q115_00b_hanako.scenesolution,q115_00b_blue_about_hanako,animation,4,toolsPlaySkAnimDescriptor,3
base\quest\testgym\q115_00b_hanako.scenesolution,q115_00b_blue_about_hanako,facial,5,toolsPlaySkAnimDescriptor,2
base\quest\testgym\q115_00b_hanako.scenesolution,q115_00b_blue_about_hanako,facial,5,toolsPlaySkAnimDescriptor,2
base\quest\testgym\q115_00b_hanako.scenesolution,q115_00b_blue_about_hanako,lookAt,6,toolsLookAtDescriptor,1
base\quest\testgym\q115_00b_hanako.scenesolution,q115_00b_blue_about_hanako,logic,8,scnbeventsSocketDescriptor,1
base\quest\testgym\q115_00b_hanako.scenesolution,q115_00b_blue_about_hanako,VFX,15,scnbeventsVFXEventDescriptor,3
base\quest\testgym\q115_00b_hanako.scenesolution,q115_00b_blue_about_hanako,VFX,15,scnbeventsVFXEventDescriptor,3
base\quest\testgym\q115_00b_hanako.scenesolution,q115_00b_blue_about_hanako,VFX,15,scnbeventsVFXEventDescriptor,3
base\quest\testgym\q115_00b_hanako.scenesolution,q115_00b_blue_about_hanako,johnny,2,,0
base\quest\testgym\q115_00b_hanako.scenesolution,q115_00b_blue_about_hanako,idle,3,,0
base\quest\testgym\q115_00b_hanako.scenesolution,q115_00b_blue_about_hanako,animation,4,toolsPlaySkAnimDescriptor,2
base\quest\testgym\q115_00b_hanako.scenesolution,q115_00b_blue_about_hanako,animation,4,scnbeventsChangeWorkEvent,2
base\quest\testgym\q115_00b_hanako.scenesolution,q115_00b_blue_about_hanako,facial,5,toolsPlaySkAnimDescriptor,1
base\quest\testgym\q115_00b_hanako.scenesolution,q115_00b_blue_about_hanako,lookAt,6,,0
base\quest\testgym\q115_00b_hanako.scenesolution,q115_00b_blue_about_hanako,logic,8,,0
base\quest\testgym\q115_00b_hanako.scenesolution,q115_00b_blue_about_hanako,Player,2,,0
base\quest\testgym\q115_00b_hanako.scenesolution,q115_00b_blue_about_hanako,idle,3,,0
base\quest\testgym\q115_00b_hanako.scenesolution,q115_00b_blue_about_hanako,animation,4,,0
base\quest\testgym\q115_00b_hanako.scenesolution,q115_00b_blue_about_hanako,facial,5,,0
base\quest\testgym\q115_00b_hanako.scenesolution,q115_00b_blue_about_hanako,lookAt,6,,0
base\quest\testgym\q115_00b_hanako.scenesolution,q115_00b_blue_about_hanako,logic,8,scnbeventsSocketDescriptor,2
base\quest\testgym\q115_00b_hanako.scenesolution,q115_00b_blue_about_hanako,logic,8,scnbeventsSocketDescriptor,2
base\quest\testgym\q115_00b_hanako.scenesolution,q115_00b_shut_up_johnny,dialog lines,1,toolsDialogLineEventDescriptor,1
base\quest\testgym\q115_00b_hanako.scenesolution,q115_00b_shut_up_johnny,johnny,2,,0
base\quest\testgym\q115_00b_hanako.scenesolution,q115_00b_shut_up_johnny,idle,3,,0
base\quest\testgym\q115_00b_hanako.scenesolution,q115_00b_shut_up_johnny,animation,4,,0
base\quest\testgym\q115_00b_hanako.scenesolution,q115_00b_shut_up_johnny,facial,5,,0
base\quest\testgym\q115_00b_hanako.scenesolution,q115_00b_shut_up_johnny,lookAt,6,toolsLookAtDescriptor,1
base\quest\testgym\q115_00b_hanako.scenesolution,q115_00b_shut_up_johnny,logic,8,scnbeventsSocketDescriptor,1
base\quest\testgym\q115_00b_hanako.scenesolution,q115_00b_what_do_u_mean,dialog lines,1,toolsDialogLineEventDescriptor,3
base\quest\testgym\q115_00b_hanako.scenesolution,q115_00b_what_do_u_mean,dialog lines,1,toolsDialogLineEventDescriptor,3
base\quest\testgym\q115_00b_hanako.scenesolution,q115_00b_what_do_u_mean,dialog lines,1,toolsDialogLineEventDescriptor,3
base\quest\testgym\q115_00b_hanako.scenesolution,q115_00b_what_do_u_mean,Player,2,,0
base\quest\testgym\q115_00b_hanako.scenesolution,q115_00b_what_do_u_mean,idle,3,,0
base\quest\testgym\q115_00b_hanako.scenesolution,q115_00b_what_do_u_mean,animation,4,,0
base\quest\testgym\q115_00b_hanako.scenesolution,q115_00b_what_do_u_mean,facial,5,,0
base\quest\testgym\q115_00b_hanako.scenesolution,q115_00b_what_do_u_mean,lookAt,6,,0
base\quest\testgym\q115_00b_hanako.scenesolution,q115_00b_what_do_u_mean,logic,8,,0
base\quest\testgym\q115_00b_hanako.scenesolution,q115_00b_what_do_u_mean,johnny,2,,0
base\quest\testgym\q115_00b_hanako.scenesolution,q115_00b_what_do_u_mean,idle,3,,0
base\quest\testgym\q115_00b_hanako.scenesolution,q115_00b_what_do_u_mean,animation,4,,0
base\quest\testgym\q115_00b_hanako.scenesolution,q115_00b_what_do_u_mean,facial,5,,0
base\quest\testgym\q115_00b_hanako.scenesolution,q115_00b_what_do_u_mean,lookAt,6,,0
base\quest\testgym\q115_00b_hanako.scenesolution,q115_00b_what_do_u_mean,logic,8,,0
base\quest\testgym\q115_00b_hanako.scenesolution,q115_00b_what_do_u_mean,hanako,2,,0
base\quest\testgym\q115_00b_hanako.scenesolution,q115_00b_what_do_u_mean,idle,3,scnbeventsChangeWorkEvent,1
base\quest\testgym\q115_00b_hanako.scenesolution,q115_00b_what_do_u_mean,animation,4,toolsPlaySkAnimDescriptor,2
base\quest\testgym\q115_00b_hanako.scenesolution,q115_00b_what_do_u_mean,animation,4,toolsPlaySkAnimDescriptor,2
base\quest\testgym\q115_00b_hanako.scenesolution,q115_00b_what_do_u_mean,facial,5,toolsPlaySkAnimDescriptor,2
base\quest\testgym\q115_00b_hanako.scenesolution,q115_00b_what_do_u_mean,facial,5,toolsPlaySkAnimDescriptor,2
base\quest\testgym\q115_00b_hanako.scenesolution,q115_00b_what_do_u_mean,lookAt,6,toolsChangeIdleAnimDescriptor,2
base\quest\testgym\q115_00b_hanako.scenesolution,q115_00b_what_do_u_mean,lookAt,6,toolsChangeIdleAnimDescriptor,2
base\quest\testgym\q115_00b_hanako.scenesolution,q115_00b_what_do_u_mean,logic,8,scnbeventsSocketDescriptor,1
base\quest\testgym\q115_00b_hanako.scenesolution,q115_00b_angry_mean,dialog lines,1,toolsDialogLineEventDescriptor,3
base\quest\testgym\q115_00b_hanako.scenesolution,q115_00b_angry_mean,dialog lines,1,toolsDialogLineEventDescriptor,3
base\quest\testgym\q115_00b_hanako.scenesolution,q115_00b_angry_mean,dialog lines,1,toolsDialogLineEventDescriptor,3
base\quest\testgym\q115_00b_hanako.scenesolution,q115_00b_angry_mean,hanako,2,,0
base\quest\testgym\q115_00b_hanako.scenesolution,q115_00b_angry_mean,idle,3,scnbeventsChangeWorkEvent,1
base\quest\testgym\q115_00b_hanako.scenesolution,q115_00b_angry_mean,animation,4,toolsPlaySkAnimDescriptor,2
base\quest\testgym\q115_00b_hanako.scenesolution,q115_00b_angry_mean,animation,4,toolsPlaySkAnimDescriptor,2
base\quest\testgym\q115_00b_hanako.scenesolution,q115_00b_angry_mean,facial,5,toolsPlaySkAnimDescriptor,2
base\quest\testgym\q115_00b_hanako.scenesolution,q115_00b_angry_mean,facial,5,toolsPlaySkAnimDescriptor,2
base\quest\testgym\q115_00b_hanako.scenesolution,q115_00b_angry_mean,lookAt,6,toolsChangeIdleAnimDescriptor,2
base\quest\testgym\q115_00b_hanako.scenesolution,q115_00b_angry_mean,lookAt,6,toolsChangeIdleAnimDescriptor,2
base\quest\testgym\q115_00b_hanako.scenesolution,q115_00b_angry_mean,logic,8,,0
base\quest\testgym\q115_00b_hanako.scenesolution,q115_00b_angry_mean,johnny,2,,0
base\quest\testgym\q115_00b_hanako.scenesolution,q115_00b_angry_mean,idle,3,,0
base\quest\testgym\q115_00b_hanako.scenesolution,q115_00b_angry_mean,animation,4,,0
base\quest\testgym\q115_00b_hanako.scenesolution,q115_00b_angry_mean,facial,5,,0
base\quest\testgym\q115_00b_hanako.scenesolution,q115_00b_angry_mean,lookAt,6,,0
base\quest\testgym\q115_00b_hanako.scenesolution,q115_00b_angry_mean,logic,8,scnbeventsSocketDescriptor,1
base\quest\testgym\q115_00b_hanako.scenesolution,q115_00b_disturbing_conlusion,dialog lines,1,toolsDialogLineEventDescriptor,1
base\quest\testgym\q115_00b_hanako.scenesolution,q115_00b_disturbing_conlusion,johnny,2,,0
base\quest\testgym\q115_00b_hanako.scenesolution,q115_00b_disturbing_conlusion,idle,3,scnbeventsChangeWorkEvent,1
base\quest\testgym\q115_00b_hanako.scenesolution,q115_00b_disturbing_conlusion,animation,4,scnbeventsChangeWorkEvent,1
base\quest\testgym\q115_00b_hanako.scenesolution,q115_00b_disturbing_conlusion,facial,5,toolsPlaySkAnimDescriptor,1
base\quest\testgym\q115_00b_hanako.scenesolution,q115_00b_disturbing_conlusion,lookAt,6,toolsLookAtDescriptor,2
base\quest\testgym\q115_00b_hanako.scenesolution,q115_00b_disturbing_conlusion,lookAt,6,toolsLookAtDescriptor,2
base\quest\testgym\q115_00b_hanako.scenesolution,q115_00b_disturbing_conlusion,logic,8,scnbeventsSocketDescriptor,2
base\quest\testgym\q115_00b_hanako.scenesolution,q115_00b_disturbing_conlusion,logic,8,scnbeventsSocketDescriptor,2
base\quest\testgym\q115_00b_hanako.scenesolution,q115_00b_disturbing_conlusion,Player,2,,0
base\quest\testgym\q115_00b_hanako.scenesolution,q115_00b_disturbing_conlusion,idle,3,,0
base\quest\testgym\q115_00b_hanako.scenesolution,q115_00b_disturbing_conlusion,animation,4,,0
base\quest\testgym\q115_00b_hanako.scenesolution,q115_00b_disturbing_conlusion,facial,5,,0
base\quest\testgym\q115_00b_hanako.scenesolution,q115_00b_disturbing_conlusion,lookAt,6,,0
base\quest\testgym\q115_00b_hanako.scenesolution,q115_00b_disturbing_conlusion,logic,8,,0
base\quest\testgym\q115_00b_hanako.scenesolution,q115_00b_johnny_pissed,dialog lines,1,toolsDialogLineEventDescriptor,1
base\quest\testgym\q115_00b_hanako.scenesolution,q115_00b_johnny_pissed,johnny,2,,0
base\quest\testgym\q115_00b_hanako.scenesolution,q115_00b_johnny_pissed,idle,3,scnbeventsChangeWorkEvent,1
base\quest\testgym\q115_00b_hanako.scenesolution,q115_00b_johnny_pissed,animation,4,,0
base\quest\testgym\q115_00b_hanako.scenesolution,q115_00b_johnny_pissed,facial,5,toolsChangeIdleAnimDescriptor,1
base\quest\testgym\q115_00b_hanako.scenesolution,q115_00b_johnny_pissed,lookAt,6,toolsLookAtDescriptor,1
base\quest\testgym\q115_00b_hanako.scenesolution,q115_00b_johnny_pissed,logic,8,scnbeventsSocketDescriptor,1
base\quest\testgym\q115_00b_hanako.scenesolution,q115_00b_waitress,dialog lines,1,toolsDialogLineEventDescriptor,1
base\quest\testgym\q115_00b_hanako.scenesolution,q115_00b_waitress,waitress,2,,0
base\quest\testgym\q115_00b_hanako.scenesolution,q115_00b_waitress,idle,3,,0
base\quest\testgym\q115_00b_hanako.scenesolution,q115_00b_waitress,animation,4,toolsPlaySkAnimDescriptor,1
base\quest\testgym\q115_00b_hanako.scenesolution,q115_00b_waitress,facial,5,,0
base\quest\testgym\q115_00b_hanako.scenesolution,q115_00b_waitress,lookAt,6,,0
base\quest\testgym\q115_00b_hanako.scenesolution,q115_00b_waitress,logic,8,,0
base\quest\testgym\q115_00b_hanako.scenesolution,q115_00b_waitress,bartender,2,,0
base\quest\testgym\q115_00b_hanako.scenesolution,q115_00b_waitress,idle,3,,0
base\quest\testgym\q115_00b_hanako.scenesolution,q115_00b_waitress,animation,4,toolsPlaySkAnimDescriptor,1
base\quest\testgym\q115_00b_hanako.scenesolution,q115_00b_waitress,facial,5,,0
base\quest\testgym\q115_00b_hanako.scenesolution,q115_00b_waitress,lookAt,6,,0
base\quest\testgym\q115_00b_hanako.scenesolution,q115_00b_waitress,logic,8,,0
base\quest\testgym\q115_00b_hanako.scenesolution,q115_00b_hanako_inital_pose,dialog lines,1,toolsDialogLineEventDescriptor,1
base\quest\testgym\q115_00b_hanako.scenesolution,q115_00b_hanako_inital_pose,hanako,2,,0
base\quest\testgym\q115_00b_hanako.scenesolution,q115_00b_hanako_inital_pose,idle,3,scnbeventsChangeWorkEvent,1
base\quest\testgym\q115_00b_hanako.scenesolution,q115_00b_hanako_inital_pose,animation,4,,0
base\quest\testgym\q115_00b_hanako.scenesolution,q115_00b_hanako_inital_pose,facial,5,toolsChangeIdleAnimDescriptor,1
base\quest\testgym\q115_00b_hanako.scenesolution,q115_00b_hanako_inital_pose,lookAt,6,toolsLookAtDescriptor,1
base\quest\testgym\q115_00b_hanako.scenesolution,q115_00b_hanako_inital_pose,logic,8,,0
base\quest\testgym\q115_00b_hanako.scenesolution,q115_00b_hanako_inital_pose,waitress,2,,0
base\quest\testgym\q115_00b_hanako.scenesolution,q115_00b_hanako_inital_pose,idle,3,,0
base\quest\testgym\q115_00b_hanako.scenesolution,q115_00b_hanako_inital_pose,animation,4,,0
base\quest\testgym\q115_00b_hanako.scenesolution,q115_00b_hanako_inital_pose,facial,5,,0
base\quest\testgym\q115_00b_hanako.scenesolution,q115_00b_hanako_inital_pose,lookAt,6,,0
base\quest\testgym\q115_00b_hanako.scenesolution,q115_00b_hanako_inital_pose,logic,8,,0
base\quest\testgym\q115_00b_hanako.scenesolution,q115_00b_hanako_inital_pose,guard_01,2,,0
base\quest\testgym\q115_00b_hanako.scenesolution,q115_00b_hanako_inital_pose,idle,3,,0
base\quest\testgym\q115_00b_hanako.scenesolution,q115_00b_hanako_inital_pose,animation,4,,0
base\quest\testgym\q115_00b_hanako.scenesolution,q115_00b_hanako_inital_pose,facial,5,,0
base\quest\testgym\q115_00b_hanako.scenesolution,q115_00b_hanako_inital_pose,lookAt,6,toolsLookAtDescriptor,1
base\quest\testgym\q115_00b_hanako.scenesolution,q115_00b_hanako_inital_pose,logic,8,,0
base\quest\testgym\q115_00b_hanako.scenesolution,q115_00b_johnny_comment_02,dialog lines,1,toolsDialogLineEventDescriptor,1
base\quest\testgym\q115_00b_hanako.scenesolution,q115_00b_johnny_comment_02,johnny,2,,0
base\quest\testgym\q115_00b_hanako.scenesolution,q115_00b_johnny_comment_02,idle,3,,0
base\quest\testgym\q115_00b_hanako.scenesolution,q115_00b_johnny_comment_02,animation,4,toolsPlaySkAnimDescriptor,1
base\quest\testgym\q115_00b_hanako.scenesolution,q115_00b_johnny_comment_02,facial,5,,0
base\quest\testgym\q115_00b_hanako.scenesolution,q115_00b_johnny_comment_02,lookAt,6,toolsLookAtDescriptor,2
base\quest\testgym\q115_00b_hanako.scenesolution,q115_00b_johnny_comment_02,lookAt,6,toolsLookAtDescriptor,2
base\quest\testgym\q115_00b_hanako.scenesolution,q115_00b_johnny_comment_02,logic,8,scnbeventsSocketDescriptor,1
base\quest\testgym\q115_00b_hanako.scenesolution,q115_00b_johnny_comment_03,dialog lines,1,toolsDialogLineEventDescriptor,1
base\quest\testgym\q115_00b_hanako.scenesolution,q115_00b_johnny_comment_03,johnny,2,,0
base\quest\testgym\q115_00b_hanako.scenesolution,q115_00b_johnny_comment_03,idle,3,,0
base\quest\testgym\q115_00b_hanako.scenesolution,q115_00b_johnny_comment_03,animation,4,toolsPlaySkAnimDescriptor,1
base\quest\testgym\q115_00b_hanako.scenesolution,q115_00b_johnny_comment_03,facial,5,toolsChangeIdleAnimDescriptor,1
base\quest\testgym\q115_00b_hanako.scenesolution,q115_00b_johnny_comment_03,lookAt,6,toolsLookAtDescriptor,2
base\quest\testgym\q115_00b_hanako.scenesolution,q115_00b_johnny_comment_03,lookAt,6,toolsLookAtDescriptor,2
base\quest\testgym\q115_00b_hanako.scenesolution,q115_00b_johnny_comment_03,logic,8,scnbeventsSocketDescriptor,2
base\quest\testgym\q115_00b_hanako.scenesolution,q115_00b_johnny_comment_03,logic,8,scnbeventsSocketDescriptor,2
base\quest\testgym\q115_00b_hanako.scenesolution,q115_00b_johnny_comment_04,dialog lines,1,toolsDialogLineEventDescriptor,1
base\quest\testgym\q115_00b_hanako.scenesolution,q115_00b_johnny_comment_04,johnny,2,,0
base\quest\testgym\q115_00b_hanako.scenesolution,q115_00b_johnny_comment_04,idle,3,toolsChangeIdleAnimDescriptor,1
base\quest\testgym\q115_00b_hanako.scenesolution,q115_00b_johnny_comment_04,animation,4,,0
base\quest\testgym\q115_00b_hanako.scenesolution,q115_00b_johnny_comment_04,facial,5,toolsPlaySkAnimDescriptor,1
base\quest\testgym\q115_00b_hanako.scenesolution,q115_00b_johnny_comment_04,lookAt,6,toolsLookAtDescriptor,2
base\quest\testgym\q115_00b_hanako.scenesolution,q115_00b_johnny_comment_04,lookAt,6,toolsLookAtDescriptor,2
base\quest\testgym\q115_00b_hanako.scenesolution,q115_00b_johnny_comment_04,logic,8,scnbeventsSocketDescriptor,1
base\quest\testgym\q115_00b_hanako.scenesolution,q115_00b_hanako_sama,dialog lines,1,toolsDialogLineEventDescriptor,3
base\quest\testgym\q115_00b_hanako.scenesolution,q115_00b_hanako_sama,dialog lines,1,toolsDialogLineEventDescriptor,3
base\quest\testgym\q115_00b_hanako.scenesolution,q115_00b_hanako_sama,dialog lines,1,toolsDialogLineEventDescriptor,3
base\quest\testgym\q115_00b_hanako.scenesolution,q115_00b_hanako_sama,hanako,2,,0
base\quest\testgym\q115_00b_hanako.scenesolution,q115_00b_hanako_sama,idle,3,scnbeventsChangeWorkEvent,1
base\quest\testgym\q115_00b_hanako.scenesolution,q115_00b_hanako_sama,animation,4,toolsPlaySkAnimDescriptor,1
base\quest\testgym\q115_00b_hanako.scenesolution,q115_00b_hanako_sama,facial,5,,0
base\quest\testgym\q115_00b_hanako.scenesolution,q115_00b_hanako_sama,lookAt,6,,0
base\quest\testgym\q115_00b_hanako.scenesolution,q115_00b_hanako_sama,logic,8,scnbeventsSocketDescriptor,1
base\quest\testgym\q115_00b_hanako.scenesolution,q115_00b_hanako_sama,Player,2,,0
base\quest\testgym\q115_00b_hanako.scenesolution,q115_00b_hanako_sama,idle,3,,0
base\quest\testgym\q115_00b_hanako.scenesolution,q115_00b_hanako_sama,animation,4,,0
base\quest\testgym\q115_00b_hanako.scenesolution,q115_00b_hanako_sama,facial,5,,0
base\quest\testgym\q115_00b_hanako.scenesolution,q115_00b_hanako_sama,lookAt,6,,0
base\quest\testgym\q115_00b_hanako.scenesolution,q115_00b_hanako_sama,logic,8,,0
base\quest\testgym\q115_00b_hanako.scenesolution,q115_00b_johnny_reaction,dialog lines,1,toolsDialogLineEventDescriptor,1
base\quest\testgym\q115_00b_hanako.scenesolution,q115_00b_johnny_reaction,johnny,2,,0
base\quest\testgym\q115_00b_hanako.scenesolution,q115_00b_johnny_reaction,idle,3,,0
base\quest\testgym\q115_00b_hanako.scenesolution,q115_00b_johnny_reaction,animation,4,toolsPlaySkAnimDescriptor,1
base\quest\testgym\q115_00b_hanako.scenesolution,q115_00b_johnny_reaction,facial,5,toolsPlaySkAnimDescriptor,1
base\quest\testgym\q115_00b_hanako.scenesolution,q115_00b_johnny_reaction,lookAt,6,toolsLookAtDescriptor,2
base\quest\testgym\q115_00b_hanako.scenesolution,q115_00b_johnny_reaction,lookAt,6,toolsLookAtDescriptor,2
base\quest\testgym\q115_00b_hanako.scenesolution,q115_00b_johnny_reaction,logic,8,,0
base\quest\testgym\q115_00b_hanako.scenesolution,q115_00b_greeting,dialog lines,1,toolsDialogLineEventDescriptor,1
base\quest\testgym\q115_00b_hanako.scenesolution,q115_00b_greeting,hanako,2,,0
base\quest\testgym\q115_00b_hanako.scenesolution,q115_00b_greeting,idle,3,,0
base\quest\testgym\q115_00b_hanako.scenesolution,q115_00b_greeting,animation,4,,0
base\quest\testgym\q115_00b_hanako.scenesolution,q115_00b_greeting,facial,5,,0
base\quest\testgym\q115_00b_hanako.scenesolution,q115_00b_greeting,lookAt,6,,0
base\quest\testgym\q115_00b_hanako.scenesolution,q115_00b_greeting,logic,8,scnbeventsSocketDescriptor,1
base\quest\testgym\q115_00b_hanako.scenesolution,q115_00b_power_conclusion,dialog lines,1,toolsDialogLineEventDescriptor,1
base\quest\testgym\q115_00b_hanako.scenesolution,q115_00b_power_conclusion,johnny,2,,0
base\quest\testgym\q115_00b_hanako.scenesolution,q115_00b_power_conclusion,idle,3,scnbeventsChangeWorkEvent,1
base\quest\testgym\q115_00b_hanako.scenesolution,q115_00b_power_conclusion,animation,4,,0
base\quest\testgym\q115_00b_hanako.scenesolution,q115_00b_power_conclusion,facial,5,,0
base\quest\testgym\q115_00b_hanako.scenesolution,q115_00b_power_conclusion,lookAt,6,,0
base\quest\testgym\q115_00b_hanako.scenesolution,q115_00b_power_conclusion,logic,8,,0
base\quest\testgym\q115_00b_hanako.scenesolution,q115_00b_power_conclusion,hanako,2,,0
base\quest\testgym\q115_00b_hanako.scenesolution,q115_00b_power_conclusion,idle,3,,0
base\quest\testgym\q115_00b_hanako.scenesolution,q115_00b_power_conclusion,animation,4,,0
base\quest\testgym\q115_00b_hanako.scenesolution,q115_00b_power_conclusion,facial,5,toolsChangeIdleAnimDescriptor,1
base\quest\testgym\q115_00b_hanako.scenesolution,q115_00b_power_conclusion,lookAt,6,,0
base\quest\testgym\q115_00b_hanako.scenesolution,q115_00b_power_conclusion,logic,8,scnbeventsSocketDescriptor,1
base\quest\testgym\q115_00b_hanako.scenesolution,q115_00b_johnny_pissed_02,dialog lines,1,toolsDialogLineEventDescriptor,1
base\quest\testgym\q115_00b_hanako.scenesolution,q115_00b_johnny_pissed_02,johnny,2,,0
base\quest\testgym\q115_00b_hanako.scenesolution,q115_00b_johnny_pissed_02,idle,3,scnbeventsChangeWorkEvent,1
base\quest\testgym\q115_00b_hanako.scenesolution,q115_00b_johnny_pissed_02,animation,4,toolsPlaySkAnimDescriptor,1
base\quest\testgym\q115_00b_hanako.scenesolution,q115_00b_johnny_pissed_02,facial,5,toolsChangeIdleAnimDescriptor,1
base\quest\testgym\q115_00b_hanako.scenesolution,q115_00b_johnny_pissed_02,lookAt,6,toolsLookAtDescriptor,2
base\quest\testgym\q115_00b_hanako.scenesolution,q115_00b_johnny_pissed_02,lookAt,6,toolsLookAtDescriptor,2
base\quest\testgym\q115_00b_hanako.scenesolution,q115_00b_johnny_pissed_02,logic,8,scnbeventsSocketDescriptor,1
base\quest\testgym\q115_00b_hanako.scenesolution,q115_00b_johnny_pissed_lookat_reaction,dialog lines,1,toolsDialogLineEventDescriptor,1
base\quest\testgym\q115_00b_hanako.scenesolution,q115_00b_johnny_pissed_lookat_reaction,johnny,2,,0
base\quest\testgym\q115_00b_hanako.scenesolution,q115_00b_johnny_pissed_lookat_reaction,idle,3,,0
base\quest\testgym\q115_00b_hanako.scenesolution,q115_00b_johnny_pissed_lookat_reaction,animation,4,,0
base\quest\testgym\q115_00b_hanako.scenesolution,q115_00b_johnny_pissed_lookat_reaction,facial,5,,0
base\quest\testgym\q115_00b_hanako.scenesolution,q115_00b_johnny_pissed_lookat_reaction,lookAt,6,toolsLookAtDescriptor,1
base\quest\testgym\q115_00b_hanako.scenesolution,q115_00b_johnny_pissed_lookat_reaction,logic,8,scnbeventsSocketDescriptor,1
base\quest\testgym\q115_00b_hanako.scenesolution,q115_00b_johnny_restaurant_crew_comment,dialog lines,1,toolsDialogLineEventDescriptor,1
base\quest\testgym\q115_00b_hanako.scenesolution,q115_00b_johnny_restaurant_crew_comment,johnny,2,,0
base\quest\testgym\q115_00b_hanako.scenesolution,q115_00b_johnny_restaurant_crew_comment,idle,3,,0
base\quest\testgym\q115_00b_hanako.scenesolution,q115_00b_johnny_restaurant_crew_comment,animation,4,,0
base\quest\testgym\q115_00b_hanako.scenesolution,q115_00b_johnny_restaurant_crew_comment,facial,5,,0
base\quest\testgym\q115_00b_hanako.scenesolution,q115_00b_johnny_restaurant_crew_comment,lookAt,6,toolsLookAtDescriptor,2
base\quest\testgym\q115_00b_hanako.scenesolution,q115_00b_johnny_restaurant_crew_comment,lookAt,6,toolsLookAtDescriptor,2
base\quest\testgym\q115_00b_hanako.scenesolution,q115_00b_johnny_restaurant_crew_comment,logic,8,,0
base\quest\testgym\q115_00b_hanako.scenesolution,q115_00b_relax_johnny,dialog lines,1,toolsDialogLineEventDescriptor,1
base\quest\testgym\q115_00b_hanako.scenesolution,q115_00b_relax_johnny,johnny,2,,0
base\quest\testgym\q115_00b_hanako.scenesolution,q115_00b_relax_johnny,idle,3,scnbeventsChangeWorkEvent,1
base\quest\testgym\q115_00b_hanako.scenesolution,q115_00b_relax_johnny,animation,4,toolsPlaySkAnimDescriptor,1
base\quest\testgym\q115_00b_hanako.scenesolution,q115_00b_relax_johnny,facial,5,toolsChangeIdleAnimDescriptor,1
base\quest\testgym\q115_00b_hanako.scenesolution,q115_00b_relax_johnny,lookAt,6,toolsLookAtDescriptor,2
base\quest\testgym\q115_00b_hanako.scenesolution,q115_00b_relax_johnny,lookAt,6,toolsLookAtDescriptor,2
base\quest\testgym\q115_00b_hanako.scenesolution,q115_00b_relax_johnny,logic,8,,0
base\quest\testgym\q115_00b_hanako.scenesolution,q115_00b_no_love_for_corpo,dialog lines,1,toolsDialogLineEventDescriptor,2
base\quest\testgym\q115_00b_hanako.scenesolution,q115_00b_no_love_for_corpo,dialog lines,1,toolsDialogLineEventDescriptor,2
base\quest\testgym\q115_00b_hanako.scenesolution,q115_00b_no_love_for_corpo,johnny,2,,0
base\quest\testgym\q115_00b_hanako.scenesolution,q115_00b_no_love_for_corpo,idle,3,scnbeventsChangeWorkEvent,1
base\quest\testgym\q115_00b_hanako.scenesolution,q115_00b_no_love_for_corpo,animation,4,,0
base\quest\testgym\q115_00b_hanako.scenesolution,q115_00b_no_love_for_corpo,facial,5,toolsChangeIdleAnimDescriptor,1
base\quest\testgym\q115_00b_hanako.scenesolution,q115_00b_no_love_for_corpo,lookAt,6,,0
base\quest\testgym\q115_00b_hanako.scenesolution,q115_00b_no_love_for_corpo,logic,8,scnbeventsSocketDescriptor,1
base\quest\testgym\q115_00b_hanako.scenesolution,q115_00b_v_drinking,dialog lines,1,toolsDialogLineEventDescriptor,1
base\quest\testgym\q115_00b_hanako.scenesolution,q115_00b_v_drinking,Player,2,,0
base\quest\testgym\q115_00b_hanako.scenesolution,q115_00b_v_drinking,idle,3,scnbeventsChangeWorkEvent,1
base\quest\testgym\q115_00b_hanako.scenesolution,q115_00b_v_drinking,animation,4,,0
base\quest\testgym\q115_00b_hanako.scenesolution,q115_00b_v_drinking,facial,5,,0
base\quest\testgym\q115_00b_hanako.scenesolution,q115_00b_v_drinking,lookAt,6,,0
base\quest\testgym\q115_00b_hanako.scenesolution,q115_00b_v_drinking,logic,8,scnbeventsAttachPropDescriptor,4
base\quest\testgym\q115_00b_hanako.scenesolution,q115_00b_v_drinking,logic,8,scnbeventsSocketDescriptor,4
base\quest\testgym\q115_00b_hanako.scenesolution,q115_00b_v_drinking,logic,8,scnbeventsSocketDescriptor,4
base\quest\testgym\q115_00b_hanako.scenesolution,q115_00b_v_drinking,logic,8,scnbeventsSocketDescriptor,4
base\quest\testgym\q115_00b_hanako.scenesolution,q115_00b_v_drinking,VFX,15,scnbeventsVFXEventDescriptor,2
base\quest\testgym\q115_00b_hanako.scenesolution,q115_00b_v_drinking,VFX,15,scnbeventsVFXEventDescriptor,2
base\quest\testgym\q115_00b_hanako.scenesolution,q115_00b_v_drinking,VFX (1),15,,0
base\quest\testgym\q115_00b_hanako.scenesolution,q115_00b_v_drinking,hanako,2,,0
base\quest\testgym\q115_00b_hanako.scenesolution,q115_00b_v_drinking,idle,3,,0
base\quest\testgym\q115_00b_hanako.scenesolution,q115_00b_v_drinking,animation,4,,0
base\quest\testgym\q115_00b_hanako.scenesolution,q115_00b_v_drinking,facial,5,,0
base\quest\testgym\q115_00b_hanako.scenesolution,q115_00b_v_drinking,lookAt,6,toolsLookAtDescriptor,2
base\quest\testgym\q115_00b_hanako.scenesolution,q115_00b_v_drinking,lookAt,6,toolsLookAtDescriptor,2
base\quest\testgym\q115_00b_hanako.scenesolution,q115_00b_v_drinking,logic,8,,0
base\quest\testgym\q115_00b_hanako.scenesolution,q115_00b_v_drinking,logic (1),8,scnbeventsAttachPropDescriptor,1
base\quest\testgym\q115_00b_hanako.scenesolution,q115_00b_v_getting_from_the_bar,dialog lines,1,toolsDialogLineEventDescriptor,1
base\quest\testgym\q115_00b_hanako.scenesolution,q115_00b_v_getting_from_the_bar,Player,2,,0
base\quest\testgym\q115_00b_hanako.scenesolution,q115_00b_v_getting_from_the_bar,idle,3,,0
base\quest\testgym\q115_00b_hanako.scenesolution,q115_00b_v_getting_from_the_bar,animation,4,,0
base\quest\testgym\q115_00b_hanako.scenesolution,q115_00b_v_getting_from_the_bar,facial,5,,0
base\quest\testgym\q115_00b_hanako.scenesolution,q115_00b_v_getting_from_the_bar,lookAt,6,,0
base\quest\testgym\q115_00b_hanako.scenesolution,q115_00b_v_getting_from_the_bar,logic,8,,0
base\quest\testgym\q115_00b_hanako.scenesolution,q115_00b_v_getting_from_the_bar,hanako,2,,0
base\quest\testgym\q115_00b_hanako.scenesolution,q115_00b_v_getting_from_the_bar,idle,3,,0
base\quest\testgym\q115_00b_hanako.scenesolution,q115_00b_v_getting_from_the_bar,animation,4,,0
base\quest\testgym\q115_00b_hanako.scenesolution,q115_00b_v_getting_from_the_bar,facial,5,,0
base\quest\testgym\q115_00b_hanako.scenesolution,q115_00b_v_getting_from_the_bar,lookAt,6,,0
base\quest\testgym\q115_00b_hanako.scenesolution,q115_00b_v_getting_from_the_bar,logic,8,,0
base\quest\testgym\q115_00b_hanako.scenesolution,q115_00b_v_getting_from_the_bar,VFX,15,scnbeventsVFXEventDescriptor,1
base\quest\testgym\q115_00b_hanako.scenesolution,q115_00b_v_getting_from_the_bar_2,dialog lines,1,toolsDialogLineEventDescriptor,1
base\quest\testgym\q115_00b_hanako.scenesolution,q115_00b_v_getting_from_the_bar_2,Player,2,,0
base\quest\testgym\q115_00b_hanako.scenesolution,q115_00b_v_getting_from_the_bar_2,idle,3,,0
base\quest\testgym\q115_00b_hanako.scenesolution,q115_00b_v_getting_from_the_bar_2,animation,4,,0
base\quest\testgym\q115_00b_hanako.scenesolution,q115_00b_v_getting_from_the_bar_2,facial,5,,0
base\quest\testgym\q115_00b_hanako.scenesolution,q115_00b_v_getting_from_the_bar_2,lookAt,6,,0
base\quest\testgym\q115_00b_hanako.scenesolution,q115_00b_v_getting_from_the_bar_2,logic,8,,0
base\quest\testgym\q115_00b_hanako.scenesolution,q115_00b_v_getting_from_the_bar_2,hanako,2,,0
base\quest\testgym\q115_00b_hanako.scenesolution,q115_00b_v_getting_from_the_bar_2,idle,3,,0
base\quest\testgym\q115_00b_hanako.scenesolution,q115_00b_v_getting_from_the_bar_2,animation,4,,0
base\quest\testgym\q115_00b_hanako.scenesolution,q115_00b_v_getting_from_the_bar_2,facial,5,,0
base\quest\testgym\q115_00b_hanako.scenesolution,q115_00b_v_getting_from_the_bar_2,lookAt,6,,0
base\quest\testgym\q115_00b_hanako.scenesolution,q115_00b_v_getting_from_the_bar_2,logic,8,,0
base\quest\testgym\q115_00b_hanako.scenesolution,q115_00b_v_getting_from_the_bar_2,VFX,15,scnbeventsVFXEventDescriptor,1
base\quest\testgym\q115_00b_hanako.scenesolution,q115_00b_player_sitting_animation,dialog lines,1,toolsDialogLineEventDescriptor,1
base\quest\testgym\q115_00b_hanako.scenesolution,q115_00b_player_sitting_animation,Player,2,,0
base\quest\testgym\q115_00b_hanako.scenesolution,q115_00b_player_sitting_animation,idle,3,scnbeventsChangeWorkEvent,1
base\quest\testgym\q115_00b_hanako.scenesolution,q115_00b_player_sitting_animation,animation,4,,0
base\quest\testgym\q115_00b_hanako.scenesolution,q115_00b_player_sitting_animation,facial,5,,0
base\quest\testgym\q115_00b_hanako.scenesolution,q115_00b_player_sitting_animation,lookAt,6,scnbeventsCameraClipDescriptor,1
base\quest\testgym\q115_00b_hanako.scenesolution,q115_00b_player_sitting_animation,logic,8,scnbeventsAttachPropDescriptor,2
base\quest\testgym\q115_00b_hanako.scenesolution,q115_00b_player_sitting_animation,logic,8,scnbeventsAttachPropDescriptor,2
base\quest\testgym\q115_00b_hanako.scenesolution,q115_00b_street_guards_lookats,dialog lines,1,toolsDialogLineEventDescriptor,1
base\quest\testgym\q115_00b_hanako.scenesolution,q115_00b_street_guards_lookats,guard_street_01,2,,0
base\quest\testgym\q115_00b_hanako.scenesolution,q115_00b_street_guards_lookats,idle,3,,0
base\quest\testgym\q115_00b_hanako.scenesolution,q115_00b_street_guards_lookats,animation,4,,0
base\quest\testgym\q115_00b_hanako.scenesolution,q115_00b_street_guards_lookats,facial,5,toolsChangeIdleAnimDescriptor,1
base\quest\testgym\q115_00b_hanako.scenesolution,q115_00b_street_guards_lookats,lookAt,6,toolsLookAtDescriptor,1
base\quest\testgym\q115_00b_hanako.scenesolution,q115_00b_street_guards_lookats,logic,8,,0
base\quest\testgym\q115_00b_hanako.scenesolution,q115_00b_street_guards_lookats,guard_street_02,2,,0
base\quest\testgym\q115_00b_hanako.scenesolution,q115_00b_street_guards_lookats,idle,3,,0
base\quest\testgym\q115_00b_hanako.scenesolution,q115_00b_street_guards_lookats,animation,4,,0
base\quest\testgym\q115_00b_hanako.scenesolution,q115_00b_street_guards_lookats,facial,5,toolsChangeIdleAnimDescriptor,1
base\quest\testgym\q115_00b_hanako.scenesolution,q115_00b_street_guards_lookats,lookAt,6,toolsLookAtDescriptor,1
base\quest\testgym\q115_00b_hanako.scenesolution,q115_00b_street_guards_lookats,logic,8,,0
base\quest\testgym\q115_00b_hanako.scenesolution,q115_00b_street_guard_movement,dialog lines,1,toolsDialogLineEventDescriptor,1
base\quest\testgym\q115_00b_hanako.scenesolution,q115_00b_street_guard_movement,guard_street_01,2,,0
base\quest\testgym\q115_00b_hanako.scenesolution,q115_00b_street_guard_movement,idle,3,,0
base\quest\testgym\q115_00b_hanako.scenesolution,q115_00b_street_guard_movement,animation,4,,0
base\quest\testgym\q115_00b_hanako.scenesolution,q115_00b_street_guard_movement,facial,5,,0
base\quest\testgym\q115_00b_hanako.scenesolution,q115_00b_street_guard_movement,lookAt,6,,0
base\quest\testgym\q115_00b_hanako.scenesolution,q115_00b_street_guard_movement,logic,8,scnbeventsSocketDescriptor,2
base\quest\testgym\q115_00b_hanako.scenesolution,q115_00b_street_guard_movement,logic,8,scnbeventsSocketDescriptor,2
base\quest\testgym\q115_00b_hanako.scenesolution,q115_00b_street_guard_movement,guard_street_02,2,,0
base\quest\testgym\q115_00b_hanako.scenesolution,q115_00b_street_guard_movement,idle,3,,0
base\quest\testgym\q115_00b_hanako.scenesolution,q115_00b_street_guard_movement,animation,4,scnbeventsChangeWorkEvent,1
base\quest\testgym\q115_00b_hanako.scenesolution,q115_00b_street_guard_movement,facial,5,,0
base\quest\testgym\q115_00b_hanako.scenesolution,q115_00b_street_guard_movement,lookAt,6,toolsLookAtDescriptor,2
base\quest\testgym\q115_00b_hanako.scenesolution,q115_00b_street_guard_movement,lookAt,6,toolsLookAtDescriptor,2
base\quest\testgym\q115_00b_hanako.scenesolution,q115_00b_street_guard_movement,logic,8,,0
base\quest\testgym\q115_00b_hanako.scenesolution,q115_00b_johnny_walking_into_frame,dialog lines,1,toolsDialogLineEventDescriptor,1
base\quest\testgym\q115_00b_hanako.scenesolution,q115_00b_johnny_walking_into_frame,johnny,2,,0
base\quest\testgym\q115_00b_hanako.scenesolution,q115_00b_johnny_walking_into_frame,idle,3,scnbeventsChangeWorkEvent,1
base\quest\testgym\q115_00b_hanako.scenesolution,q115_00b_johnny_walking_into_frame,animation,4,,0
base\quest\testgym\q115_00b_hanako.scenesolution,q115_00b_johnny_walking_into_frame,facial,5,,0
base\quest\testgym\q115_00b_hanako.scenesolution,q115_00b_johnny_walking_into_frame,lookAt,6,,0
base\quest\testgym\q115_00b_hanako.scenesolution,q115_00b_johnny_walking_into_frame,logic,8,scnbeventsSocketDescriptor,2
base\quest\testgym\q115_00b_hanako.scenesolution,q115_00b_johnny_walking_into_frame,logic,8,scnbeventsVFXEventDescriptor,2
base\quest\testgym\q115_00b_hanako.scenesolution,q115_00b_johnny_walking_into_frame_02,dialog lines,1,toolsDialogLineEventDescriptor,1
base\quest\testgym\q115_00b_hanako.scenesolution,q115_00b_johnny_walking_into_frame_02,johnny,2,,0
base\quest\testgym\q115_00b_hanako.scenesolution,q115_00b_johnny_walking_into_frame_02,idle,3,scnbeventsChangeWorkEvent,1
base\quest\testgym\q115_00b_hanako.scenesolution,q115_00b_johnny_walking_into_frame_02,animation,4,,0
base\quest\testgym\q115_00b_hanako.scenesolution,q115_00b_johnny_walking_into_frame_02,facial,5,,0
base\quest\testgym\q115_00b_hanako.scenesolution,q115_00b_johnny_walking_into_frame_02,lookAt,6,toolsLookAtDescriptor,1
base\quest\testgym\q115_00b_hanako.scenesolution,q115_00b_johnny_walking_into_frame_02,logic,8,scnbeventsAttachPropDescriptor,1
base\quest\testgym\q115_00b_hanako.scenesolution,q115_00b_guard_02_nod,dialog lines,1,toolsDialogLineEventDescriptor,1
base\quest\testgym\q115_00b_hanako.scenesolution,q115_00b_guard_02_nod,guard_street_02,2,,0
base\quest\testgym\q115_00b_hanako.scenesolution,q115_00b_guard_02_nod,idle,3,,0
base\quest\testgym\q115_00b_hanako.scenesolution,q115_00b_guard_02_nod,animation,4,toolsPlaySkAnimDescriptor,1
base\quest\testgym\q115_00b_hanako.scenesolution,q115_00b_guard_02_nod,facial,5,,0
base\quest\testgym\q115_00b_hanako.scenesolution,q115_00b_guard_02_nod,lookAt,6,,0
base\quest\testgym\q115_00b_hanako.scenesolution,q115_00b_guard_02_nod,logic,8,,0
base\quest\testgym\q115_00b_hanako.scenesolution,q115_00b_johnny_idle_sitting_in_the_back,dialog lines,1,toolsDialogLineEventDescriptor,1
base\quest\testgym\q115_00b_hanako.scenesolution,q115_00b_johnny_idle_sitting_in_the_back,hanako,2,,0
base\quest\testgym\q115_00b_hanako.scenesolution,q115_00b_johnny_idle_sitting_in_the_back,idle,3,,0
base\quest\testgym\q115_00b_hanako.scenesolution,q115_00b_johnny_idle_sitting_in_the_back,animation,4,,0
base\quest\testgym\q115_00b_hanako.scenesolution,q115_00b_johnny_idle_sitting_in_the_back,facial,5,,0
base\quest\testgym\q115_00b_hanako.scenesolution,q115_00b_johnny_idle_sitting_in_the_back,lookAt,6,,0
base\quest\testgym\q115_00b_hanako.scenesolution,q115_00b_johnny_idle_sitting_in_the_back,logic,8,,0
base\quest\testgym\q115_00b_hanako.scenesolution,q115_00b_johnny_idle_sitting_in_the_back,johnny,2,,0
base\quest\testgym\q115_00b_hanako.scenesolution,q115_00b_johnny_idle_sitting_in_the_back,idle,3,scnbeventsChangeWorkEvent,1
base\quest\testgym\q115_00b_hanako.scenesolution,q115_00b_johnny_idle_sitting_in_the_back,animation,4,,0
base\quest\testgym\q115_00b_hanako.scenesolution,q115_00b_johnny_idle_sitting_in_the_back,facial,5,,0
base\quest\testgym\q115_00b_hanako.scenesolution,q115_00b_johnny_idle_sitting_in_the_back,lookAt,6,,0
base\quest\testgym\q115_00b_hanako.scenesolution,q115_00b_johnny_idle_sitting_in_the_back,logic,8,,0
base\quest\testgym\q115_00b_hanako.scenesolution,q115_00b_street_guard_to_hanako,dialog lines,1,toolsDialogLineEventDescriptor,2
base\quest\testgym\q115_00b_hanako.scenesolution,q115_00b_street_guard_to_hanako,dialog lines,1,toolsDialogLineEventDescriptor,2
base\quest\testgym\q115_00b_hanako.scenesolution,q115_00b_street_guard_to_hanako,guard_street_02,2,,0
base\quest\testgym\q115_00b_hanako.scenesolution,q115_00b_street_guard_to_hanako,idle,3,,0
base\quest\testgym\q115_00b_hanako.scenesolution,q115_00b_street_guard_to_hanako,animation,4,,0
base\quest\testgym\q115_00b_hanako.scenesolution,q115_00b_street_guard_to_hanako,facial,5,toolsChangeIdleAnimDescriptor,1
base\quest\testgym\q115_00b_hanako.scenesolution,q115_00b_street_guard_to_hanako,lookAt,6,,0
base\quest\testgym\q115_00b_hanako.scenesolution,q115_00b_street_guard_to_hanako,logic,8,scnbeventsSocketDescriptor,2
base\quest\testgym\q115_00b_hanako.scenesolution,q115_00b_street_guard_to_hanako,logic,8,scnbeventsSocketDescriptor,2
base\quest\testgym\q115_00b_hanako.scenesolution,q115_00b_street_guard_to_hanako,guard_street_01,2,,0
base\quest\testgym\q115_00b_hanako.scenesolution,q115_00b_street_guard_to_hanako,idle,3,,0
base\quest\testgym\q115_00b_hanako.scenesolution,q115_00b_street_guard_to_hanako,animation,4,toolsPlaySkAnimDescriptor,1
base\quest\testgym\q115_00b_hanako.scenesolution,q115_00b_street_guard_to_hanako,facial,5,toolsLookAtDescriptor,1
base\quest\testgym\q115_00b_hanako.scenesolution,q115_00b_street_guard_to_hanako,lookAt,6,scnbeventsVFXEventDescriptor,3
base\quest\testgym\q115_00b_hanako.scenesolution,q115_00b_street_guard_to_hanako,lookAt,6,scnbeventsVFXEventDescriptor,3
base\quest\testgym\q115_00b_hanako.scenesolution,q115_00b_street_guard_to_hanako,lookAt,6,toolsChangeIdleAnimDescriptor,3
base\quest\testgym\q115_00b_hanako.scenesolution,q115_00b_street_guard_to_hanako,logic,8,,0
base\quest\testgym\q115_00b_hanako.scenesolution,q115_00b_v_getting_from_the_bar_animation,dialog lines,1,toolsDialogLineEventDescriptor,1
base\quest\testgym\q115_00b_hanako.scenesolution,q115_00b_v_getting_from_the_bar_animation,Player,2,,0
base\quest\testgym\q115_00b_hanako.scenesolution,q115_00b_v_getting_from_the_bar_animation,idle,3,scnbeventsStopWorkEvent,2
base\quest\testgym\q115_00b_hanako.scenesolution,q115_00b_v_getting_from_the_bar_animation,idle,3,toolsPlaySkAnimDescriptor,2
base\quest\testgym\q115_00b_hanako.scenesolution,q115_00b_v_getting_from_the_bar_animation,animation,4,,0
base\quest\testgym\q115_00b_hanako.scenesolution,q115_00b_v_getting_from_the_bar_animation,facial,5,scnbeventsVFXEventDescriptor,1
base\quest\testgym\q115_00b_hanako.scenesolution,q115_00b_v_getting_from_the_bar_animation,lookAt,6,scnbeventsCameraClipDescriptor,2
base\quest\testgym\q115_00b_hanako.scenesolution,q115_00b_v_getting_from_the_bar_animation,lookAt,6,scnbeventsCameraClipDescriptor,2
base\quest\testgym\q115_00b_hanako.scenesolution,q115_00b_v_getting_from_the_bar_animation,logic,8,scnbeventsSocketDescriptor,4
base\quest\testgym\q115_00b_hanako.scenesolution,q115_00b_v_getting_from_the_bar_animation,logic,8,scnbeventsSocketDescriptor,4
base\quest\testgym\q115_00b_hanako.scenesolution,q115_00b_v_getting_from_the_bar_animation,logic,8,scnbeventsSocketDescriptor,4
base\quest\testgym\q115_00b_hanako.scenesolution,q115_00b_v_getting_from_the_bar_animation,logic,8,scnbeventsSocketDescriptor,4
base\quest\testgym\q115_00b_hanako.scenesolution,q115_00b_v_getting_from_the_bar_animation,hanako,2,,0
base\quest\testgym\q115_00b_hanako.scenesolution,q115_00b_v_getting_from_the_bar_animation,idle,3,,0
base\quest\testgym\q115_00b_hanako.scenesolution,q115_00b_v_getting_from_the_bar_animation,animation,4,,0
base\quest\testgym\q115_00b_hanako.scenesolution,q115_00b_v_getting_from_the_bar_animation,facial,5,toolsChangeIdleAnimDescriptor,1
base\quest\testgym\q115_00b_hanako.scenesolution,q115_00b_v_getting_from_the_bar_animation,lookAt,6,,0
base\quest\testgym\q115_00b_hanako.scenesolution,q115_00b_v_getting_from_the_bar_animation,logic,8,scnbeventsVFXEventDescriptor,1
base\quest\testgym\q115_00b_hanako.scenesolution,q115_00b_hanako_drinking,dialog lines,1,toolsDialogLineEventDescriptor,1
base\quest\testgym\q115_00b_hanako.scenesolution,q115_00b_hanako_drinking,hanako,2,,0
base\quest\testgym\q115_00b_hanako.scenesolution,q115_00b_hanako_drinking,idle,3,,0
base\quest\testgym\q115_00b_hanako.scenesolution,q115_00b_hanako_drinking,animation,4,toolsPlaySkAnimDescriptor,1
base\quest\testgym\q115_00b_hanako.scenesolution,q115_00b_hanako_drinking,facial,5,toolsPlaySkAnimDescriptor,1
base\quest\testgym\q115_00b_hanako.scenesolution,q115_00b_hanako_drinking,facial (1),5,toolsChangeIdleAnimDescriptor,1
base\quest\testgym\q115_00b_hanako.scenesolution,q115_00b_hanako_drinking,lookAt,6,scnbeventsAttachPropDescriptor,2
base\quest\testgym\q115_00b_hanako.scenesolution,q115_00b_hanako_drinking,lookAt,6,scnbeventsAttachPropDescriptor,2
base\quest\testgym\q115_00b_hanako.scenesolution,q115_00b_hanako_drinking,logic,8,,0
base\quest\testgym\q115_00b_hanako.scenesolution,q115_00b_hanako_drinking,VFX,15,scnbeventsVFXEventDescriptor,3
base\quest\testgym\q115_00b_hanako.scenesolution,q115_00b_hanako_drinking,VFX,15,scnbeventsVFXEventDescriptor,3
base\quest\testgym\q115_00b_hanako.scenesolution,q115_00b_hanako_drinking,VFX,15,scnbeventsVFXEventDescriptor,3
base\quest\testgym\q115_00b_hanako.scenesolution,q115_00b_stopping_scenespots,dialog lines,1,toolsDialogLineEventDescriptor,1
base\quest\testgym\q115_00b_hanako.scenesolution,q115_00b_stopping_scenespots,hanako,2,,0
base\quest\testgym\q115_00b_hanako.scenesolution,q115_00b_stopping_scenespots,idle,3,scnbeventsChangeWorkEvent,1
base\quest\testgym\q115_00b_hanako.scenesolution,q115_00b_stopping_scenespots,animation,4,,0
base\quest\testgym\q115_00b_hanako.scenesolution,q115_00b_stopping_scenespots,facial,5,toolsPlaySkAnimDescriptor,1
base\quest\testgym\q115_00b_hanako.scenesolution,q115_00b_stopping_scenespots,lookAt,6,,0
base\quest\testgym\q115_00b_hanako.scenesolution,q115_00b_stopping_scenespots,logic,8,,0
base\quest\testgym\q115_00b_hanako.scenesolution,q115_00b_stopping_scenespots,johnny,2,,0
base\quest\testgym\q115_00b_hanako.scenesolution,q115_00b_stopping_scenespots,idle,3,scnbeventsChangeWorkEvent,2
base\quest\testgym\q115_00b_hanako.scenesolution,q115_00b_stopping_scenespots,idle,3,scnbeventsChangeWorkEvent,2
base\quest\testgym\q115_00b_hanako.scenesolution,q115_00b_stopping_scenespots,animation,4,,0
base\quest\testgym\q115_00b_hanako.scenesolution,q115_00b_stopping_scenespots,facial,5,,0
base\quest\testgym\q115_00b_hanako.scenesolution,q115_00b_stopping_scenespots,lookAt,6,,0
base\quest\testgym\q115_00b_hanako.scenesolution,q115_00b_stopping_scenespots,logic,8,scnbeventsAttachPropDescriptor,1
base\quest\testgym\q115_00b_hanako.scenesolution,q115_00b_08,dialog lines,1,toolsDialogLineEventDescriptor,1
base\quest\testgym\q115_00b_hanako.scenesolution,q115_00b_08,guard_02,2,,0
base\quest\testgym\q115_00b_hanako.scenesolution,q115_00b_08,idle,3,,0
base\quest\testgym\q115_00b_hanako.scenesolution,q115_00b_08,animation,4,,0
base\quest\testgym\q115_00b_hanako.scenesolution,q115_00b_08,facial,5,,0
base\quest\testgym\q115_00b_hanako.scenesolution,q115_00b_08,lookAt,6,,0
base\quest\testgym\q115_00b_hanako.scenesolution,q115_00b_08,logic,8,,0
base\quest\testgym\q115_00b_hanako.scenesolution,q115_00b_08,guard_street_02,2,,0
base\quest\testgym\q115_00b_hanako.scenesolution,q115_00b_08,idle,3,,0
base\quest\testgym\q115_00b_hanako.scenesolution,q115_00b_08,animation,4,toolsPlaySkAnimDescriptor,1
base\quest\testgym\q115_00b_hanako.scenesolution,q115_00b_08,facial,5,,0
base\quest\testgym\q115_00b_hanako.scenesolution,q115_00b_08,lookAt,6,toolsLookAtAdvancedDescriptor,2
base\quest\testgym\q115_00b_hanako.scenesolution,q115_00b_08,lookAt,6,toolsLookAtAdvancedDescriptor,2
base\quest\testgym\q115_00b_hanako.scenesolution,q115_00b_08,logic,8,scnbeventsSocketDescriptor,1
base\quest\testgym\q115_00b_hanako.scenesolution,q115_00b_guard_01_lookat,dialog lines,1,toolsDialogLineEventDescriptor,1
base\quest\testgym\q115_00b_hanako.scenesolution,q115_00b_guard_01_lookat,guard_01,2,,0
base\quest\testgym\q115_00b_hanako.scenesolution,q115_00b_guard_01_lookat,idle,3,,0
base\quest\testgym\q115_00b_hanako.scenesolution,q115_00b_guard_01_lookat,animation,4,,0
base\quest\testgym\q115_00b_hanako.scenesolution,q115_00b_guard_01_lookat,facial,5,,0
base\quest\testgym\q115_00b_hanako.scenesolution,q115_00b_guard_01_lookat,lookAt,6,toolsLookAtDescriptor,1
base\quest\testgym\q115_00b_hanako.scenesolution,q115_00b_guard_01_lookat,logic,8,,0
base\quest\testgym\q115_00b_hanako.scenesolution,q115_00b_guard_01_lookat,guard_02,2,,0
base\quest\testgym\q115_00b_hanako.scenesolution,q115_00b_guard_01_lookat,idle,3,,0
base\quest\testgym\q115_00b_hanako.scenesolution,q115_00b_guard_01_lookat,animation,4,,0
base\quest\testgym\q115_00b_hanako.scenesolution,q115_00b_guard_01_lookat,facial,5,,0
base\quest\testgym\q115_00b_hanako.scenesolution,q115_00b_guard_01_lookat,lookAt,6,,0
base\quest\testgym\q115_00b_hanako.scenesolution,q115_00b_guard_01_lookat,logic,8,,0
base\quest\testgym\q115_00b_hanako.scenesolution,q115_00b_guard_animations,dialog lines,1,toolsDialogLineEventDescriptor,1
base\quest\testgym\q115_00b_hanako.scenesolution,q115_00b_guard_animations,guard_02,2,,0
base\quest\testgym\q115_00b_hanako.scenesolution,q115_00b_guard_animations,idle,3,,0
base\quest\testgym\q115_00b_hanako.scenesolution,q115_00b_guard_animations,animation,4,,0
base\quest\testgym\q115_00b_hanako.scenesolution,q115_00b_guard_animations,facial,5,toolsChangeIdleAnimDescriptor,1
base\quest\testgym\q115_00b_hanako.scenesolution,q115_00b_guard_animations,lookAt,6,,0
base\quest\testgym\q115_00b_hanako.scenesolution,q115_00b_guard_animations,logic,8,,0
base\quest\testgym\q115_00b_hanako.scenesolution,q115_00b_guard_animations,guard_01,2,,0
base\quest\testgym\q115_00b_hanako.scenesolution,q115_00b_guard_animations,idle,3,scnbeventsChangeWorkEvent,1
base\quest\testgym\q115_00b_hanako.scenesolution,q115_00b_guard_animations,animation,4,,0
base\quest\testgym\q115_00b_hanako.scenesolution,q115_00b_guard_animations,facial,5,toolsChangeIdleAnimDescriptor,1
base\quest\testgym\q115_00b_hanako.scenesolution,q115_00b_guard_animations,lookAt,6,toolsLookAtDescriptor,1
base\quest\testgym\q115_00b_hanako.scenesolution,q115_00b_guard_animations,logic,8,,0
base\quest\testgym\q115_00b_hanako.scenesolution,q115_00b_09,dialog lines,1,,0
base\quest\testgym\q115_00b_hanako.scenesolution,q115_00b_09,johnny,2,,0
base\quest\testgym\q115_00b_hanako.scenesolution,q115_00b_09,idle,3,scnbeventsChangeWorkEvent,1
base\quest\testgym\q115_00b_hanako.scenesolution,q115_00b_09,animation,4,,0
base\quest\testgym\q115_00b_hanako.scenesolution,q115_00b_09,facial,5,,0
base\quest\testgym\q115_00b_hanako.scenesolution,q115_00b_09,lookAt,6,,0
base\quest\testgym\q115_00b_hanako.scenesolution,q115_00b_09,logic,8,,0
base\quest\testgym\q115_00b_hanako.scenesolution,q115_00b_guard_02_moving_back,dialog lines,1,toolsDialogLineEventDescriptor,1
base\quest\testgym\q115_00b_hanako.scenesolution,q115_00b_guard_02_moving_back,guard_street_02,2,,0
base\quest\testgym\q115_00b_hanako.scenesolution,q115_00b_guard_02_moving_back,idle,3,scnbeventsChangeWorkEvent,1
base\quest\testgym\q115_00b_hanako.scenesolution,q115_00b_guard_02_moving_back,animation,4,,0
base\quest\testgym\q115_00b_hanako.scenesolution,q115_00b_guard_02_moving_back,facial,5,,0
base\quest\testgym\q115_00b_hanako.scenesolution,q115_00b_guard_02_moving_back,lookAt,6,,0
base\quest\testgym\q115_00b_hanako.scenesolution,q115_00b_guard_02_moving_back,logic,8,,0
base\quest\testgym\q115_00b_hanako.scenesolution,q115_00b_guard_02_moving_back,guard_street_01,2,,0
base\quest\testgym\q115_00b_hanako.scenesolution,q115_00b_guard_02_moving_back,idle,3,scnbeventsChangeWorkEvent,1
base\quest\testgym\q115_00b_hanako.scenesolution,q115_00b_guard_02_moving_back,animation,4,,0
base\quest\testgym\q115_00b_hanako.scenesolution,q115_00b_guard_02_moving_back,facial,5,,0
base\quest\testgym\q115_00b_hanako.scenesolution,q115_00b_guard_02_moving_back,lookAt,6,,0
base\quest\testgym\q115_00b_hanako.scenesolution,q115_00b_guard_02_moving_back,logic,8,,0
base\quest\testgym\q115_00b_hanako.scenesolution,q115_00b_guard_02_to_stand_hands_back,dialog lines,1,toolsDialogLineEventDescriptor,1
base\quest\testgym\q115_00b_hanako.scenesolution,q115_00b_guard_02_to_stand_hands_back,guard_01,2,,0
base\quest\testgym\q115_00b_hanako.scenesolution,q115_00b_guard_02_to_stand_hands_back,idle,3,,0
base\quest\testgym\q115_00b_hanako.scenesolution,q115_00b_guard_02_to_stand_hands_back,animation,4,,0
base\quest\testgym\q115_00b_hanako.scenesolution,q115_00b_guard_02_to_stand_hands_back,facial,5,,0
base\quest\testgym\q115_00b_hanako.scenesolution,q115_00b_guard_02_to_stand_hands_back,lookAt,6,,0
base\quest\testgym\q115_00b_hanako.scenesolution,q115_00b_guard_02_to_stand_hands_back,logic,8,,0
base\quest\testgym\q115_00b_hanako.scenesolution,q115_00b_guard_02_to_stand_hands_back,guard_02,2,,0
base\quest\testgym\q115_00b_hanako.scenesolution,q115_00b_guard_02_to_stand_hands_back,idle,3,scnbeventsChangeWorkEvent,1
base\quest\testgym\q115_00b_hanako.scenesolution,q115_00b_guard_02_to_stand_hands_back,animation,4,,0
base\quest\testgym\q115_00b_hanako.scenesolution,q115_00b_guard_02_to_stand_hands_back,facial,5,,0
base\quest\testgym\q115_00b_hanako.scenesolution,q115_00b_guard_02_to_stand_hands_back,lookAt,6,,0
base\quest\testgym\q115_00b_hanako.scenesolution,q115_00b_guard_02_to_stand_hands_back,logic,8,,0
base\quest\testgym\q115_00b_hanako.scenesolution,q115_00b_AV_sfx,dialog lines,1,toolsDialogLineEventDescriptor,1
base\quest\testgym\q115_00b_hanako.scenesolution,q115_00b_AV_sfx,SFX,14,toolsAudioEventDescriptor,1
base\quest\testgym\q115_00b_hanako.scenesolution,q115_00b_AV_sfx,hanako,2,,0
base\quest\testgym\q115_00b_hanako.scenesolution,q115_00b_AV_sfx,idle,3,,0
base\quest\testgym\q115_00b_hanako.scenesolution,q115_00b_AV_sfx,animation,4,,0
base\quest\testgym\q115_00b_hanako.scenesolution,q115_00b_AV_sfx,facial,5,,0
base\quest\testgym\q115_00b_hanako.scenesolution,q115_00b_AV_sfx,lookAt,6,,0
base\quest\testgym\q115_00b_hanako.scenesolution,q115_00b_AV_sfx,logic,8,,0
base\quest\testgym\q115_00b_hanako.scenesolution,q115_00b_guard_02_ending_scenespot,dialog lines,1,toolsDialogLineEventDescriptor,1
base\quest\testgym\q115_00b_hanako.scenesolution,q115_00b_guard_02_ending_scenespot,guard_02,2,,0
base\quest\testgym\q115_00b_hanako.scenesolution,q115_00b_guard_02_ending_scenespot,idle,3,scnbeventsChangeWorkEvent,1
base\quest\testgym\q115_00b_hanako.scenesolution,q115_00b_guard_02_ending_scenespot,animation,4,,0
base\quest\testgym\q115_00b_hanako.scenesolution,q115_00b_guard_02_ending_scenespot,facial,5,,0
base\quest\testgym\q115_00b_hanako.scenesolution,q115_00b_guard_02_ending_scenespot,lookAt,6,,0
base\quest\testgym\q115_00b_hanako.scenesolution,q115_00b_guard_02_ending_scenespot,logic,8,,0
base\quest\testgym\q115_00b_hanako.scenesolution,q115_00b_guard_01_ending_scenespot,dialog lines,1,toolsDialogLineEventDescriptor,1
base\quest\testgym\q115_00b_hanako.scenesolution,q115_00b_guard_01_ending_scenespot,guard_01,2,,0
base\quest\testgym\q115_00b_hanako.scenesolution,q115_00b_guard_01_ending_scenespot,idle,3,scnbeventsChangeWorkEvent,2
base\quest\testgym\q115_00b_hanako.scenesolution,q115_00b_guard_01_ending_scenespot,idle,3,scnbeventsChangeWorkEvent,2
base\quest\testgym\q115_00b_hanako.scenesolution,q115_00b_guard_01_ending_scenespot,animation,4,,0
base\quest\testgym\q115_00b_hanako.scenesolution,q115_00b_guard_01_ending_scenespot,facial,5,,0
base\quest\testgym\q115_00b_hanako.scenesolution,q115_00b_guard_01_ending_scenespot,lookAt,6,,0
base\quest\testgym\q115_00b_hanako.scenesolution,q115_00b_guard_01_ending_scenespot,logic,8,,0
base\quest\testgym\q115_00b_hanako.scenesolution,q115_00b_guard_02_backtopose,dialog lines,1,toolsDialogLineEventDescriptor,1
base\quest\testgym\q115_00b_hanako.scenesolution,q115_00b_guard_02_backtopose,guard_02,2,,0
base\quest\testgym\q115_00b_hanako.scenesolution,q115_00b_guard_02_backtopose,idle,3,scnbeventsChangeWorkEvent,1
base\quest\testgym\q115_00b_hanako.scenesolution,q115_00b_guard_02_backtopose,animation,4,,0
base\quest\testgym\q115_00b_hanako.scenesolution,q115_00b_guard_02_backtopose,facial,5,toolsChangeIdleAnimDescriptor,1
base\quest\testgym\q115_00b_hanako.scenesolution,q115_00b_guard_02_backtopose,lookAt,6,toolsLookAtDescriptor,2
base\quest\testgym\q115_00b_hanako.scenesolution,q115_00b_guard_02_backtopose,lookAt,6,toolsLookAtDescriptor,2
base\quest\testgym\q115_00b_hanako.scenesolution,q115_00b_guard_02_backtopose,logic,8,,0
base\quest\testgym\q115_00b_hanako.scenesolution,q115_00b_guard_02_backtopose,guard_01,2,,0
base\quest\testgym\q115_00b_hanako.scenesolution,q115_00b_guard_02_backtopose,idle,3,scnbeventsChangeWorkEvent,1
base\quest\testgym\q115_00b_hanako.scenesolution,q115_00b_guard_02_backtopose,animation,4,,0
base\quest\testgym\q115_00b_hanako.scenesolution,q115_00b_guard_02_backtopose,facial,5,toolsChangeIdleAnimDescriptor,1
base\quest\testgym\q115_00b_hanako.scenesolution,q115_00b_guard_02_backtopose,lookAt,6,,0
base\quest\testgym\q115_00b_hanako.scenesolution,q115_00b_guard_02_backtopose,logic,8,,0
base\quest\testgym\q115_00b_hanako.scenesolution,q115_00b_hanako_pose,dialog lines,1,toolsDialogLineEventDescriptor,1
base\quest\testgym\q115_00b_hanako.scenesolution,q115_00b_hanako_pose,hanako,2,,0
base\quest\testgym\q115_00b_hanako.scenesolution,q115_00b_hanako_pose,idle,3,,0
base\quest\testgym\q115_00b_hanako.scenesolution,q115_00b_hanako_pose,animation,4,scnbeventsChangeWorkEvent,1
base\quest\testgym\q115_00b_hanako.scenesolution,q115_00b_hanako_pose,facial,5,,0
base\quest\testgym\q115_00b_hanako.scenesolution,q115_00b_hanako_pose,lookAt,6,,0
base\quest\testgym\q115_00b_hanako.scenesolution,q115_00b_hanako_pose,logic,8,scnbeventsSocketDescriptor,2
base\quest\testgym\q115_00b_hanako.scenesolution,q115_00b_hanako_pose,logic,8,scnbeventsSocketDescriptor,2
base\quest\testgym\q115_00b_hanako.scenesolution,q115_00b_johnny_by_the_stairs,dialog lines,1,toolsDialogLineEventDescriptor,1
base\quest\testgym\q115_00b_hanako.scenesolution,q115_00b_johnny_by_the_stairs,johnny,2,,0
base\quest\testgym\q115_00b_hanako.scenesolution,q115_00b_johnny_by_the_stairs,idle,3,scnbeventsChangeWorkEvent,1
base\quest\testgym\q115_00b_hanako.scenesolution,q115_00b_johnny_by_the_stairs,animation,4,,0
base\quest\testgym\q115_00b_hanako.scenesolution,q115_00b_johnny_by_the_stairs,facial,5,,0
base\quest\testgym\q115_00b_hanako.scenesolution,q115_00b_johnny_by_the_stairs,lookAt,6,,0
base\quest\testgym\q115_00b_hanako.scenesolution,q115_00b_johnny_by_the_stairs,logic,8,,0
base\quest\testgym\q115_00b_hanako.scenesolution,q115_00b_hanako_getting_up,dialog lines,1,toolsDialogLineEventDescriptor,1
base\quest\testgym\q115_00b_hanako.scenesolution,q115_00b_hanako_getting_up,hanako,2,,0
base\quest\testgym\q115_00b_hanako.scenesolution,q115_00b_hanako_getting_up,idle,3,toolsPlaySkAnimDescriptor,1
base\quest\testgym\q115_00b_hanako.scenesolution,q115_00b_hanako_getting_up,animation,4,,0
base\quest\testgym\q115_00b_hanako.scenesolution,q115_00b_hanako_getting_up,facial,5,,0
base\quest\testgym\q115_00b_hanako.scenesolution,q115_00b_hanako_getting_up,lookAt,6,,0
base\quest\testgym\q115_00b_hanako.scenesolution,q115_00b_hanako_getting_up,logic,8,,0
base\quest\testgym\q115_00b_hanako.scenesolution,q115_00b_hanako_by_the_window,dialog lines,1,toolsDialogLineEventDescriptor,1
base\quest\testgym\q115_00b_hanako.scenesolution,q115_00b_hanako_by_the_window,hanako,2,,0
base\quest\testgym\q115_00b_hanako.scenesolution,q115_00b_hanako_by_the_window,idle,3,scnbeventsChangeWorkEvent,1
base\quest\testgym\q115_00b_hanako.scenesolution,q115_00b_hanako_by_the_window,animation,4,,0
base\quest\testgym\q115_00b_hanako.scenesolution,q115_00b_hanako_by_the_window,facial,5,,0
base\quest\testgym\q115_00b_hanako.scenesolution,q115_00b_hanako_by_the_window,lookAt,6,toolsLookAtDescriptor,1
base\quest\testgym\q115_00b_hanako.scenesolution,q115_00b_hanako_by_the_window,logic,8,,0
base\quest\testgym\q115_00b_hanako.scenesolution,q115_00b_guards_scenespots,dialog lines,1,toolsDialogLineEventDescriptor,1
base\quest\testgym\q115_00b_hanako.scenesolution,q115_00b_guards_scenespots,guard_street_01,2,,0
base\quest\testgym\q115_00b_hanako.scenesolution,q115_00b_guards_scenespots,idle,3,scnbeventsChangeWorkEvent,1
base\quest\testgym\q115_00b_hanako.scenesolution,q115_00b_guards_scenespots,animation,4,,0
base\quest\testgym\q115_00b_hanako.scenesolution,q115_00b_guards_scenespots,facial,5,,0
base\quest\testgym\q115_00b_hanako.scenesolution,q115_00b_guards_scenespots,lookAt,6,,0
base\quest\testgym\q115_00b_hanako.scenesolution,q115_00b_guards_scenespots,logic,8,,0
base\quest\testgym\q115_00b_hanako.scenesolution,q115_00b_11,dialog lines,1,toolsDialogLineEventDescriptor,1
base\quest\testgym\q115_00b_hanako.scenesolution,q115_00b_11,guard_street_01,2,,0
base\quest\testgym\q115_00b_hanako.scenesolution,q115_00b_11,idle,3,scnbeventsChangeWorkEvent,1
base\quest\testgym\q115_00b_hanako.scenesolution,q115_00b_11,animation,4,toolsPlaySkAnimDescriptor,1
base\quest\testgym\q115_00b_hanako.scenesolution,q115_00b_11,facial,5,,0
base\quest\testgym\q115_00b_hanako.scenesolution,q115_00b_11,lookAt,6,toolsLookAtDescriptor,2
base\quest\testgym\q115_00b_hanako.scenesolution,q115_00b_11,lookAt,6,toolsLookAtDescriptor,2
base\quest\testgym\q115_00b_hanako.scenesolution,q115_00b_11,logic,8,,0
base\quest\testgym\q115_00b_hanako.scenesolution,q115_00b_12,dialog lines,1,toolsDialogLineEventDescriptor,1
base\quest\testgym\q115_00b_hanako.scenesolution,q115_00b_12,hanako,2,,0
base\quest\testgym\q115_00b_hanako.scenesolution,q115_00b_12,idle,3,,0
base\quest\testgym\q115_00b_hanako.scenesolution,q115_00b_12,animation,4,,0
base\quest\testgym\q115_00b_hanako.scenesolution,q115_00b_12,facial,5,toolsPlaySkAnimDescriptor,1
base\quest\testgym\q115_00b_hanako.scenesolution,q115_00b_12,lookAt,6,,0
base\quest\testgym\q115_00b_hanako.scenesolution,q115_00b_12,logic,8,,0
base\quest\testgym\q115_00b_hanako.scenesolution,q115_00b_johnny_sickness_lvl2_play,dialog lines,1,toolsDialogLineEventDescriptor,1
base\quest\testgym\q115_00b_hanako.scenesolution,q115_00b_johnny_sickness_lvl2_play,Player,2,,0
base\quest\testgym\q115_00b_hanako.scenesolution,q115_00b_johnny_sickness_lvl2_play,idle,3,,0
base\quest\testgym\q115_00b_hanako.scenesolution,q115_00b_johnny_sickness_lvl2_play,animation,4,,0
base\quest\testgym\q115_00b_hanako.scenesolution,q115_00b_johnny_sickness_lvl2_play,facial,5,,0
base\quest\testgym\q115_00b_hanako.scenesolution,q115_00b_johnny_sickness_lvl2_play,lookAt,6,,0
base\quest\testgym\q115_00b_hanako.scenesolution,q115_00b_johnny_sickness_lvl2_play,logic,8,scnbeventsSocketDescriptor,1
base\quest\testgym\q115_00b_hanako.scenesolution,q115_00b_johnny_sickness_lvl1_play,dialog lines,1,toolsDialogLineEventDescriptor,1
base\quest\testgym\q115_00b_hanako.scenesolution,q115_00b_johnny_sickness_lvl1_play,Player,2,,0
base\quest\testgym\q115_00b_hanako.scenesolution,q115_00b_johnny_sickness_lvl1_play,idle,3,,0
base\quest\testgym\q115_00b_hanako.scenesolution,q115_00b_johnny_sickness_lvl1_play,animation,4,,0
base\quest\testgym\q115_00b_hanako.scenesolution,q115_00b_johnny_sickness_lvl1_play,facial,5,,0
base\quest\testgym\q115_00b_hanako.scenesolution,q115_00b_johnny_sickness_lvl1_play,lookAt,6,,0
base\quest\testgym\q115_00b_hanako.scenesolution,q115_00b_johnny_sickness_lvl1_play,logic,8,scnbeventsSocketDescriptor,1
base\quest\testgym\q115_00b_hanako.scenesolution,q115_00b_johnny_sickness_lvl1_break,dialog lines,1,toolsDialogLineEventDescriptor,1
base\quest\testgym\q115_00b_hanako.scenesolution,q115_00b_johnny_sickness_lvl1_break,Player,2,,0
base\quest\testgym\q115_00b_hanako.scenesolution,q115_00b_johnny_sickness_lvl1_break,idle,3,,0
base\quest\testgym\q115_00b_hanako.scenesolution,q115_00b_johnny_sickness_lvl1_break,animation,4,,0
base\quest\testgym\q115_00b_hanako.scenesolution,q115_00b_johnny_sickness_lvl1_break,facial,5,,0
base\quest\testgym\q115_00b_hanako.scenesolution,q115_00b_johnny_sickness_lvl1_break,lookAt,6,,0
base\quest\testgym\q115_00b_hanako.scenesolution,q115_00b_johnny_sickness_lvl1_break,logic,8,scnbeventsSocketDescriptor,1
base\quest\testgym\q115_00b_hanako.scenesolution,q115_00b_jackie_revealed,dialog lines,1,toolsDialogLineEventDescriptor,2
base\quest\testgym\q115_00b_hanako.scenesolution,q115_00b_jackie_revealed,dialog lines,1,toolsDialogLineEventDescriptor,2
base\quest\testgym\q115_00b_hanako.scenesolution,q115_00b_jackie_how,dialog lines,1,toolsDialogLineEventDescriptor,4
base\quest\testgym\q115_00b_hanako.scenesolution,q115_00b_jackie_how,dialog lines,1,toolsDialogLineEventDescriptor,4
base\quest\testgym\q115_00b_hanako.scenesolution,q115_00b_jackie_how,dialog lines,1,toolsDialogLineEventDescriptor,4
base\quest\testgym\q115_00b_hanako.scenesolution,q115_00b_jackie_how,dialog lines,1,toolsDialogLineEventDescriptor,4
base\quest\testgym\q115_00b_hanako.scenesolution,q115_00b_lie,dialog lines,1,toolsDialogLineEventDescriptor,3
base\quest\testgym\q115_00b_hanako.scenesolution,q115_00b_lie,dialog lines,1,toolsDialogLineEventDescriptor,3
base\quest\testgym\q115_00b_hanako.scenesolution,q115_00b_lie,dialog lines,1,toolsDialogLineEventDescriptor,3
base\quest\testgym\q115_00b_hanako.scenesolution,q115_00b_talk_jackie,dialog lines,1,toolsDialogLineEventDescriptor,3
base\quest\testgym\q115_00b_hanako.scenesolution,q115_00b_talk_jackie,dialog lines,1,toolsDialogLineEventDescriptor,3
base\quest\testgym\q115_00b_hanako.scenesolution,q115_00b_talk_jackie,dialog lines,1,toolsDialogLineEventDescriptor,3
base\quest\testgym\q115_00b_hanako.scenesolution,q115_00b_NEW_about_yorinobu,dialog lines,1,toolsDialogLineEventDescriptor,5
base\quest\testgym\q115_00b_hanako.scenesolution,q115_00b_NEW_about_yorinobu,dialog lines,1,toolsDialogLineEventDescriptor,5
base\quest\testgym\q115_00b_hanako.scenesolution,q115_00b_NEW_about_yorinobu,dialog lines,1,toolsDialogLineEventDescriptor,5
base\quest\testgym\q115_00b_hanako.scenesolution,q115_00b_NEW_about_yorinobu,dialog lines,1,toolsDialogLineEventDescriptor,5
base\quest\testgym\q115_00b_hanako.scenesolution,q115_00b_NEW_about_yorinobu,dialog lines,1,toolsDialogLineEventDescriptor,5
base\quest\testgym\q115_00b_hanako.scenesolution,q115_00b_NEW_about_yorinobu,hanako,2,,0
base\quest\testgym\q115_00b_hanako.scenesolution,q115_00b_NEW_about_yorinobu,idle,3,scnbeventsChangeWorkEvent,2
base\quest\testgym\q115_00b_hanako.scenesolution,q115_00b_NEW_about_yorinobu,idle,3,scnbeventsChangeWorkEvent,2
base\quest\testgym\q115_00b_hanako.scenesolution,q115_00b_NEW_about_yorinobu,animation,4,toolsPlaySkAnimDescriptor,1
base\quest\testgym\q115_00b_hanako.scenesolution,q115_00b_NEW_about_yorinobu,facial,5,toolsPlaySkAnimDescriptor,3
base\quest\testgym\q115_00b_hanako.scenesolution,q115_00b_NEW_about_yorinobu,facial,5,toolsChangeIdleAnimDescriptor,3
base\quest\testgym\q115_00b_hanako.scenesolution,q115_00b_NEW_about_yorinobu,facial,5,toolsChangeIdleAnimDescriptor,3
base\quest\testgym\q115_00b_hanako.scenesolution,q115_00b_NEW_about_yorinobu,lookAt,6,toolsLookAtDescriptor,2
base\quest\testgym\q115_00b_hanako.scenesolution,q115_00b_NEW_about_yorinobu,lookAt,6,toolsLookAtDescriptor,2
base\quest\testgym\q115_00b_hanako.scenesolution,q115_00b_NEW_about_yorinobu,logic,8,scnbeventsSocketDescriptor,1
base\quest\testgym\q115_00b_hanako.scenesolution,q115_00b_NEW_about_yorinobu,johnny,2,,0
base\quest\testgym\q115_00b_hanako.scenesolution,q115_00b_NEW_about_yorinobu,idle,3,,0
base\quest\testgym\q115_00b_hanako.scenesolution,q115_00b_NEW_about_yorinobu,animation,4,,0
base\quest\testgym\q115_00b_hanako.scenesolution,q115_00b_NEW_about_yorinobu,facial,5,,0
base\quest\testgym\q115_00b_hanako.scenesolution,q115_00b_NEW_about_yorinobu,lookAt,6,toolsLookAtDescriptor,2
base\quest\testgym\q115_00b_hanako.scenesolution,q115_00b_NEW_about_yorinobu,lookAt,6,toolsLookAtDescriptor,2
base\quest\testgym\q115_00b_hanako.scenesolution,q115_00b_NEW_about_yorinobu,logic,8,,0
base\quest\testgym\q115_00b_hanako.scenesolution,q115_00b_time,dialog lines,1,toolsDialogLineEventDescriptor,1
base\quest\testgym\q115_00b_hanako.scenesolution,q115_00b_time,hanako,2,,0
base\quest\testgym\q115_00b_hanako.scenesolution,q115_00b_time,idle,3,,0
base\quest\testgym\q115_00b_hanako.scenesolution,q115_00b_time,animation,4,,0
base\quest\testgym\q115_00b_hanako.scenesolution,q115_00b_time,facial,5,toolsPlaySkAnimDescriptor,1
base\quest\testgym\q115_00b_hanako.scenesolution,q115_00b_time,lookAt,6,,0
base\quest\testgym\q115_00b_hanako.scenesolution,q115_00b_time,logic,8,scnbeventsSocketDescriptor,1
base\quest\testgym\q115_00b_hanako.scenesolution,q115_00b_shock,dialog lines,1,toolsDialogLineEventDescriptor,2
base\quest\testgym\q115_00b_hanako.scenesolution,q115_00b_shock,dialog lines,1,toolsDialogLineEventDescriptor,2
base\quest\testgym\q115_00b_hanako.scenesolution,q115_00b_shock,hanako,2,,0
base\quest\testgym\q115_00b_hanako.scenesolution,q115_00b_shock,idle,3,scnbeventsChangeWorkEvent,1
base\quest\testgym\q115_00b_hanako.scenesolution,q115_00b_shock,animation,4,,0
base\quest\testgym\q115_00b_hanako.scenesolution,q115_00b_shock,facial,5,toolsPlaySkAnimDescriptor,1
base\quest\testgym\q115_00b_hanako.scenesolution,q115_00b_shock,lookAt,6,toolsPlaySkAnimDescriptor,1
base\quest\testgym\q115_00b_hanako.scenesolution,q115_00b_shock,logic,8,,0
base\quest\testgym\q115_00b_hanako.scenesolution,q115_00b_conclusion,dialog lines,1,toolsDialogLineEventDescriptor,3
base\quest\testgym\q115_00b_hanako.scenesolution,q115_00b_conclusion,dialog lines,1,toolsDialogLineEventDescriptor,3
base\quest\testgym\q115_00b_hanako.scenesolution,q115_00b_conclusion,dialog lines,1,toolsDialogLineEventDescriptor,3
base\quest\testgym\q115_00b_hanako.scenesolution,q115_00b_conclusion,hanako,2,,0
base\quest\testgym\q115_00b_hanako.scenesolution,q115_00b_conclusion,idle,3,scnbeventsChangeWorkEvent,2
base\quest\testgym\q115_00b_hanako.scenesolution,q115_00b_conclusion,idle,3,scnbeventsChangeWorkEvent,2
base\quest\testgym\q115_00b_hanako.scenesolution,q115_00b_conclusion,animation,4,toolsPlaySkAnimDescriptor,2
base\quest\testgym\q115_00b_hanako.scenesolution,q115_00b_conclusion,animation,4,toolsPlaySkAnimDescriptor,2
base\quest\testgym\q115_00b_hanako.scenesolution,q115_00b_conclusion,facial,5,toolsPlaySkAnimDescriptor,3
base\quest\testgym\q115_00b_hanako.scenesolution,q115_00b_conclusion,facial,5,toolsPlaySkAnimDescriptor,3
base\quest\testgym\q115_00b_hanako.scenesolution,q115_00b_conclusion,facial,5,toolsPlaySkAnimDescriptor,3
base\quest\testgym\q115_00b_hanako.scenesolution,q115_00b_conclusion,lookAt,6,toolsLookAtDescriptor,2
base\quest\testgym\q115_00b_hanako.scenesolution,q115_00b_conclusion,lookAt,6,toolsLookAtDescriptor,2
base\quest\testgym\q115_00b_hanako.scenesolution,q115_00b_conclusion,logic,8,scnbeventsSocketDescriptor,1
base\quest\testgym\q115_00b_hanako.scenesolution,q115_00b_conclusion,johnny,2,,0
base\quest\testgym\q115_00b_hanako.scenesolution,q115_00b_conclusion,idle,3,,0
base\quest\testgym\q115_00b_hanako.scenesolution,q115_00b_conclusion,animation,4,,0
base\quest\testgym\q115_00b_hanako.scenesolution,q115_00b_conclusion,facial,5,,0
base\quest\testgym\q115_00b_hanako.scenesolution,q115_00b_conclusion,lookAt,6,toolsLookAtDescriptor,3
base\quest\testgym\q115_00b_hanako.scenesolution,q115_00b_conclusion,lookAt,6,toolsLookAtDescriptor,3
base\quest\testgym\q115_00b_hanako.scenesolution,q115_00b_conclusion,lookAt,6,toolsLookAtDescriptor,3
base\quest\testgym\q115_00b_hanako.scenesolution,q115_00b_conclusion,logic,8,,0
base\quest\testgym\q115_00b_hanako.scenesolution,q115_00b_power,dialog lines,1,toolsDialogLineEventDescriptor,1
base\quest\testgym\q115_00b_hanako.scenesolution,q115_00b_power,hanako,2,,0
base\quest\testgym\q115_00b_hanako.scenesolution,q115_00b_power,idle,3,,0
base\quest\testgym\q115_00b_hanako.scenesolution,q115_00b_power,animation,4,,0
base\quest\testgym\q115_00b_hanako.scenesolution,q115_00b_power,facial,5,toolsPlaySkAnimDescriptor,1
base\quest\testgym\q115_00b_hanako.scenesolution,q115_00b_power,lookAt,6,,0
base\quest\testgym\q115_00b_hanako.scenesolution,q115_00b_power,logic,8,scnbeventsSocketDescriptor,1
base\quest\testgym\q115_00b_hanako.scenesolution,q115_00b_family,dialog lines,1,toolsDialogLineEventDescriptor,2
base\quest\testgym\q115_00b_hanako.scenesolution,q115_00b_family,dialog lines,1,toolsDialogLineEventDescriptor,2
base\quest\testgym\q115_00b_hanako.scenesolution,q115_00b_family,hanako,2,,0
base\quest\testgym\q115_00b_hanako.scenesolution,q115_00b_family,idle,3,scnbeventsChangeWorkEvent,1
base\quest\testgym\q115_00b_hanako.scenesolution,q115_00b_family,animation,4,,0
base\quest\testgym\q115_00b_hanako.scenesolution,q115_00b_family,facial,5,toolsPlaySkAnimDescriptor,1
base\quest\testgym\q115_00b_hanako.scenesolution,q115_00b_family,lookAt,6,,0
base\quest\testgym\q115_00b_hanako.scenesolution,q115_00b_family,logic,8,scnbeventsSocketDescriptor,1
base\quest\testgym\q115_00b_hanako.scenesolution,q115_00b_family,johnny,2,,0
base\quest\testgym\q115_00b_hanako.scenesolution,q115_00b_family,idle,3,,0
base\quest\testgym\q115_00b_hanako.scenesolution,q115_00b_family,animation,4,toolsPlaySkAnimDescriptor,1
base\quest\testgym\q115_00b_hanako.scenesolution,q115_00b_family,facial,5,,0
base\quest\testgym\q115_00b_hanako.scenesolution,q115_00b_family,lookAt,6,,0
base\quest\testgym\q115_00b_hanako.scenesolution,q115_00b_family,logic,8,,0
base\quest\testgym\q115_00b_hanako.scenesolution,q115_00b_corporation,dialog lines,1,toolsDialogLineEventDescriptor,1
base\quest\testgym\q115_00b_hanako.scenesolution,q115_00b_dont_know,dialog lines,1,toolsDialogLineEventDescriptor,1
base\quest\testgym\q115_00b_hanako.scenesolution,q115_00b_dont_know,hanako,2,,0
base\quest\testgym\q115_00b_hanako.scenesolution,q115_00b_dont_know,idle,3,,0
base\quest\testgym\q115_00b_hanako.scenesolution,q115_00b_dont_know,animation,4,,0
base\quest\testgym\q115_00b_hanako.scenesolution,q115_00b_dont_know,facial,5,toolsPlaySkAnimDescriptor,1
base\quest\testgym\q115_00b_hanako.scenesolution,q115_00b_dont_know,lookAt,6,,0
base\quest\testgym\q115_00b_hanako.scenesolution,q115_00b_dont_know,logic,8,scnbeventsSocketDescriptor,1
base\quest\testgym\q115_00b_hanako.scenesolution,q115_00b_family_answer,dialog lines,1,toolsDialogLineEventDescriptor,1
base\quest\testgym\q115_00b_hanako.scenesolution,q115_00b_family_answer,johnny,2,,0
base\quest\testgym\q115_00b_hanako.scenesolution,q115_00b_family_answer,idle,3,,0
base\quest\testgym\q115_00b_hanako.scenesolution,q115_00b_family_answer,animation,4,toolsPlaySkAnimDescriptor,1
base\quest\testgym\q115_00b_hanako.scenesolution,q115_00b_family_answer,facial,5,,0
base\quest\testgym\q115_00b_hanako.scenesolution,q115_00b_family_answer,lookAt,6,,0
base\quest\testgym\q115_00b_hanako.scenesolution,q115_00b_family_answer,logic,8,,0
base\quest\testgym\q115_00b_hanako.scenesolution,q115_00b_family_answer,hanako,2,,0
base\quest\testgym\q115_00b_hanako.scenesolution,q115_00b_family_answer,idle,3,scnbeventsChangeWorkEvent,1
base\quest\testgym\q115_00b_hanako.scenesolution,q115_00b_family_answer,animation,4,,0
base\quest\testgym\q115_00b_hanako.scenesolution,q115_00b_family_answer,facial,5,toolsPlaySkAnimDescriptor,2
base\quest\testgym\q115_00b_hanako.scenesolution,q115_00b_family_answer,facial,5,toolsPlaySkAnimDescriptor,2
base\quest\testgym\q115_00b_hanako.scenesolution,q115_00b_family_answer,lookAt,6,,0
base\quest\testgym\q115_00b_hanako.scenesolution,q115_00b_family_answer,logic,8,scnbeventsSocketDescriptor,1
base\quest\testgym\q115_00b_hanako.scenesolution,q115_00b_ym mo,dialog lines,1,toolsDialogLineEventDescriptor,1
base\quest\testgym\q115_00b_hanako.scenesolution,q115_00b_ym mo,hanako,2,,0
base\quest\testgym\q115_00b_hanako.scenesolution,q115_00b_ym mo,idle,3,,0
base\quest\testgym\q115_00b_hanako.scenesolution,q115_00b_ym mo,animation,4,,0
base\quest\testgym\q115_00b_hanako.scenesolution,q115_00b_ym mo,facial,5,toolsPlaySkAnimDescriptor,1
base\quest\testgym\q115_00b_hanako.scenesolution,q115_00b_ym mo,lookAt,6,,0
base\quest\testgym\q115_00b_hanako.scenesolution,q115_00b_ym mo,logic,8,scnbeventsSocketDescriptor,1
base\quest\testgym\q115_00b_hanako.scenesolution,q115_00b_cut_to_the_chase,dialog lines,1,toolsDialogLineEventDescriptor,2
base\quest\testgym\q115_00b_hanako.scenesolution,q115_00b_cut_to_the_chase,dialog lines,1,toolsDialogLineEventDescriptor,2
base\quest\testgym\q115_00b_hanako.scenesolution,q115_00b_cut_to_the_chase,hanako,2,,0
base\quest\testgym\q115_00b_hanako.scenesolution,q115_00b_cut_to_the_chase,idle,3,,0
base\quest\testgym\q115_00b_hanako.scenesolution,q115_00b_cut_to_the_chase,animation,4,,0
base\quest\testgym\q115_00b_hanako.scenesolution,q115_00b_cut_to_the_chase,facial,5,toolsPlaySkAnimDescriptor,1
base\quest\testgym\q115_00b_hanako.scenesolution,q115_00b_cut_to_the_chase,lookAt,6,toolsLookAtDescriptor,1
base\quest\testgym\q115_00b_hanako.scenesolution,q115_00b_cut_to_the_chase,logic,8,scnbeventsSocketDescriptor,1
base\quest\testgym\q115_00b_hanako.scenesolution,q115_00b_common_section,dialog lines,1,toolsDialogLineEventDescriptor,6
base\quest\testgym\q115_00b_hanako.scenesolution,q115_00b_common_section,dialog lines,1,toolsDialogLineEventDescriptor,6
base\quest\testgym\q115_00b_hanako.scenesolution,q115_00b_common_section,dialog lines,1,toolsDialogLineEventDescriptor,6
base\quest\testgym\q115_00b_hanako.scenesolution,q115_00b_common_section,dialog lines,1,toolsDialogLineEventDescriptor,6
base\quest\testgym\q115_00b_hanako.scenesolution,q115_00b_common_section,dialog lines,1,toolsDialogLineEventDescriptor,6
base\quest\testgym\q115_00b_hanako.scenesolution,q115_00b_common_section,dialog lines,1,toolsDialogLineEventDescriptor,6
base\quest\testgym\q115_00b_hanako.scenesolution,q115_00b_common_section,hanako,2,,0
base\quest\testgym\q115_00b_hanako.scenesolution,q115_00b_common_section,idle,3,scnbeventsChangeWorkEvent,2
base\quest\testgym\q115_00b_hanako.scenesolution,q115_00b_common_section,idle,3,scnbeventsChangeWorkEvent,2
base\quest\testgym\q115_00b_hanako.scenesolution,q115_00b_common_section,animation,4,toolsPlaySkAnimDescriptor,3
base\quest\testgym\q115_00b_hanako.scenesolution,q115_00b_common_section,animation,4,toolsPlaySkAnimDescriptor,3
base\quest\testgym\q115_00b_hanako.scenesolution,q115_00b_common_section,animation,4,toolsPlaySkAnimDescriptor,3
base\quest\testgym\q115_00b_hanako.scenesolution,q115_00b_common_section,facial,5,toolsPlaySkAnimDescriptor,3
base\quest\testgym\q115_00b_hanako.scenesolution,q115_00b_common_section,facial,5,toolsPlaySkAnimDescriptor,3
base\quest\testgym\q115_00b_hanako.scenesolution,q115_00b_common_section,facial,5,toolsPlaySkAnimDescriptor,3
base\quest\testgym\q115_00b_hanako.scenesolution,q115_00b_common_section,lookAt,6,,0
base\quest\testgym\q115_00b_hanako.scenesolution,q115_00b_common_section,logic,8,,0
base\quest\testgym\q115_00b_hanako.scenesolution,q115_00b_soulkiller_do_you_have,dialog lines,1,toolsDialogLineEventDescriptor,1
base\quest\testgym\q115_00b_hanako.scenesolution,q115_00b_soulkiller_do_you_have,hanako,2,,0
base\quest\testgym\q115_00b_hanako.scenesolution,q115_00b_soulkiller_do_you_have,idle,3,,0
base\quest\testgym\q115_00b_hanako.scenesolution,q115_00b_soulkiller_do_you_have,animation,4,toolsPlaySkAnimDescriptor,1
base\quest\testgym\q115_00b_hanako.scenesolution,q115_00b_soulkiller_do_you_have,facial,5,,0
base\quest\testgym\q115_00b_hanako.scenesolution,q115_00b_soulkiller_do_you_have,lookAt,6,,0
base\quest\testgym\q115_00b_hanako.scenesolution,q115_00b_soulkiller_do_you_have,logic,8,scnbeventsSocketDescriptor,1
base\quest\testgym\q115_00b_hanako.scenesolution,q115_00b_waitress_bow,dialog lines,1,,0
base\quest\testgym\q115_00b_hanako.scenesolution,q115_00b_waitress_bow,waitress,2,,0
base\quest\testgym\q115_00b_hanako.scenesolution,q115_00b_waitress_bow,idle,3,,0
base\quest\testgym\q115_00b_hanako.scenesolution,q115_00b_waitress_bow,animation,4,toolsPlaySkAnimDescriptor,1
base\quest\testgym\q115_00b_hanako.scenesolution,q115_00b_waitress_bow,facial,5,,0
base\quest\testgym\q115_00b_hanako.scenesolution,q115_00b_waitress_bow,lookAt,6,toolsLookAtDescriptor,4
base\quest\testgym\q115_00b_hanako.scenesolution,q115_00b_waitress_bow,lookAt,6,toolsLookAtDescriptor,4
base\quest\testgym\q115_00b_hanako.scenesolution,q115_00b_waitress_bow,lookAt,6,toolsLookAtDescriptor,4
base\quest\testgym\q115_00b_hanako.scenesolution,q115_00b_waitress_bow,lookAt,6,toolsLookAtDescriptor,4
base\quest\testgym\q115_00b_hanako.scenesolution,q115_00b_waitress_bow,logic,8,,0
base\quest\testgym\q115_00b_hanako.scenesolution,q115_00b_waitress_bow,bartender,2,,0
base\quest\testgym\q115_00b_hanako.scenesolution,q115_00b_waitress_bow,idle,3,,0
base\quest\testgym\q115_00b_hanako.scenesolution,q115_00b_waitress_bow,animation,4,toolsPlaySkAnimDescriptor,1
base\quest\testgym\q115_00b_hanako.scenesolution,q115_00b_waitress_bow,facial,5,,0
base\quest\testgym\q115_00b_hanako.scenesolution,q115_00b_waitress_bow,lookAt,6,toolsLookAtDescriptor,2
base\quest\testgym\q115_00b_hanako.scenesolution,q115_00b_waitress_bow,lookAt,6,toolsLookAtDescriptor,2
base\quest\testgym\q115_00b_hanako.scenesolution,q115_00b_waitress_bow,logic,8,,0
base\quest\testgym\q115_00b_hanako.scenesolution,q115_00b_guard_to_hanako,dialog lines,1,,0
base\quest\testgym\q115_00b_hanako.scenesolution,q115_00b_guard_to_hanako,guard_02,2,,0
base\quest\testgym\q115_00b_hanako.scenesolution,q115_00b_guard_to_hanako,idle,3,scnbeventsStopWorkEvent,3
base\quest\testgym\q115_00b_hanako.scenesolution,q115_00b_guard_to_hanako,idle,3,scnbeventsChangeWorkEvent,3
base\quest\testgym\q115_00b_hanako.scenesolution,q115_00b_guard_to_hanako,idle,3,scnbeventsChangeWorkEvent,3
base\quest\testgym\q115_00b_hanako.scenesolution,q115_00b_guard_to_hanako,animation,4,,0
base\quest\testgym\q115_00b_hanako.scenesolution,q115_00b_guard_to_hanako,facial,5,,0
base\quest\testgym\q115_00b_hanako.scenesolution,q115_00b_guard_to_hanako,lookAt,6,toolsLookAtDescriptor,2
base\quest\testgym\q115_00b_hanako.scenesolution,q115_00b_guard_to_hanako,lookAt,6,toolsLookAtDescriptor,2
base\quest\testgym\q115_00b_hanako.scenesolution,q115_00b_guard_to_hanako,logic,8,,0
base\quest\testgym\q115_00b_hanako.scenesolution,q115_00b_guard_cheeky_move,dialog lines,1,,0
base\quest\testgym\q115_00b_hanako.scenesolution,q115_00b_guard_cheeky_move,guard_02,2,,0
base\quest\testgym\q115_00b_hanako.scenesolution,q115_00b_guard_cheeky_move,idle,3,scnbeventsChangeWorkEvent,1
base\quest\testgym\q115_00b_hanako.scenesolution,q115_00b_guard_cheeky_move,animation,4,,0
base\quest\testgym\q115_00b_hanako.scenesolution,q115_00b_guard_cheeky_move,facial,5,,0
base\quest\testgym\q115_00b_hanako.scenesolution,q115_00b_guard_cheeky_move,lookAt,6,,0
base\quest\testgym\q115_00b_hanako.scenesolution,q115_00b_guard_cheeky_move,logic,8,,0
base\quest\testgym\q115_00b_hanako.scenesolution,q115_00b_block_door_anim,dialog lines,1,,0
base\quest\testgym\q115_00b_hanako.scenesolution,q115_00b_block_door_anim,guard_01,2,,0
base\quest\testgym\q115_00b_hanako.scenesolution,q115_00b_block_door_anim,idle,3,scnbeventsChangeWorkEvent,1
base\quest\testgym\q115_00b_hanako.scenesolution,q115_00b_block_door_anim,animation,4,,0
base\quest\testgym\q115_00b_hanako.scenesolution,q115_00b_block_door_anim,facial,5,,0
base\quest\testgym\q115_00b_hanako.scenesolution,q115_00b_block_door_anim,lookAt,6,,0
base\quest\testgym\q115_00b_hanako.scenesolution,q115_00b_block_door_anim,logic,8,scnbeventsSocketDescriptor,1
base\quest\testgym\q115_00b_hanako.scenesolution,q115_00b_block_door_anim,VFX,15,scnbeventsVFXEventDescriptor,1
base\quest\testgym\q115_00b_hanako.scenesolution,q115_00b_15,dialog lines,1,,0
base\quest\testgym\q115_00b_hanako.scenesolution,q115_00b_15,guard_01,2,,0
base\quest\testgym\q115_00b_hanako.scenesolution,q115_00b_15,idle,3,scnbeventsStopWorkEvent,1
base\quest\testgym\q115_00b_hanako.scenesolution,q115_00b_15,animation,4,,0
base\quest\testgym\q115_00b_hanako.scenesolution,q115_00b_15,facial,5,,0
base\quest\testgym\q115_00b_hanako.scenesolution,q115_00b_15,lookAt,6,,0
base\quest\testgym\q115_00b_hanako.scenesolution,q115_00b_15,logic,8,,0
base\quest\testgym\q115_00b_hanako.scenesolution,q115_00b_eye_glow,dialog lines,1,,0
base\quest\testgym\q115_00b_hanako.scenesolution,q115_00b_eye_glow,guard_01,2,,0
base\quest\testgym\q115_00b_hanako.scenesolution,q115_00b_eye_glow,idle,3,,0
base\quest\testgym\q115_00b_hanako.scenesolution,q115_00b_eye_glow,animation,4,,0
base\quest\testgym\q115_00b_hanako.scenesolution,q115_00b_eye_glow,facial,5,,0
base\quest\testgym\q115_00b_hanako.scenesolution,q115_00b_eye_glow,lookAt,6,,0
base\quest\testgym\q115_00b_hanako.scenesolution,q115_00b_eye_glow,logic,8,scnbeventsVFXEventDescriptor,2
base\quest\testgym\q115_00b_hanako.scenesolution,q115_00b_eye_glow,logic,8,scnbeventsSocketDescriptor,2
base\quest\testgym\q115_00b_hanako.scenesolution,q115_00b_eye_glow,Player,2,,0
base\quest\testgym\q115_00b_hanako.scenesolution,q115_00b_eye_glow,idle,3,,0
base\quest\testgym\q115_00b_hanako.scenesolution,q115_00b_eye_glow,animation,4,,0
base\quest\testgym\q115_00b_hanako.scenesolution,q115_00b_eye_glow,facial,5,,0
base\quest\testgym\q115_00b_hanako.scenesolution,q115_00b_eye_glow,lookAt,6,,0
base\quest\testgym\q115_00b_hanako.scenesolution,q115_00b_eye_glow,logic,8,scnbeventsVFXEventDescriptor,1
base\quest\testgym\q115_00b_hanako.scenesolution,q115_00b_stop_anim,dialog lines,1,,0
base\quest\testgym\q115_00b_hanako.scenesolution,q115_00b_stop_anim,guard_02,2,,0
base\quest\testgym\q115_00b_hanako.scenesolution,q115_00b_stop_anim,idle,3,,0
base\quest\testgym\q115_00b_hanako.scenesolution,q115_00b_stop_anim,animation,4,toolsPlaySkAnimDescriptor,1
base\quest\testgym\q115_00b_hanako.scenesolution,q115_00b_stop_anim,facial,5,,0
base\quest\testgym\q115_00b_hanako.scenesolution,q115_00b_stop_anim,lookAt,6,,0
base\quest\testgym\q115_00b_hanako.scenesolution,q115_00b_stop_anim,logic,8,,0
base\quest\testgym\q115_00b_hanako.scenesolution,q115_00b_AV_sfx,dialog lines,1,toolsDialogLineEventDescriptor,1
base\quest\testgym\q115_00b_hanako.scenesolution,q115_00b_AV_sfx,SFX,14,toolsAudioEventDescriptor,1
base\quest\testgym\q115_00b_hanako.scenesolution,q115_00b_AV_sfx,hanako,2,,0
base\quest\testgym\q115_00b_hanako.scenesolution,q115_00b_AV_sfx,idle,3,,0
base\quest\testgym\q115_00b_hanako.scenesolution,q115_00b_AV_sfx,animation,4,,0
base\quest\testgym\q115_00b_hanako.scenesolution,q115_00b_AV_sfx,facial,5,,0
base\quest\testgym\q115_00b_hanako.scenesolution,q115_00b_AV_sfx,lookAt,6,,0
base\quest\testgym\q115_00b_hanako.scenesolution,q115_00b_AV_sfx,logic,8,,0
base\quest\testgym\q115_00b_hanako.scenesolution,q115_00b_hanako_sitting_idle,dialog lines,1,,0
base\quest\testgym\q115_00b_hanako.scenesolution,q115_00b_hanako_sitting_idle,hanako,2,,0
base\quest\testgym\q115_00b_hanako.scenesolution,q115_00b_hanako_sitting_idle,idle,3,scnbeventsChangeWorkEvent,1
base\quest\testgym\q115_00b_hanako.scenesolution,q115_00b_hanako_sitting_idle,animation,4,,0
base\quest\testgym\q115_00b_hanako.scenesolution,q115_00b_hanako_sitting_idle,facial,5,,0
base\quest\testgym\q115_00b_hanako.scenesolution,q115_00b_hanako_sitting_idle,lookAt,6,,0
base\quest\testgym\q115_00b_hanako.scenesolution,q115_00b_hanako_sitting_idle,logic,8,,0
base\quest\testgym\q115_00b_hanako.scenesolution,q115_00b_hanako_sitting_idle,Player,2,,0
base\quest\testgym\q115_00b_hanako.scenesolution,q115_00b_hanako_sitting_idle,idle,3,,0
base\quest\testgym\q115_00b_hanako.scenesolution,q115_00b_hanako_sitting_idle,animation,4,,0
base\quest\testgym\q115_00b_hanako.scenesolution,q115_00b_hanako_sitting_idle,facial,5,,0
base\quest\testgym\q115_00b_hanako.scenesolution,q115_00b_hanako_sitting_idle,lookAt,6,,0
base\quest\testgym\q115_00b_hanako.scenesolution,q115_00b_hanako_sitting_idle,logic,8,,0
base\quest\testgym\q115_00b_hanako.scenesolution,q115_00b_hanako_sitting_idle,dialog lines,1,,0
base\quest\testgym\q115_00b_hanako.scenesolution,q115_00b_hanako_sitting_idle,hanako,2,,0
base\quest\testgym\q115_00b_hanako.scenesolution,q115_00b_hanako_sitting_idle,idle,3,scnbeventsChangeWorkEvent,1
base\quest\testgym\q115_00b_hanako.scenesolution,q115_00b_hanako_sitting_idle,animation,4,,0
base\quest\testgym\q115_00b_hanako.scenesolution,q115_00b_hanako_sitting_idle,facial,5,,0
base\quest\testgym\q115_00b_hanako.scenesolution,q115_00b_hanako_sitting_idle,lookAt,6,,0
base\quest\testgym\q115_00b_hanako.scenesolution,q115_00b_hanako_sitting_idle,logic,8,,0
base\quest\testgym\q115_00b_hanako.scenesolution,q115_00b_hanako_sitting_idle,Player,2,,0
base\quest\testgym\q115_00b_hanako.scenesolution,q115_00b_hanako_sitting_idle,idle,3,,0
base\quest\testgym\q115_00b_hanako.scenesolution,q115_00b_hanako_sitting_idle,animation,4,,0
base\quest\testgym\q115_00b_hanako.scenesolution,q115_00b_hanako_sitting_idle,facial,5,,0
base\quest\testgym\q115_00b_hanako.scenesolution,q115_00b_hanako_sitting_idle,lookAt,6,,0
base\quest\testgym\q115_00b_hanako.scenesolution,q115_00b_hanako_sitting_idle,logic,8,,0
base\quest\testgym\q115_00b_hanako.scenesolution,q115_00b_player_cough,dialog lines,1,,0
base\quest\testgym\q115_00b_hanako.scenesolution,q115_00b_player_cough,Player,2,,0
base\quest\testgym\q115_00b_hanako.scenesolution,q115_00b_player_cough,idle,3,,0
base\quest\testgym\q115_00b_hanako.scenesolution,q115_00b_player_cough,animation,4,toolsPlaySkAnimDescriptor,1
base\quest\testgym\q115_00b_hanako.scenesolution,q115_00b_player_cough,facial,5,,0
base\quest\testgym\q115_00b_hanako.scenesolution,q115_00b_player_cough,lookAt,6,,0
base\quest\testgym\q115_00b_hanako.scenesolution,q115_00b_player_cough,logic,8,,0
base\quest\testgym\q115_00b_hanako.scenesolution,q115_00b_player_cough,VFX,15,scnbeventsVFXDurationEventDescriptor,1
base\quest\testgym\q115_00b_hanako.scenesolution,q115_00b_player_cough,SFX,14,toolsAudioEventDescriptor,1
base\quest\testgym\q115_00b_hanako.scenesolution,q115_00b_,dialog lines,1,,0
base\quest\testgym\q115_00b_hanako.scenesolution,q115_00b_,guard_01,2,,0
base\quest\testgym\q115_00b_hanako.scenesolution,q115_00b_,idle,3,,0
base\quest\testgym\q115_00b_hanako.scenesolution,q115_00b_,animation,4,,0
base\quest\testgym\q115_00b_hanako.scenesolution,q115_00b_,facial,5,,0
base\quest\testgym\q115_00b_hanako.scenesolution,q115_00b_,lookAt,6,,0
base\quest\testgym\q115_00b_hanako.scenesolution,q115_00b_,logic,8,,0
base\quest\testgym\q115_00b_hanako.scenesolution,q115_00b_,guard_02,2,,0
base\quest\testgym\q115_00b_hanako.scenesolution,q115_00b_,idle,3,,0
base\quest\testgym\q115_00b_hanako.scenesolution,q115_00b_,animation,4,toolsPlaySkAnimDescriptor,1
base\quest\testgym\q115_00b_hanako.scenesolution,q115_00b_,facial,5,,0
base\quest\testgym\q115_00b_hanako.scenesolution,q115_00b_,lookAt,6,toolsLookAtDescriptor,2
base\quest\testgym\q115_00b_hanako.scenesolution,q115_00b_,lookAt,6,toolsLookAtDescriptor,2
base\quest\testgym\q115_00b_hanako.scenesolution,q115_00b_,logic,8,,0
base\quest\testgym\q115_00b_hanako.scenesolution,q115_00b_hanako_pose_preview,dialog lines,1,toolsDialogLineEventDescriptor,1
base\quest\testgym\q115_00b_hanako.scenesolution,q115_00b_hanako_pose_preview,hanako,2,,0
base\quest\testgym\q115_00b_hanako.scenesolution,q115_00b_hanako_pose_preview,idle,3,,0
base\quest\testgym\q115_00b_hanako.scenesolution,q115_00b_hanako_pose_preview,animation,4,scnbeventsChangeWorkEvent,1
base\quest\testgym\q115_00b_hanako.scenesolution,q115_00b_hanako_pose_preview,facial,5,,0
base\quest\testgym\q115_00b_hanako.scenesolution,q115_00b_hanako_pose_preview,lookAt,6,toolsLookAtDescriptor,1
base\quest\testgym\q115_00b_hanako.scenesolution,q115_00b_hanako_pose_preview,logic,8,,0
base\quest\testgym\q115_00b_hanako.scenesolution,q115_00b_17,dialog lines,1,,0
base\quest\testgym\q115_00b_hanako.scenesolution,q115_00b_17,guard_02,2,,0
base\quest\testgym\q115_00b_hanako.scenesolution,q115_00b_17,idle,3,scnbeventsChangeWorkEvent,1
base\quest\testgym\q115_00b_hanako.scenesolution,q115_00b_17,animation,4,,0
base\quest\testgym\q115_00b_hanako.scenesolution,q115_00b_17,facial,5,,0
base\quest\testgym\q115_00b_hanako.scenesolution,q115_00b_17,lookAt,6,,0
base\quest\testgym\q115_00b_hanako.scenesolution,q115_00b_17,logic,8,,0
base\quest\testgym\q115_00b_hanako.scenesolution,q115_00b_18,dialog lines,1,,0
base\quest\testgym\q115_00b_hanako.scenesolution,q115_00b_18,guard_02,2,,0
base\quest\testgym\q115_00b_hanako.scenesolution,q115_00b_18,idle,3,scnbeventsStopWorkEvent,1
base\quest\testgym\q115_00b_hanako.scenesolution,q115_00b_18,animation,4,,0
base\quest\testgym\q115_00b_hanako.scenesolution,q115_00b_18,facial,5,,0
base\quest\testgym\q115_00b_hanako.scenesolution,q115_00b_18,lookAt,6,,0
base\quest\testgym\q115_00b_hanako.scenesolution,q115_00b_18,logic,8,,0
base\quest\testgym\q115_00b_hanako.scenesolution,q115_00b_19,dialog lines,1,,0
base\quest\testgym\q115_00b_hanako.scenesolution,q115_00b_19,guard_02,2,,0
base\quest\testgym\q115_00b_hanako.scenesolution,q115_00b_19,idle,3,scnbeventsChangeWorkEvent,1
base\quest\testgym\q115_00b_hanako.scenesolution,q115_00b_19,animation,4,,0
base\quest\testgym\q115_00b_hanako.scenesolution,q115_00b_19,facial,5,,0
base\quest\testgym\q115_00b_hanako.scenesolution,q115_00b_19,lookAt,6,toolsLookAtDescriptor,1
base\quest\testgym\q115_00b_hanako.scenesolution,q115_00b_19,logic,8,,0
base\quest\testgym\q115_00b_hanako.scenesolution,q115_00b_we_delta,dialog lines,1,toolsDialogLineEventDescriptor,1
base\quest\testgym\q115_00b_hanako.scenesolution,q115_00b_20,dialog lines,1,,0
base\quest\testgym\q115_00b_hanako.scenesolution,q115_00b_reminder_sit,dialog lines,1,toolsDialogLineEventDescriptor,1
base\quest\testgym\q115_00b_hanako.scenesolution,q115_00b_reminder_help,dialog lines,1,toolsDialogLineEventDescriptor,1
base\quest\testgym\q115_00b_hanako.scenesolution,q115_00b_reminder_dont_speak,dialog lines,1,toolsDialogLineEventDescriptor,1
base\quest\testgym\q115_00b_hanako.scenesolution,q115_00b_22,dialog lines,1,,0
base\quest\testgym\q115_00b_hanako.scenesolution,q115_00b_22,guard_01,2,,0
base\quest\testgym\q115_00b_hanako.scenesolution,q115_00b_22,idle,3,scnbeventsChangeWorkEvent,1
base\quest\testgym\q115_00b_hanako.scenesolution,q115_00b_22,animation,4,,0
base\quest\testgym\q115_00b_hanako.scenesolution,q115_00b_22,facial,5,,0
base\quest\testgym\q115_00b_hanako.scenesolution,q115_00b_22,lookAt,6,,0
base\quest\testgym\q115_00b_hanako.scenesolution,q115_00b_22,logic,8,,0
base\quest\testgym\q115_00b_hanako.scenesolution,lookat_01,dialog lines,1,,0
base\quest\testgym\q115_00b_hanako.scenesolution,lookat_01,johnny,2,,0
base\quest\testgym\q115_00b_hanako.scenesolution,lookat_01,idle,3,,0
base\quest\testgym\q115_00b_hanako.scenesolution,lookat_01,animation,4,,0
base\quest\testgym\q115_00b_hanako.scenesolution,lookat_01,facial,5,,0
base\quest\testgym\q115_00b_hanako.scenesolution,lookat_01,lookAt,6,toolsLookAtDescriptor,1
base\quest\testgym\q115_00b_hanako.scenesolution,lookat_01,logic,8,,0
base\quest\testgym\q115_00b_hanako.scenesolution,lookat_02,dialog lines,1,,0
base\quest\testgym\q115_00b_hanako.scenesolution,lookat_02,johnny,2,,0
base\quest\testgym\q115_00b_hanako.scenesolution,lookat_02,idle,3,,0
base\quest\testgym\q115_00b_hanako.scenesolution,lookat_02,animation,4,,0
base\quest\testgym\q115_00b_hanako.scenesolution,lookat_02,facial,5,,0
base\quest\testgym\q115_00b_hanako.scenesolution,lookat_02,lookAt,6,toolsLookAtDescriptor,1
base\quest\testgym\q115_00b_hanako.scenesolution,lookat_02,logic,8,,0
base\quest\testgym\q115_00b_hanako.scenesolution,facial_animation_01,dialog lines,1,,0
base\quest\testgym\q115_00b_hanako.scenesolution,facial_animation_01,johnny,2,,0
base\quest\testgym\q115_00b_hanako.scenesolution,facial_animation_01,idle,3,,0
base\quest\testgym\q115_00b_hanako.scenesolution,facial_animation_01,animation,4,,0
base\quest\testgym\q115_00b_hanako.scenesolution,facial_animation_01,facial,5,toolsPlaySkAnimDescriptor,1
base\quest\testgym\q115_00b_hanako.scenesolution,facial_animation_01,lookAt,6,,0
base\quest\testgym\q115_00b_hanako.scenesolution,facial_animation_01,logic,8,,0
base\quest\testgym\q115_00b_hanako.scenesolution,facial_animation_02,dialog lines,1,,0
base\quest\testgym\q115_00b_hanako.scenesolution,facial_animation_02,johnny,2,,0
base\quest\testgym\q115_00b_hanako.scenesolution,facial_animation_02,idle,3,,0
base\quest\testgym\q115_00b_hanako.scenesolution,facial_animation_02,animation,4,,0
base\quest\testgym\q115_00b_hanako.scenesolution,facial_animation_02,facial,5,toolsPlaySkAnimDescriptor,1
base\quest\testgym\q115_00b_hanako.scenesolution,facial_animation_02,lookAt,6,,0
base\quest\testgym\q115_00b_hanako.scenesolution,facial_animation_02,logic,8,,0
base\quest\testgym\q115_00b_hanako.scenesolution,facial_animation_03,dialog lines,1,,0
base\quest\testgym\q115_00b_hanako.scenesolution,facial_animation_03,johnny,2,,0
base\quest\testgym\q115_00b_hanako.scenesolution,facial_animation_03,idle,3,,0
base\quest\testgym\q115_00b_hanako.scenesolution,facial_animation_03,animation,4,,0
base\quest\testgym\q115_00b_hanako.scenesolution,facial_animation_03,facial,5,toolsPlaySkAnimDescriptor,1
base\quest\testgym\q115_00b_hanako.scenesolution,facial_animation_03,lookAt,6,,0
base\quest\testgym\q115_00b_hanako.scenesolution,facial_animation_03,logic,8,,0
base\quest\testgym\q115_00b_hanako.scenesolution,q115_00b_lookat_03,dialog lines,1,,0
base\quest\testgym\q115_00b_hanako.scenesolution,q115_00b_lookat_03,johnny,2,,0
base\quest\testgym\q115_00b_hanako.scenesolution,q115_00b_lookat_03,idle,3,,0
base\quest\testgym\q115_00b_hanako.scenesolution,q115_00b_lookat_03,animation,4,,0
base\quest\testgym\q115_00b_hanako.scenesolution,q115_00b_lookat_03,facial,5,,0
base\quest\testgym\q115_00b_hanako.scenesolution,q115_00b_lookat_03,lookAt,6,toolsLookAtDescriptor,1
base\quest\testgym\q115_00b_hanako.scenesolution,q115_00b_lookat_03,logic,8,,0
base\quest\testgym\q115_00b_hanako.scenesolution,q115_00b_23,dialog lines,1,,0
base\quest\testgym\q115_00b_hanako.scenesolution,q115_00b_23,guard_02,2,,0
base\quest\testgym\q115_00b_hanako.scenesolution,q115_00b_23,idle,3,scnbeventsChangeWorkEvent,1
base\quest\testgym\q115_00b_hanako.scenesolution,q115_00b_23,animation,4,,0
base\quest\testgym\q115_00b_hanako.scenesolution,q115_00b_23,facial,5,,0
base\quest\testgym\q115_00b_hanako.scenesolution,q115_00b_23,lookAt,6,,0
base\quest\testgym\q115_00b_hanako.scenesolution,q115_00b_23,logic,8,,0
base\quest\testgym\q115_00b_hanako.scenesolution,q115_00b_24,dialog lines,1,,0
base\quest\testgym\q115_00b_hanako.scenesolution,q115_00b_24,bartender,2,,0
base\quest\testgym\q115_00b_hanako.scenesolution,q115_00b_24,idle,3,scnbeventsStopWorkEvent,1
base\quest\testgym\q115_00b_hanako.scenesolution,q115_00b_24,animation,4,,0
base\quest\testgym\q115_00b_hanako.scenesolution,q115_00b_24,facial,5,,0
base\quest\testgym\q115_00b_hanako.scenesolution,q115_00b_24,lookAt,6,,0
base\quest\testgym\q115_00b_hanako.scenesolution,q115_00b_24,logic,8,,0
base\quest\testgym\q115_00b_hanako.scenesolution,q115_00b_24,dialog lines,1,,0
base\quest\testgym\q115_00b_hanako.scenesolution,q115_00b_25,dialog lines,1,,0
base\quest\testgym\q115_00b_hanako.scenesolution,q115_00b_25,hanako,2,,0
base\quest\testgym\q115_00b_hanako.scenesolution,q115_00b_25,idle,3,,0
base\quest\testgym\q115_00b_hanako.scenesolution,q115_00b_25,animation,4,,0
base\quest\testgym\q115_00b_hanako.scenesolution,q115_00b_25,facial,5,toolsChangeIdleAnimDescriptor,1
base\quest\testgym\q115_00b_hanako.scenesolution,q115_00b_25,lookAt,6,toolsLookAtDescriptor,1
base\quest\testgym\q115_00b_hanako.scenesolution,q115_00b_25,logic,8,,0
base\quest\testgym\q115_00b_hanako.scenesolution,q115_00b_player_bowing,dialog lines,1,,0
base\quest\testgym\q115_00b_hanako.scenesolution,q115_00b_player_bowing,Player,2,,0
base\quest\testgym\q115_00b_hanako.scenesolution,q115_00b_player_bowing,idle,3,,0
base\quest\testgym\q115_00b_hanako.scenesolution,q115_00b_player_bowing,animation,4,toolsPlaySkAnimDescriptor,1
base\quest\testgym\q115_00b_hanako.scenesolution,q115_00b_player_bowing,facial,5,,0
base\quest\testgym\q115_00b_hanako.scenesolution,q115_00b_player_bowing,lookAt,6,,0
base\quest\testgym\q115_00b_hanako.scenesolution,q115_00b_player_bowing,logic,8,scnbeventsSocketDescriptor,1
base\quest\testgym\q115_00b_hanako.scenesolution,q115_00b_26,dialog lines,1,,0
base\quest\testgym\q115_00b_hanako.scenesolution,q115_00b_26,johnny,2,,0
base\quest\testgym\q115_00b_hanako.scenesolution,q115_00b_26,idle,3,scnbeventsStopWorkEvent,1
base\quest\testgym\q115_00b_hanako.scenesolution,q115_00b_26,animation,4,,0
base\quest\testgym\q115_00b_hanako.scenesolution,q115_00b_26,facial,5,,0
base\quest\testgym\q115_00b_hanako.scenesolution,q115_00b_26,lookAt,6,,0
base\quest\testgym\q115_00b_hanako.scenesolution,q115_00b_26,logic,8,,0
base\quest\testgym\q115_00b_hanako.scenesolution,q115_00b_hanako_sama_faster,dialog lines,1,toolsDialogLineEventDescriptor,3
base\quest\testgym\q115_00b_hanako.scenesolution,q115_00b_hanako_sama_faster,dialog lines,1,toolsDialogLineEventDescriptor,3
base\quest\testgym\q115_00b_hanako.scenesolution,q115_00b_hanako_sama_faster,dialog lines,1,toolsDialogLineEventDescriptor,3
base\quest\testgym\q115_00b_hanako.scenesolution,q115_00b_hanako_sama_faster,hanako,2,,0
base\quest\testgym\q115_00b_hanako.scenesolution,q115_00b_hanako_sama_faster,idle,3,scnbeventsChangeWorkEvent,1
base\quest\testgym\q115_00b_hanako.scenesolution,q115_00b_hanako_sama_faster,animation,4,toolsPlaySkAnimDescriptor,1
base\quest\testgym\q115_00b_hanako.scenesolution,q115_00b_hanako_sama_faster,facial,5,,0
base\quest\testgym\q115_00b_hanako.scenesolution,q115_00b_hanako_sama_faster,lookAt,6,,0
base\quest\testgym\q115_00b_hanako.scenesolution,q115_00b_hanako_sama_faster,logic,8,scnbeventsSocketDescriptor,1
base\quest\testgym\q115_00b_hanako.scenesolution,q115_00b_hanako_sama_faster,Player,2,,0
base\quest\testgym\q115_00b_hanako.scenesolution,q115_00b_hanako_sama_faster,idle,3,,0
base\quest\testgym\q115_00b_hanako.scenesolution,q115_00b_hanako_sama_faster,animation,4,,0
base\quest\testgym\q115_00b_hanako.scenesolution,q115_00b_hanako_sama_faster,facial,5,,0
base\quest\testgym\q115_00b_hanako.scenesolution,q115_00b_hanako_sama_faster,lookAt,6,,0
base\quest\testgym\q115_00b_hanako.scenesolution,q115_00b_hanako_sama_faster,logic,8,,0
base\quest\testgym\q115_00b_hanako.scenesolution,q115_00b_johnny_by_the_bar,dialog lines,1,,0
base\quest\testgym\q115_00b_hanako.scenesolution,q115_00b_johnny_by_the_bar,johnny,2,,0
base\quest\testgym\q115_00b_hanako.scenesolution,q115_00b_johnny_by_the_bar,idle,3,scnbeventsChangeWorkEvent,1
base\quest\testgym\q115_00b_hanako.scenesolution,q115_00b_johnny_by_the_bar,animation,4,,0
base\quest\testgym\q115_00b_hanako.scenesolution,q115_00b_johnny_by_the_bar,facial,5,,0
base\quest\testgym\q115_00b_hanako.scenesolution,q115_00b_johnny_by_the_bar,lookAt,6,,0
base\quest\testgym\q115_00b_hanako.scenesolution,q115_00b_johnny_by_the_bar,logic,8,,0
base\quest\testgym\q115_00b_hanako.scenesolution,q115_00b_27,dialog lines,1,,0
base\quest\testgym\q115_00b_hanako.scenesolution,q115_00b_27,Player,2,,0
base\quest\testgym\q115_00b_hanako.scenesolution,q115_00b_27,idle,3,scnbeventsChangeWorkEvent,1
base\quest\testgym\q115_00b_hanako.scenesolution,q115_00b_27,animation,4,,0
base\quest\testgym\q115_00b_hanako.scenesolution,q115_00b_27,facial,5,,0
base\quest\testgym\q115_00b_hanako.scenesolution,q115_00b_27,lookAt,6,,0
base\quest\testgym\q115_00b_hanako.scenesolution,q115_00b_27,logic,8,,0
base\quest\testgym\q115_00b_hanako.scenesolution,q115_00b_27,VFX,15,scnbeventsVFXEventDescriptor,1
base\quest\testgym\q115_00b_hanako.scenesolution,q115_00b_hanako_sit,dialog lines,1,toolsDialogLineEventDescriptor,2
base\quest\testgym\q115_00b_hanako.scenesolution,q115_00b_hanako_sit,dialog lines,1,toolsDialogLineEventDescriptor,2
base\quest\testgym\q115_00b_hanako.scenesolution,q115_00b_hanako_sit,hanako,2,,0
base\quest\testgym\q115_00b_hanako.scenesolution,q115_00b_hanako_sit,idle,3,,0
base\quest\testgym\q115_00b_hanako.scenesolution,q115_00b_hanako_sit,animation,4,,0
base\quest\testgym\q115_00b_hanako.scenesolution,q115_00b_hanako_sit,facial,5,,0
base\quest\testgym\q115_00b_hanako.scenesolution,q115_00b_hanako_sit,lookAt,6,toolsLookAtDescriptor,1
base\quest\testgym\q115_00b_hanako.scenesolution,q115_00b_hanako_sit,logic,8,,0
base\quest\testgym\q115_00b_hanako.scenesolution,q115_00b_28,dialog lines,1,,0
base\quest\testgym\q115_00b_hanako.scenesolution,q115_00b_28,Player,2,,0
base\quest\testgym\q115_00b_hanako.scenesolution,q115_00b_28,idle,3,,0
base\quest\testgym\q115_00b_hanako.scenesolution,q115_00b_28,animation,4,,0
base\quest\testgym\q115_00b_hanako.scenesolution,q115_00b_28,facial,5,,0
base\quest\testgym\q115_00b_hanako.scenesolution,q115_00b_28,lookAt,6,scnbeventsCameraClipDescriptor,1
base\quest\testgym\q115_00b_hanako.scenesolution,q115_00b_28,logic,8,,0
base\quest\testgym\q115_00b_hanako.scenesolution,q115_00b_28,dialog lines,1,,0
base\quest\testgym\q115_00b_hanako.scenesolution,q115_00b_28,Player,2,,0
base\quest\testgym\q115_00b_hanako.scenesolution,q115_00b_28,idle,3,,0
base\quest\testgym\q115_00b_hanako.scenesolution,q115_00b_28,animation,4,,0
base\quest\testgym\q115_00b_hanako.scenesolution,q115_00b_28,facial,5,,0
base\quest\testgym\q115_00b_hanako.scenesolution,q115_00b_28,lookAt,6,scnbeventsCameraClipDescriptor,1
base\quest\testgym\q115_00b_hanako.scenesolution,q115_00b_28,logic,8,,0
base\quest\testgym\q115_00b_hanako.scenesolution,q115_00b_29,dialog lines,1,,0
base\quest\testgym\q115_00b_hanako.scenesolution,q115_00b_30,dialog lines,1,,0
base\quest\testgym\q115_00b_hanako.scenesolution,q115_00b_30,hanako,2,,0
base\quest\testgym\q115_00b_hanako.scenesolution,q115_00b_30,idle,3,scnbeventsStopWorkEvent,1
base\quest\testgym\q115_00b_hanako.scenesolution,q115_00b_30,animation,4,,0
base\quest\testgym\q115_00b_hanako.scenesolution,q115_00b_30,facial,5,,0
base\quest\testgym\q115_00b_hanako.scenesolution,q115_00b_30,lookAt,6,,0
base\quest\testgym\q115_00b_hanako.scenesolution,q115_00b_30,logic,8,,0
base\quest\testgym\q115_00b_hanako.scenesolution,q115_00b_31,dialog lines,1,,0
base\quest\testgym\q115_00b_hanako.scenesolution,q115_00b_31,guard_01,2,,0
base\quest\testgym\q115_00b_hanako.scenesolution,q115_00b_31,idle,3,scnbeventsStopWorkEvent,1
base\quest\testgym\q115_00b_hanako.scenesolution,q115_00b_31,animation,4,,0
base\quest\testgym\q115_00b_hanako.scenesolution,q115_00b_31,facial,5,,0
base\quest\testgym\q115_00b_hanako.scenesolution,q115_00b_31,lookAt,6,,0
base\quest\testgym\q115_00b_hanako.scenesolution,q115_00b_31,logic,8,,0
base\quest\testgym\q115_00b_hanako.scenesolution,q115_00b_32,dialog lines,1,,0
base\quest\testgym\q115_00b_hanako.scenesolution,q115_00b_32,guard_01,2,,0
base\quest\testgym\q115_00b_hanako.scenesolution,q115_00b_32,idle,3,scnbeventsChangeWorkEvent,1
base\quest\testgym\q115_00b_hanako.scenesolution,q115_00b_32,animation,4,,0
base\quest\testgym\q115_00b_hanako.scenesolution,q115_00b_32,facial,5,,0
base\quest\testgym\q115_00b_hanako.scenesolution,q115_00b_32,lookAt,6,,0
base\quest\testgym\q115_00b_hanako.scenesolution,q115_00b_32,logic,8,,0
base\quest\testgym\q115_00b_hanako.scenesolution,q115_00b_33,dialog lines,1,,0
base\quest\testgym\q115_00b_hanako.scenesolution,q115_00b_33,hanako,2,,0
base\quest\testgym\q115_00b_hanako.scenesolution,q115_00b_33,idle,3,scnbeventsChangeWorkEvent,1
base\quest\testgym\q115_00b_hanako.scenesolution,q115_00b_33,animation,4,,0
base\quest\testgym\q115_00b_hanako.scenesolution,q115_00b_33,facial,5,,0
base\quest\testgym\q115_00b_hanako.scenesolution,q115_00b_33,lookAt,6,,0
base\quest\testgym\q115_00b_hanako.scenesolution,q115_00b_33,logic,8,,0
base\quest\testgym\q115_00b_hanako.scenesolution,q115_00b_johnny_hand_appear_elevator,dialog lines,1,,0
base\quest\testgym\q115_00b_hanako.scenesolution,q115_00b_johnny_hand_appear_elevator,q115_johnny_hand,9,,0
base\quest\testgym\q115_00b_hanako.scenesolution,q115_00b_johnny_hand_appear_elevator,animation,10,scnbeventsVFXEventDescriptor,1
base\quest\testgym\q115_00b_hanako.scenesolution,q115_00b_johnny_hand_appear_elevator,placement,11,,0
base\quest\testgym\q115_00b_hanako.scenesolution,q115_00b_johnny_hand_appear_elevator,logic,12,,0
base\quest\testgym\q115_00b_hanako.scenesolution,q115_00b_35_reset_placement_of_street_bodyguards,dialog lines,1,,0
base\quest\testgym\q115_00b_hanako.scenesolution,q115_00b_35_reset_placement_of_street_bodyguards,guard_street_01,2,,0
base\quest\testgym\q115_00b_hanako.scenesolution,q115_00b_35_reset_placement_of_street_bodyguards,idle,3,scnbeventsChangeWorkEvent,1
base\quest\testgym\q115_00b_hanako.scenesolution,q115_00b_35_reset_placement_of_street_bodyguards,animation,4,,0
base\quest\testgym\q115_00b_hanako.scenesolution,q115_00b_35_reset_placement_of_street_bodyguards,facial,5,,0
base\quest\testgym\q115_00b_hanako.scenesolution,q115_00b_35_reset_placement_of_street_bodyguards,lookAt,6,,0
base\quest\testgym\q115_00b_hanako.scenesolution,q115_00b_35_reset_placement_of_street_bodyguards,logic,8,,0
base\quest\testgym\q115_00b_hanako.scenesolution,q115_00b_35_reset_placement_of_street_bodyguards,guard_street_02,2,,0
base\quest\testgym\q115_00b_hanako.scenesolution,q115_00b_35_reset_placement_of_street_bodyguards,idle,3,,0
base\quest\testgym\q115_00b_hanako.scenesolution,q115_00b_35_reset_placement_of_street_bodyguards,animation,4,scnbeventsChangeWorkEvent,1
base\quest\testgym\q115_00b_hanako.scenesolution,q115_00b_35_reset_placement_of_street_bodyguards,facial,5,,0
base\quest\testgym\q115_00b_hanako.scenesolution,q115_00b_35_reset_placement_of_street_bodyguards,lookAt,6,,0
base\quest\testgym\q115_00b_hanako.scenesolution,q115_00b_35_reset_placement_of_street_bodyguards,logic,8,,0
base\quest\testgym\q115_00b_hanako.scenesolution,q115_00b_35,dialog lines,1,,0
base\quest\testgym\q115_00b_hanako.scenesolution,q115_00b_35,johnny,2,,0
base\quest\testgym\q115_00b_hanako.scenesolution,q115_00b_35,idle,3,scnbeventsChangeWorkEvent,1
base\quest\testgym\q115_00b_hanako.scenesolution,q115_00b_35,animation,4,,0
base\quest\testgym\q115_00b_hanako.scenesolution,q115_00b_35,facial,5,,0
base\quest\testgym\q115_00b_hanako.scenesolution,q115_00b_35,lookAt,6,,0
base\quest\testgym\q115_00b_hanako.scenesolution,q115_00b_35,logic,8,,0
base\quest\testgym\q115_00b_hanako.scenesolution,q115_00b_johnny_hand_disappear_elevator,dialog lines,1,,0
base\quest\testgym\q115_00b_hanako.scenesolution,q115_00b_johnny_hand_disappear_elevator,q115_johnny_hand,9,,0
base\quest\testgym\q115_00b_hanako.scenesolution,q115_00b_johnny_hand_disappear_elevator,animation,10,scnbeventsVFXEventDescriptor,1
base\quest\testgym\q115_00b_hanako.scenesolution,q115_00b_johnny_hand_disappear_elevator,placement,11,,0
base\quest\testgym\q115_00b_hanako.scenesolution,q115_00b_johnny_hand_disappear_elevator,logic,12,,0
base\quest\testgym\q115_00b_hanako.scenesolution,q115_00b_johnny_hand_disappear_drink,dialog lines,1,,0
base\quest\testgym\q115_00b_hanako.scenesolution,q115_00b_johnny_hand_disappear_drink,q115_johnny_hand,9,,0
base\quest\testgym\q115_00b_hanako.scenesolution,q115_00b_johnny_hand_disappear_drink,animation,10,scnbeventsVFXEventDescriptor,1
base\quest\testgym\q115_00b_hanako.scenesolution,q115_00b_johnny_hand_disappear_drink,placement,11,,0
base\quest\testgym\q115_00b_hanako.scenesolution,q115_00b_johnny_hand_disappear_drink,logic,12,,0
base\quest\testgym\q115_00b_hanako.scenesolution,q115_00b_johnny_hand_appear_drink,dialog lines,1,,0
base\quest\testgym\q115_00b_hanako.scenesolution,q115_00b_johnny_hand_appear_drink,q115_johnny_hand,9,,0
base\quest\testgym\q115_00b_hanako.scenesolution,q115_00b_johnny_hand_appear_drink,animation,10,scnbeventsVFXEventDescriptor,1
base\quest\testgym\q115_00b_hanako.scenesolution,q115_00b_johnny_hand_appear_drink,placement,11,,0
base\quest\testgym\q115_00b_hanako.scenesolution,q115_00b_johnny_hand_appear_drink,logic,12,,0
base\quest\testgym\q115_00b_hanako.scenesolution,q115_00b_36,dialog lines,1,,0
base\quest\testgym\q115_00b_hanako.scenesolution,q115_00b_36,hanako,2,,0
base\quest\testgym\q115_00b_hanako.scenesolution,q115_00b_36,idle,3,scnbeventsChangeWorkEvent,1
base\quest\testgym\q115_00b_hanako.scenesolution,q115_00b_36,animation,4,,0
base\quest\testgym\q115_00b_hanako.scenesolution,q115_00b_36,facial,5,,0
base\quest\testgym\q115_00b_hanako.scenesolution,q115_00b_36,lookAt,6,,0
base\quest\testgym\q115_00b_hanako.scenesolution,q115_00b_36,logic,8,,0
base\quest\testgym\q115_00b_hanako.scenesolution,q115_00b_37,dialog lines,1,,0
base\quest\testgym\q115_00b_hanako.scenesolution,q115_00b_37,hanako,2,,0
base\quest\testgym\q115_00b_hanako.scenesolution,q115_00b_37,idle,3,scnbeventsChangeWorkEvent,1
base\quest\testgym\q115_00b_hanako.scenesolution,q115_00b_37,animation,4,,0
base\quest\testgym\q115_00b_hanako.scenesolution,q115_00b_37,facial,5,,0
base\quest\testgym\q115_00b_hanako.scenesolution,q115_00b_37,lookAt,6,,0
base\quest\testgym\q115_00b_hanako.scenesolution,q115_00b_37,logic,8,,0
base\quest\testgym\q115_00b_hanako.scenesolution,q115_00b_38,dialog lines,1,,0
base\quest\testgym\q115_00b_hanako.scenesolution,q115_00b_38,hanako,2,,0
base\quest\testgym\q115_00b_hanako.scenesolution,q115_00b_38,idle,3,scnbeventsChangeWorkEvent,1
base\quest\testgym\q115_00b_hanako.scenesolution,q115_00b_38,animation,4,,0
base\quest\testgym\q115_00b_hanako.scenesolution,q115_00b_38,facial,5,,0
base\quest\testgym\q115_00b_hanako.scenesolution,q115_00b_38,lookAt,6,,0
base\quest\testgym\q115_00b_hanako.scenesolution,q115_00b_38,logic,8,,0
base\quest\testgym\q115_00b_hanako.scenesolution,q115_00b_39,dialog lines,1,,0
base\quest\testgym\q115_00b_hanako.scenesolution,q115_00b_39,hanako,2,,0
base\quest\testgym\q115_00b_hanako.scenesolution,q115_00b_39,idle,3,,0
base\quest\testgym\q115_00b_hanako.scenesolution,q115_00b_39,animation,4,scnbeventsChangeWorkEvent,1
base\quest\testgym\q115_00b_hanako.scenesolution,q115_00b_39,facial,5,,0
base\quest\testgym\q115_00b_hanako.scenesolution,q115_00b_39,lookAt,6,,0
base\quest\testgym\q115_00b_hanako.scenesolution,q115_00b_39,logic,8,,0
base\quest\testgym\q115_00b_hanako.scenesolution,q115_00b_40,dialog lines,1,,0
base\quest\testgym\q115_00b_hanako.scenesolution,q115_00b_40,guard_01,2,,0
base\quest\testgym\q115_00b_hanako.scenesolution,q115_00b_40,idle,3,scnbeventsStopWorkEvent,1
base\quest\testgym\q115_00b_hanako.scenesolution,q115_00b_40,animation,4,,0
base\quest\testgym\q115_00b_hanako.scenesolution,q115_00b_40,facial,5,,0
base\quest\testgym\q115_00b_hanako.scenesolution,q115_00b_40,lookAt,6,,0
base\quest\testgym\q115_00b_hanako.scenesolution,q115_00b_40,logic,8,,0
base\quest\testgym\q115_00b_hanako.scenesolution,q115_00b_41,dialog lines,1,,0
base\quest\testgym\q115_00b_hanako.scenesolution,q115_00b_41,guard_02,2,,0
base\quest\testgym\q115_00b_hanako.scenesolution,q115_00b_41,idle,3,scnbeventsStopWorkEvent,1
base\quest\testgym\q115_00b_hanako.scenesolution,q115_00b_41,animation,4,,0
base\quest\testgym\q115_00b_hanako.scenesolution,q115_00b_41,facial,5,,0
base\quest\testgym\q115_00b_hanako.scenesolution,q115_00b_41,lookAt,6,,0
base\quest\testgym\q115_00b_hanako.scenesolution,q115_00b_41,logic,8,,0
