场景路径,Section名称,轨道序号,轨道名称,轨道类型,剪辑数量
base\quest\testgym\meethanako.scenesolution,q115_00b_street_guard_movement,1,dialog lines,1,1
base\quest\testgym\meethanako.scenesolution,q115_00b_street_guard_movement,2,guard_street_01,2,0
base\quest\testgym\meethanako.scenesolution,q115_00b_street_guard_movement,3,idle,3,0
base\quest\testgym\meethanako.scenesolution,q115_00b_street_guard_movement,4,animation,4,0
base\quest\testgym\meethanako.scenesolution,q115_00b_street_guard_movement,5,facial,5,0
base\quest\testgym\meethanako.scenesolution,q115_00b_street_guard_movement,6,lookAt,6,1
base\quest\testgym\meethanako.scenesolution,q115_00b_street_guard_movement,7,logic,8,2
base\quest\testgym\meethanako.scenesolution,q115_00b_street_guard_movement,8,guard_street_02,2,0
base\quest\testgym\meethanako.scenesolution,q115_00b_street_guard_movement,9,idle,3,1
base\quest\testgym\meethanako.scenesolution,q115_00b_street_guard_movement,10,animation,4,0
base\quest\testgym\meethanako.scenesolution,q115_00b_street_guard_movement,11,facial,5,0
base\quest\testgym\meethanako.scenesolution,q115_00b_street_guard_movement,12,lookAt,6,1
base\quest\testgym\meethanako.scenesolution,q115_00b_street_guard_movement,13,logic,8,0
base\quest\testgym\meethanako.scenesolution,q115_00b_guard_02_nod,1,dialog lines,1,1
base\quest\testgym\meethanako.scenesolution,q115_00b_guard_02_nod,2,guard_street_02,2,0
base\quest\testgym\meethanako.scenesolution,q115_00b_guard_02_nod,3,idle,3,0
base\quest\testgym\meethanako.scenesolution,q115_00b_guard_02_nod,4,animation,4,1
base\quest\testgym\meethanako.scenesolution,q115_00b_guard_02_nod,5,facial,5,0
base\quest\testgym\meethanako.scenesolution,q115_00b_guard_02_nod,6,lookAt,6,0
base\quest\testgym\meethanako.scenesolution,q115_00b_guard_02_nod,7,logic,8,0
base\quest\testgym\meethanako.scenesolution,q115_00b_street_guard_to_hanako,1,dialog lines,1,2
base\quest\testgym\meethanako.scenesolution,q115_00b_street_guard_to_hanako,2,guard_street_01,2,0
base\quest\testgym\meethanako.scenesolution,q115_00b_street_guard_to_hanako,3,idle,3,0
base\quest\testgym\meethanako.scenesolution,q115_00b_street_guard_to_hanako,4,animation,4,1
base\quest\testgym\meethanako.scenesolution,q115_00b_street_guard_to_hanako,5,facial,5,1
base\quest\testgym\meethanako.scenesolution,q115_00b_street_guard_to_hanako,6,lookAt,6,3
base\quest\testgym\meethanako.scenesolution,q115_00b_street_guard_to_hanako,7,logic,8,0
base\quest\testgym\meethanako.scenesolution,q115_00b_street_guard_to_hanako,8,guard_street_02,2,0
base\quest\testgym\meethanako.scenesolution,q115_00b_street_guard_to_hanako,9,idle,3,0
base\quest\testgym\meethanako.scenesolution,q115_00b_street_guard_to_hanako,10,animation,4,0
base\quest\testgym\meethanako.scenesolution,q115_00b_street_guard_to_hanako,11,facial,5,1
base\quest\testgym\meethanako.scenesolution,q115_00b_street_guard_to_hanako,12,lookAt,6,0
base\quest\testgym\meethanako.scenesolution,q115_00b_street_guard_to_hanako,13,logic,8,2
base\quest\testgym\meethanako.scenesolution,q115_00b_08,1,dialog lines,1,1
base\quest\testgym\meethanako.scenesolution,q115_00b_08,2,guard_02,2,0
base\quest\testgym\meethanako.scenesolution,q115_00b_08,3,idle,3,0
base\quest\testgym\meethanako.scenesolution,q115_00b_08,4,animation,4,0
base\quest\testgym\meethanako.scenesolution,q115_00b_08,5,facial,5,0
base\quest\testgym\meethanako.scenesolution,q115_00b_08,6,lookAt,6,0
base\quest\testgym\meethanako.scenesolution,q115_00b_08,7,logic,8,0
base\quest\testgym\meethanako.scenesolution,q115_00b_08,8,guard_street_02,2,0
base\quest\testgym\meethanako.scenesolution,q115_00b_08,9,idle,3,0
base\quest\testgym\meethanako.scenesolution,q115_00b_08,10,animation,4,1
base\quest\testgym\meethanako.scenesolution,q115_00b_08,11,facial,5,0
base\quest\testgym\meethanako.scenesolution,q115_00b_08,12,lookAt,6,2
base\quest\testgym\meethanako.scenesolution,q115_00b_08,13,logic,8,1
base\quest\testgym\meethanako.scenesolution,q115_00b_08,14,guard_street_01,2,0
base\quest\testgym\meethanako.scenesolution,q115_00b_08,15,idle,3,0
base\quest\testgym\meethanako.scenesolution,q115_00b_08,16,animation,4,0
base\quest\testgym\meethanako.scenesolution,q115_00b_08,17,facial,5,0
base\quest\testgym\meethanako.scenesolution,q115_00b_08,18,lookAt,6,0
base\quest\testgym\meethanako.scenesolution,q115_00b_08,19,logic,8,0
base\quest\testgym\meethanako.scenesolution,q115_00b_street_guards_lookats,1,dialog lines,1,0
base\quest\testgym\meethanako.scenesolution,q115_00b_street_guards_lookats,2,guard_street_02,2,0
base\quest\testgym\meethanako.scenesolution,q115_00b_street_guards_lookats,3,idle,3,0
base\quest\testgym\meethanako.scenesolution,q115_00b_street_guards_lookats,4,animation,4,0
base\quest\testgym\meethanako.scenesolution,q115_00b_street_guards_lookats,5,facial,5,1
base\quest\testgym\meethanako.scenesolution,q115_00b_street_guards_lookats,6,lookAt,6,1
base\quest\testgym\meethanako.scenesolution,q115_00b_street_guards_lookats,7,logic,8,0
base\quest\testgym\meethanako.scenesolution,q115_00b_street_guards_lookats,8,guard_street_01,2,0
base\quest\testgym\meethanako.scenesolution,q115_00b_street_guards_lookats,9,idle,3,0
base\quest\testgym\meethanako.scenesolution,q115_00b_street_guards_lookats,10,animation,4,0
base\quest\testgym\meethanako.scenesolution,q115_00b_street_guards_lookats,11,facial,5,1
base\quest\testgym\meethanako.scenesolution,q115_00b_street_guards_lookats,12,lookAt,6,1
base\quest\testgym\meethanako.scenesolution,q115_00b_street_guards_lookats,13,logic,8,0
base\quest\testgym\meethanako.scenesolution,q115_00b_guard_02_moving_back,1,dialog lines,1,0
base\quest\testgym\meethanako.scenesolution,q115_00b_guard_02_moving_back,2,guard_street_02,2,0
base\quest\testgym\meethanako.scenesolution,q115_00b_guard_02_moving_back,3,idle,3,1
base\quest\testgym\meethanako.scenesolution,q115_00b_guard_02_moving_back,4,animation,4,0
base\quest\testgym\meethanako.scenesolution,q115_00b_guard_02_moving_back,5,facial,5,0
base\quest\testgym\meethanako.scenesolution,q115_00b_guard_02_moving_back,6,lookAt,6,0
base\quest\testgym\meethanako.scenesolution,q115_00b_guard_02_moving_back,7,logic,8,0
base\quest\testgym\meethanako.scenesolution,q115_00b_guard_02_moving_back,8,guard_street_01,2,0
base\quest\testgym\meethanako.scenesolution,q115_00b_guard_02_moving_back,9,idle,3,1
base\quest\testgym\meethanako.scenesolution,q115_00b_guard_02_moving_back,10,animation,4,0
base\quest\testgym\meethanako.scenesolution,q115_00b_guard_02_moving_back,11,facial,5,0
base\quest\testgym\meethanako.scenesolution,q115_00b_guard_02_moving_back,12,lookAt,6,0
base\quest\testgym\meethanako.scenesolution,q115_00b_guard_02_moving_back,13,logic,8,0
base\quest\testgym\meethanako.scenesolution,q115_00b_35_reset_placement_of_street_bodyguards,1,dialog lines,1,0
base\quest\testgym\meethanako.scenesolution,q115_00b_35_reset_placement_of_street_bodyguards,2,guard_street_02,2,0
base\quest\testgym\meethanako.scenesolution,q115_00b_35_reset_placement_of_street_bodyguards,3,idle,3,1
base\quest\testgym\meethanako.scenesolution,q115_00b_35_reset_placement_of_street_bodyguards,4,animation,4,0
base\quest\testgym\meethanako.scenesolution,q115_00b_35_reset_placement_of_street_bodyguards,5,facial,5,0
base\quest\testgym\meethanako.scenesolution,q115_00b_35_reset_placement_of_street_bodyguards,6,lookAt,6,0
base\quest\testgym\meethanako.scenesolution,q115_00b_35_reset_placement_of_street_bodyguards,7,logic,8,0
base\quest\testgym\meethanako.scenesolution,q115_00b_35_reset_placement_of_street_bodyguards,8,guard_street_01,2,0
base\quest\testgym\meethanako.scenesolution,q115_00b_35_reset_placement_of_street_bodyguards,9,idle,3,1
base\quest\testgym\meethanako.scenesolution,q115_00b_35_reset_placement_of_street_bodyguards,10,animation,4,0
base\quest\testgym\meethanako.scenesolution,q115_00b_35_reset_placement_of_street_bodyguards,11,facial,5,0
base\quest\testgym\meethanako.scenesolution,q115_00b_35_reset_placement_of_street_bodyguards,12,lookAt,6,0
base\quest\testgym\meethanako.scenesolution,q115_00b_35_reset_placement_of_street_bodyguards,13,logic,8,0
base\quest\testgym\meethanako.scenesolution,q115_00b_11,1,dialog lines,1,0
base\quest\testgym\meethanako.scenesolution,q115_00b_11,2,guard_street_01,2,0
base\quest\testgym\meethanako.scenesolution,q115_00b_11,3,idle,3,1
base\quest\testgym\meethanako.scenesolution,q115_00b_11,4,animation,4,1
base\quest\testgym\meethanako.scenesolution,q115_00b_11,5,facial,5,0
base\quest\testgym\meethanako.scenesolution,q115_00b_11,6,lookAt,6,2
base\quest\testgym\meethanako.scenesolution,q115_00b_11,7,logic,8,0
base\quest\testgym\meethanako.scenesolution,q115_00b_guards_scenespots,1,dialog lines,1,0
base\quest\testgym\meethanako.scenesolution,q115_00b_guards_scenespots,2,guard_street_01,2,0
base\quest\testgym\meethanako.scenesolution,q115_00b_guards_scenespots,3,idle,3,1
base\quest\testgym\meethanako.scenesolution,q115_00b_guards_scenespots,4,animation,4,0
base\quest\testgym\meethanako.scenesolution,q115_00b_guards_scenespots,5,facial,5,0
base\quest\testgym\meethanako.scenesolution,q115_00b_guards_scenespots,6,lookAt,6,0
base\quest\testgym\meethanako.scenesolution,q115_00b_guards_scenespots,7,logic,8,0
base\quest\testgym\meethanako.scenesolution,q115_00b_41,1,dialog lines,1,0
base\quest\testgym\meethanako.scenesolution,q115_00b_41,2,guard_02,2,0
base\quest\testgym\meethanako.scenesolution,q115_00b_41,3,idle,3,1
base\quest\testgym\meethanako.scenesolution,q115_00b_41,4,animation,4,0
base\quest\testgym\meethanako.scenesolution,q115_00b_41,5,facial,5,0
base\quest\testgym\meethanako.scenesolution,q115_00b_41,6,lookAt,6,0
base\quest\testgym\meethanako.scenesolution,q115_00b_41,7,logic,8,0
base\quest\testgym\meethanako.scenesolution,q115_00b_23,1,dialog lines,1,0
base\quest\testgym\meethanako.scenesolution,q115_00b_23,2,guard_02,2,0
base\quest\testgym\meethanako.scenesolution,q115_00b_23,3,idle,3,1
base\quest\testgym\meethanako.scenesolution,q115_00b_23,4,animation,4,0
base\quest\testgym\meethanako.scenesolution,q115_00b_23,5,facial,5,0
base\quest\testgym\meethanako.scenesolution,q115_00b_23,6,lookAt,6,0
base\quest\testgym\meethanako.scenesolution,q115_00b_23,7,logic,8,0
base\quest\testgym\meethanako.scenesolution,q115_00b_hanako_pose,1,dialog lines,1,0
base\quest\testgym\meethanako.scenesolution,q115_00b_hanako_pose,2,hanako,2,0
base\quest\testgym\meethanako.scenesolution,q115_00b_hanako_pose,3,idle,3,0
base\quest\testgym\meethanako.scenesolution,q115_00b_hanako_pose,4,animation,4,1
base\quest\testgym\meethanako.scenesolution,q115_00b_hanako_pose,5,facial,5,0
base\quest\testgym\meethanako.scenesolution,q115_00b_hanako_pose,6,lookAt,6,0
base\quest\testgym\meethanako.scenesolution,q115_00b_hanako_pose,7,logic,8,2
base\quest\testgym\meethanako.scenesolution,q115_00b_hanako_greet,1,dialog lines,1,1
base\quest\testgym\meethanako.scenesolution,q115_00b_hanako_greet,2,hanako,2,0
base\quest\testgym\meethanako.scenesolution,q115_00b_hanako_greet,3,idle,3,0
base\quest\testgym\meethanako.scenesolution,q115_00b_hanako_greet,4,animation,4,0
base\quest\testgym\meethanako.scenesolution,q115_00b_hanako_greet,5,facial,5,1
base\quest\testgym\meethanako.scenesolution,q115_00b_hanako_greet,6,lookAt,6,0
base\quest\testgym\meethanako.scenesolution,q115_00b_hanako_greet,7,logic,8,1
base\quest\testgym\meethanako.scenesolution,q115_00b_25,1,dialog lines,1,1
base\quest\testgym\meethanako.scenesolution,q115_00b_25,2,hanako,2,0
base\quest\testgym\meethanako.scenesolution,q115_00b_25,3,idle,3,0
base\quest\testgym\meethanako.scenesolution,q115_00b_25,4,animation,4,0
base\quest\testgym\meethanako.scenesolution,q115_00b_25,5,facial,5,1
base\quest\testgym\meethanako.scenesolution,q115_00b_25,6,lookAt,6,1
base\quest\testgym\meethanako.scenesolution,q115_00b_25,7,logic,8,0
base\quest\testgym\meethanako.scenesolution,q115_00b_guard_01_lookat,1,dialog lines,1,0
base\quest\testgym\meethanako.scenesolution,q115_00b_guard_01_lookat,2,hanako,2,0
base\quest\testgym\meethanako.scenesolution,q115_00b_guard_01_lookat,3,idle,3,0
base\quest\testgym\meethanako.scenesolution,q115_00b_guard_01_lookat,4,animation,4,0
base\quest\testgym\meethanako.scenesolution,q115_00b_guard_01_lookat,5,facial,5,0
base\quest\testgym\meethanako.scenesolution,q115_00b_guard_01_lookat,6,lookAt,6,0
base\quest\testgym\meethanako.scenesolution,q115_00b_guard_01_lookat,7,logic,8,0
base\quest\testgym\meethanako.scenesolution,q115_00b_guard_01_lookat,8,guard_01,2,0
base\quest\testgym\meethanako.scenesolution,q115_00b_guard_01_lookat,9,idle,3,0
base\quest\testgym\meethanako.scenesolution,q115_00b_guard_01_lookat,10,animation,4,0
base\quest\testgym\meethanako.scenesolution,q115_00b_guard_01_lookat,11,facial,5,0
base\quest\testgym\meethanako.scenesolution,q115_00b_guard_01_lookat,12,lookAt,6,1
base\quest\testgym\meethanako.scenesolution,q115_00b_guard_01_lookat,13,logic,8,0
base\quest\testgym\meethanako.scenesolution,q115_00b_greeting,1,dialog lines,1,1
base\quest\testgym\meethanako.scenesolution,q115_00b_greeting,2,hanako,2,0
base\quest\testgym\meethanako.scenesolution,q115_00b_greeting,3,idle,3,0
base\quest\testgym\meethanako.scenesolution,q115_00b_greeting,4,animation,4,0
base\quest\testgym\meethanako.scenesolution,q115_00b_greeting,5,facial,5,0
base\quest\testgym\meethanako.scenesolution,q115_00b_greeting,6,lookAt,6,0
base\quest\testgym\meethanako.scenesolution,q115_00b_greeting,7,logic,8,1
base\quest\testgym\meethanako.scenesolution,q115_00b_player_bowing,1,dialog lines,1,0
base\quest\testgym\meethanako.scenesolution,q115_00b_player_bowing,2,Player,2,0
base\quest\testgym\meethanako.scenesolution,q115_00b_player_bowing,3,idle,3,0
base\quest\testgym\meethanako.scenesolution,q115_00b_player_bowing,4,animation,4,1
base\quest\testgym\meethanako.scenesolution,q115_00b_player_bowing,5,facial,5,0
base\quest\testgym\meethanako.scenesolution,q115_00b_player_bowing,6,lookAt,6,1
base\quest\testgym\meethanako.scenesolution,q115_00b_player_bowing,7,logic,8,1
base\quest\testgym\meethanako.scenesolution,q115_00b_johnny_idle_sitting_in_the_back,1,dialog lines,1,0
base\quest\testgym\meethanako.scenesolution,q115_00b_johnny_idle_sitting_in_the_back,2,johnny,2,0
base\quest\testgym\meethanako.scenesolution,q115_00b_johnny_idle_sitting_in_the_back,3,idle,3,1
base\quest\testgym\meethanako.scenesolution,q115_00b_johnny_idle_sitting_in_the_back,4,animation,4,0
base\quest\testgym\meethanako.scenesolution,q115_00b_johnny_idle_sitting_in_the_back,5,facial,5,0
base\quest\testgym\meethanako.scenesolution,q115_00b_johnny_idle_sitting_in_the_back,6,lookAt,6,0
base\quest\testgym\meethanako.scenesolution,q115_00b_johnny_idle_sitting_in_the_back,7,logic,8,0
base\quest\testgym\meethanako.scenesolution,q115_00b_johnny_reaction,1,dialog lines,1,1
base\quest\testgym\meethanako.scenesolution,q115_00b_johnny_reaction,2,johnny,2,0
base\quest\testgym\meethanako.scenesolution,q115_00b_johnny_reaction,3,idle,3,0
base\quest\testgym\meethanako.scenesolution,q115_00b_johnny_reaction,4,animation,4,1
base\quest\testgym\meethanako.scenesolution,q115_00b_johnny_reaction,5,facial,5,1
base\quest\testgym\meethanako.scenesolution,q115_00b_johnny_reaction,6,lookAt,6,2
base\quest\testgym\meethanako.scenesolution,q115_00b_johnny_reaction,7,logic,8,0
base\quest\testgym\meethanako.scenesolution,q115_00b_hanako_sama_faster,1,dialog lines,1,3
base\quest\testgym\meethanako.scenesolution,q115_00b_hanako_sama_faster,2,johnny,2,0
base\quest\testgym\meethanako.scenesolution,q115_00b_hanako_sama_faster,3,idle,3,1
base\quest\testgym\meethanako.scenesolution,q115_00b_hanako_sama_faster,4,animation,4,0
base\quest\testgym\meethanako.scenesolution,q115_00b_hanako_sama_faster,5,facial,5,0
base\quest\testgym\meethanako.scenesolution,q115_00b_hanako_sama_faster,6,lookAt,6,0
base\quest\testgym\meethanako.scenesolution,q115_00b_hanako_sama_faster,7,logic,8,0
base\quest\testgym\meethanako.scenesolution,q115_00b_hanako_sama_faster,8,hanako,2,0
base\quest\testgym\meethanako.scenesolution,q115_00b_hanako_sama_faster,9,idle,3,1
base\quest\testgym\meethanako.scenesolution,q115_00b_hanako_sama_faster,10,animation,4,1
base\quest\testgym\meethanako.scenesolution,q115_00b_hanako_sama_faster,11,facial,5,0
base\quest\testgym\meethanako.scenesolution,q115_00b_hanako_sama_faster,12,lookAt,6,0
base\quest\testgym\meethanako.scenesolution,q115_00b_hanako_sama_faster,13,logic,8,1
base\quest\testgym\meethanako.scenesolution,q115_00b_hanako_sama_faster,14,Player,2,0
base\quest\testgym\meethanako.scenesolution,q115_00b_hanako_sama_faster,15,idle,3,0
base\quest\testgym\meethanako.scenesolution,q115_00b_hanako_sama_faster,16,animation,4,0
base\quest\testgym\meethanako.scenesolution,q115_00b_hanako_sama_faster,17,facial,5,0
base\quest\testgym\meethanako.scenesolution,q115_00b_hanako_sama_faster,18,lookAt,6,0
base\quest\testgym\meethanako.scenesolution,q115_00b_hanako_sama_faster,19,logic,8,0
base\quest\testgym\meethanako.scenesolution,q115_00b_hanako_sama,1,dialog lines,1,3
base\quest\testgym\meethanako.scenesolution,q115_00b_hanako_sama,2,Player,2,0
base\quest\testgym\meethanako.scenesolution,q115_00b_hanako_sama,3,idle,3,0
base\quest\testgym\meethanako.scenesolution,q115_00b_hanako_sama,4,animation,4,0
base\quest\testgym\meethanako.scenesolution,q115_00b_hanako_sama,5,facial,5,0
base\quest\testgym\meethanako.scenesolution,q115_00b_hanako_sama,6,lookAt,6,0
base\quest\testgym\meethanako.scenesolution,q115_00b_hanako_sama,7,logic,8,0
base\quest\testgym\meethanako.scenesolution,q115_00b_hanako_sama,8,hanako,2,0
base\quest\testgym\meethanako.scenesolution,q115_00b_hanako_sama,9,idle,3,1
base\quest\testgym\meethanako.scenesolution,q115_00b_hanako_sama,10,animation,4,1
base\quest\testgym\meethanako.scenesolution,q115_00b_hanako_sama,11,facial,5,0
base\quest\testgym\meethanako.scenesolution,q115_00b_hanako_sama,12,lookAt,6,0
base\quest\testgym\meethanako.scenesolution,q115_00b_hanako_sama,13,logic,8,1
base\quest\testgym\meethanako.scenesolution,q115_00b_NEW_about_yorinobu,1,dialog lines,1,5
base\quest\testgym\meethanako.scenesolution,q115_00b_NEW_about_yorinobu,2,hanako,2,0
base\quest\testgym\meethanako.scenesolution,q115_00b_NEW_about_yorinobu,3,idle,3,2
base\quest\testgym\meethanako.scenesolution,q115_00b_NEW_about_yorinobu,4,animation,4,1
base\quest\testgym\meethanako.scenesolution,q115_00b_NEW_about_yorinobu,5,facial,5,3
base\quest\testgym\meethanako.scenesolution,q115_00b_NEW_about_yorinobu,6,lookAt,6,2
base\quest\testgym\meethanako.scenesolution,q115_00b_NEW_about_yorinobu,7,logic,8,1
base\quest\testgym\meethanako.scenesolution,q115_00b_NEW_about_yorinobu,8,johnny,2,0
base\quest\testgym\meethanako.scenesolution,q115_00b_NEW_about_yorinobu,9,idle,3,0
base\quest\testgym\meethanako.scenesolution,q115_00b_NEW_about_yorinobu,10,animation,4,1
base\quest\testgym\meethanako.scenesolution,q115_00b_NEW_about_yorinobu,11,facial,5,0
base\quest\testgym\meethanako.scenesolution,q115_00b_NEW_about_yorinobu,12,lookAt,6,0
base\quest\testgym\meethanako.scenesolution,q115_00b_NEW_about_yorinobu,13,logic,8,0
base\quest\testgym\meethanako.scenesolution,q115_00b_family_answer,1,dialog lines,1,0
base\quest\testgym\meethanako.scenesolution,q115_00b_family_answer,2,hanako,2,0
base\quest\testgym\meethanako.scenesolution,q115_00b_family_answer,3,idle,3,1
base\quest\testgym\meethanako.scenesolution,q115_00b_family_answer,4,animation,4,0
base\quest\testgym\meethanako.scenesolution,q115_00b_family_answer,5,facial,5,2
base\quest\testgym\meethanako.scenesolution,q115_00b_family_answer,6,lookAt,6,0
base\quest\testgym\meethanako.scenesolution,q115_00b_family_answer,7,logic,8,0
base\quest\testgym\meethanako.scenesolution,q115_00b_family_answer,8,johnny,2,0
base\quest\testgym\meethanako.scenesolution,q115_00b_family_answer,9,idle,3,0
base\quest\testgym\meethanako.scenesolution,q115_00b_family_answer,10,animation,4,1
base\quest\testgym\meethanako.scenesolution,q115_00b_family_answer,11,facial,5,0
base\quest\testgym\meethanako.scenesolution,q115_00b_family_answer,12,lookAt,6,0
base\quest\testgym\meethanako.scenesolution,q115_00b_family_answer,13,logic,8,0
base\quest\testgym\meethanako.scenesolution,q115_00b_johnny_pissed,1,dialog lines,1,1
base\quest\testgym\meethanako.scenesolution,q115_00b_johnny_pissed,2,johnny,2,0
base\quest\testgym\meethanako.scenesolution,q115_00b_johnny_pissed,3,idle,3,1
base\quest\testgym\meethanako.scenesolution,q115_00b_johnny_pissed,4,animation,4,0
base\quest\testgym\meethanako.scenesolution,q115_00b_johnny_pissed,5,facial,5,1
base\quest\testgym\meethanako.scenesolution,q115_00b_johnny_pissed,6,lookAt,6,1
base\quest\testgym\meethanako.scenesolution,q115_00b_johnny_pissed,7,logic,8,1
base\quest\testgym\meethanako.scenesolution,q115_00b_johnny_pissed_lookat_reaction,1,dialog lines,1,0
base\quest\testgym\meethanako.scenesolution,q115_00b_johnny_pissed_lookat_reaction,2,johnny,2,0
base\quest\testgym\meethanako.scenesolution,q115_00b_johnny_pissed_lookat_reaction,3,idle,3,0
base\quest\testgym\meethanako.scenesolution,q115_00b_johnny_pissed_lookat_reaction,4,animation,4,0
base\quest\testgym\meethanako.scenesolution,q115_00b_johnny_pissed_lookat_reaction,5,facial,5,0
base\quest\testgym\meethanako.scenesolution,q115_00b_johnny_pissed_lookat_reaction,6,lookAt,6,1
base\quest\testgym\meethanako.scenesolution,q115_00b_johnny_pissed_lookat_reaction,7,logic,8,0
base\quest\testgym\meethanako.scenesolution,q115_00b_we_delta,1,dialog lines,1,1
base\quest\testgym\meethanako.scenesolution,q115_00b_relax_johnny,1,dialog lines,1,2
base\quest\testgym\meethanako.scenesolution,q115_00b_relax_johnny,2,johnny,2,0
base\quest\testgym\meethanako.scenesolution,q115_00b_relax_johnny,3,idle,3,1
base\quest\testgym\meethanako.scenesolution,q115_00b_relax_johnny,4,animation,4,0
base\quest\testgym\meethanako.scenesolution,q115_00b_relax_johnny,5,facial,5,1
base\quest\testgym\meethanako.scenesolution,q115_00b_relax_johnny,6,lookAt,6,0
base\quest\testgym\meethanako.scenesolution,q115_00b_relax_johnny,7,logic,8,1
base\quest\testgym\meethanako.scenesolution,q115_00b_johnny_pissed_02,1,dialog lines,1,1
base\quest\testgym\meethanako.scenesolution,q115_00b_johnny_pissed_02,2,johnny,2,0
base\quest\testgym\meethanako.scenesolution,q115_00b_johnny_pissed_02,3,idle,3,1
base\quest\testgym\meethanako.scenesolution,q115_00b_johnny_pissed_02,4,animation,4,1
base\quest\testgym\meethanako.scenesolution,q115_00b_johnny_pissed_02,5,facial,5,1
base\quest\testgym\meethanako.scenesolution,q115_00b_johnny_pissed_02,6,lookAt,6,3
base\quest\testgym\meethanako.scenesolution,q115_00b_johnny_pissed_02,7,logic,8,1
base\quest\testgym\meethanako.scenesolution,q115_00b_hanako_inital_pose2,1,dialog lines,1,0
base\quest\testgym\meethanako.scenesolution,q115_00b_hanako_inital_pose2,2,hanako,2,0
base\quest\testgym\meethanako.scenesolution,q115_00b_hanako_inital_pose2,3,idle,3,1
base\quest\testgym\meethanako.scenesolution,q115_00b_hanako_inital_pose2,4,animation,4,0
base\quest\testgym\meethanako.scenesolution,q115_00b_hanako_inital_pose2,5,facial,5,1
base\quest\testgym\meethanako.scenesolution,q115_00b_hanako_inital_pose2,6,lookAt,6,1
base\quest\testgym\meethanako.scenesolution,q115_00b_hanako_inital_pose2,7,logic,8,0
base\quest\testgym\meethanako.scenesolution,q115_00b_26,1,dialog lines,1,0
base\quest\testgym\meethanako.scenesolution,q115_00b_26,2,johnny,2,0
base\quest\testgym\meethanako.scenesolution,q115_00b_26,3,idle,3,1
base\quest\testgym\meethanako.scenesolution,q115_00b_26,4,animation,4,0
base\quest\testgym\meethanako.scenesolution,q115_00b_26,5,facial,5,0
base\quest\testgym\meethanako.scenesolution,q115_00b_26,6,lookAt,6,0
base\quest\testgym\meethanako.scenesolution,q115_00b_26,7,logic,8,0
base\quest\testgym\meethanako.scenesolution,q115_00b_no_love_for_corpo_01,1,dialog lines,1,2
base\quest\testgym\meethanako.scenesolution,q115_00b_no_love_for_corpo_01,2,johnny,2,0
base\quest\testgym\meethanako.scenesolution,q115_00b_no_love_for_corpo_01,3,idle,3,1
base\quest\testgym\meethanako.scenesolution,q115_00b_no_love_for_corpo_01,4,animation,4,0
base\quest\testgym\meethanako.scenesolution,q115_00b_no_love_for_corpo_01,5,facial,5,1
base\quest\testgym\meethanako.scenesolution,q115_00b_no_love_for_corpo_01,6,lookAt,6,0
base\quest\testgym\meethanako.scenesolution,q115_00b_no_love_for_corpo_01,7,logic,8,0
base\quest\testgym\meethanako.scenesolution,q115_00b_time,1,dialog lines,1,1
base\quest\testgym\meethanako.scenesolution,q115_00b_time,2,hanako,2,0
base\quest\testgym\meethanako.scenesolution,q115_00b_time,3,idle,3,0
base\quest\testgym\meethanako.scenesolution,q115_00b_time,4,animation,4,0
base\quest\testgym\meethanako.scenesolution,q115_00b_time,5,facial,5,1
base\quest\testgym\meethanako.scenesolution,q115_00b_time,6,lookAt,6,0
base\quest\testgym\meethanako.scenesolution,q115_00b_time,7,logic,8,1
base\quest\testgym\meethanako.scenesolution,q115_00b_shock,1,dialog lines,1,0
base\quest\testgym\meethanako.scenesolution,q115_00b_conclusion,1,dialog lines,1,3
base\quest\testgym\meethanako.scenesolution,q115_00b_conclusion,2,hanako,2,0
base\quest\testgym\meethanako.scenesolution,q115_00b_conclusion,3,idle,3,2
base\quest\testgym\meethanako.scenesolution,q115_00b_conclusion,4,animation,4,2
base\quest\testgym\meethanako.scenesolution,q115_00b_conclusion,5,facial,5,2
base\quest\testgym\meethanako.scenesolution,q115_00b_conclusion,6,lookAt,6,1
base\quest\testgym\meethanako.scenesolution,q115_00b_conclusion,7,logic,8,0
base\quest\testgym\meethanako.scenesolution,q115_00b_conclusion,8,johnny,2,0
base\quest\testgym\meethanako.scenesolution,q115_00b_conclusion,9,idle,3,0
base\quest\testgym\meethanako.scenesolution,q115_00b_conclusion,10,animation,4,0
base\quest\testgym\meethanako.scenesolution,q115_00b_conclusion,11,facial,5,0
base\quest\testgym\meethanako.scenesolution,q115_00b_conclusion,12,lookAt,6,3
base\quest\testgym\meethanako.scenesolution,q115_00b_conclusion,13,logic,8,0
base\quest\testgym\meethanako.scenesolution,q115_00b_power,1,dialog lines,1,1
base\quest\testgym\meethanako.scenesolution,q115_00b_family,1,dialog lines,1,1
base\quest\testgym\meethanako.scenesolution,q115_00b_corporation,1,dialog lines,1,1
base\quest\testgym\meethanako.scenesolution,q115_00b_dont_know,1,dialog lines,1,1
base\quest\testgym\meethanako.scenesolution,q115_00b_family_answer_01,1,dialog lines,1,1
base\quest\testgym\meethanako.scenesolution,q115_00b_family_answer_01,2,johnny,2,0
base\quest\testgym\meethanako.scenesolution,q115_00b_family_answer_01,3,idle,3,0
base\quest\testgym\meethanako.scenesolution,q115_00b_family_answer_01,4,animation,4,1
base\quest\testgym\meethanako.scenesolution,q115_00b_family_answer_01,5,facial,5,0
base\quest\testgym\meethanako.scenesolution,q115_00b_family_answer_01,6,lookAt,6,0
base\quest\testgym\meethanako.scenesolution,q115_00b_family_answer_01,7,logic,8,0
base\quest\testgym\meethanako.scenesolution,q115_00b_family_answer_01,8,hanako,2,0
base\quest\testgym\meethanako.scenesolution,q115_00b_family_answer_01,9,idle,3,1
base\quest\testgym\meethanako.scenesolution,q115_00b_family_answer_01,10,animation,4,0
base\quest\testgym\meethanako.scenesolution,q115_00b_family_answer_01,11,facial,5,2
base\quest\testgym\meethanako.scenesolution,q115_00b_family_answer_01,12,lookAt,6,0
base\quest\testgym\meethanako.scenesolution,q115_00b_family_answer_01,13,logic,8,1
base\quest\testgym\meethanako.scenesolution,q115_00b_hanako_beginning,1,dialog lines,1,4
base\quest\testgym\meethanako.scenesolution,q115_00b_hanako_beginning,2,johnny,2,0
base\quest\testgym\meethanako.scenesolution,q115_00b_hanako_beginning,3,idle,3,0
base\quest\testgym\meethanako.scenesolution,q115_00b_hanako_beginning,4,animation,4,1
base\quest\testgym\meethanako.scenesolution,q115_00b_hanako_beginning,5,facial,5,0
base\quest\testgym\meethanako.scenesolution,q115_00b_hanako_beginning,6,lookAt,6,0
base\quest\testgym\meethanako.scenesolution,q115_00b_hanako_beginning,7,logic,8,0
base\quest\testgym\meethanako.scenesolution,q115_00b_hanako_beginning,8,hanako,2,0
base\quest\testgym\meethanako.scenesolution,q115_00b_hanako_beginning,9,idle,3,1
base\quest\testgym\meethanako.scenesolution,q115_00b_hanako_beginning,10,animation,4,1
base\quest\testgym\meethanako.scenesolution,q115_00b_hanako_beginning,11,facial,5,1
base\quest\testgym\meethanako.scenesolution,q115_00b_hanako_beginning,12,lookAt,6,2
base\quest\testgym\meethanako.scenesolution,q115_00b_hanako_beginning,13,logic,8,1
base\quest\testgym\meethanako.scenesolution,q115_00b_ym mo,1,dialog lines,1,1
base\quest\testgym\meethanako.scenesolution,q115_00b_ym mo,2,hanako,2,0
base\quest\testgym\meethanako.scenesolution,q115_00b_ym mo,3,idle,3,0
base\quest\testgym\meethanako.scenesolution,q115_00b_ym mo,4,animation,4,0
base\quest\testgym\meethanako.scenesolution,q115_00b_ym mo,5,facial,5,1
base\quest\testgym\meethanako.scenesolution,q115_00b_ym mo,6,lookAt,6,0
base\quest\testgym\meethanako.scenesolution,q115_00b_ym mo,7,logic,8,1
base\quest\testgym\meethanako.scenesolution,q115_00b_common_section,1,dialog lines,1,6
base\quest\testgym\meethanako.scenesolution,q115_00b_common_section,2,hanako,2,0
base\quest\testgym\meethanako.scenesolution,q115_00b_common_section,3,idle,3,2
base\quest\testgym\meethanako.scenesolution,q115_00b_common_section,4,animation,4,3
base\quest\testgym\meethanako.scenesolution,q115_00b_common_section,5,facial,5,3
base\quest\testgym\meethanako.scenesolution,q115_00b_common_section,6,lookAt,6,0
base\quest\testgym\meethanako.scenesolution,q115_00b_common_section,7,logic,8,0
base\quest\testgym\meethanako.scenesolution,q115_00b_cut_to_the_chase,1,dialog lines,1,2
base\quest\testgym\meethanako.scenesolution,q115_00b_cut_to_the_chase,2,hanako,2,0
base\quest\testgym\meethanako.scenesolution,q115_00b_cut_to_the_chase,3,idle,3,0
base\quest\testgym\meethanako.scenesolution,q115_00b_cut_to_the_chase,4,animation,4,0
base\quest\testgym\meethanako.scenesolution,q115_00b_cut_to_the_chase,5,facial,5,1
base\quest\testgym\meethanako.scenesolution,q115_00b_cut_to_the_chase,6,lookAt,6,0
base\quest\testgym\meethanako.scenesolution,q115_00b_cut_to_the_chase,7,logic,8,1
base\quest\testgym\meethanako.scenesolution,q115_00b_soulkiller_do_you_have,1,dialog lines,1,1
base\quest\testgym\meethanako.scenesolution,q115_00b_soulkiller_do_you_have,2,hanako,2,0
base\quest\testgym\meethanako.scenesolution,q115_00b_soulkiller_do_you_have,3,idle,3,0
base\quest\testgym\meethanako.scenesolution,q115_00b_soulkiller_do_you_have,4,animation,4,1
base\quest\testgym\meethanako.scenesolution,q115_00b_soulkiller_do_you_have,5,facial,5,0
base\quest\testgym\meethanako.scenesolution,q115_00b_soulkiller_do_you_have,6,lookAt,6,0
base\quest\testgym\meethanako.scenesolution,q115_00b_soulkiller_do_you_have,7,logic,8,1
base\quest\testgym\meethanako.scenesolution,q115_00b_johnny_comment_02,1,dialog lines,1,1
base\quest\testgym\meethanako.scenesolution,q115_00b_johnny_comment_02,2,johnny,2,0
base\quest\testgym\meethanako.scenesolution,q115_00b_johnny_comment_02,3,idle,3,0
base\quest\testgym\meethanako.scenesolution,q115_00b_johnny_comment_02,4,animation,4,1
base\quest\testgym\meethanako.scenesolution,q115_00b_johnny_comment_02,5,facial,5,0
base\quest\testgym\meethanako.scenesolution,q115_00b_johnny_comment_02,6,lookAt,6,0
base\quest\testgym\meethanako.scenesolution,q115_00b_johnny_comment_02,7,logic,8,0
base\quest\testgym\meethanako.scenesolution,q115_00b_let_me_hear,1,dialog lines,1,3
base\quest\testgym\meethanako.scenesolution,q115_00b_let_me_hear,2,johnny,2,0
base\quest\testgym\meethanako.scenesolution,q115_00b_let_me_hear,3,idle,3,0
base\quest\testgym\meethanako.scenesolution,q115_00b_let_me_hear,4,animation,4,1
base\quest\testgym\meethanako.scenesolution,q115_00b_let_me_hear,5,facial,5,1
base\quest\testgym\meethanako.scenesolution,q115_00b_let_me_hear,6,lookAt,6,2
base\quest\testgym\meethanako.scenesolution,q115_00b_let_me_hear,7,logic,8,0
base\quest\testgym\meethanako.scenesolution,q115_00b_hanako_nervous,1,dialog lines,1,5
base\quest\testgym\meethanako.scenesolution,q115_00b_hanako_nervous,2,hanako,2,0
base\quest\testgym\meethanako.scenesolution,q115_00b_hanako_nervous,3,idle,3,2
base\quest\testgym\meethanako.scenesolution,q115_00b_hanako_nervous,4,animation,4,2
base\quest\testgym\meethanako.scenesolution,q115_00b_hanako_nervous,5,facial,5,3
base\quest\testgym\meethanako.scenesolution,q115_00b_hanako_nervous,6,lookAt,6,0
base\quest\testgym\meethanako.scenesolution,q115_00b_hanako_nervous,7,logic,8,1
base\quest\testgym\meethanako.scenesolution,q115_00b_what_do_u_mean,1,dialog lines,1,3
base\quest\testgym\meethanako.scenesolution,q115_00b_what_do_u_mean,2,johnny,2,0
base\quest\testgym\meethanako.scenesolution,q115_00b_what_do_u_mean,3,idle,3,0
base\quest\testgym\meethanako.scenesolution,q115_00b_what_do_u_mean,4,animation,4,0
base\quest\testgym\meethanako.scenesolution,q115_00b_what_do_u_mean,5,facial,5,0
base\quest\testgym\meethanako.scenesolution,q115_00b_what_do_u_mean,6,lookAt,6,0
base\quest\testgym\meethanako.scenesolution,q115_00b_what_do_u_mean,7,logic,8,0
base\quest\testgym\meethanako.scenesolution,q115_00b_what_do_u_mean,8,hanako,2,0
base\quest\testgym\meethanako.scenesolution,q115_00b_what_do_u_mean,9,idle,3,1
base\quest\testgym\meethanako.scenesolution,q115_00b_what_do_u_mean,10,animation,4,2
base\quest\testgym\meethanako.scenesolution,q115_00b_what_do_u_mean,11,facial,5,2
base\quest\testgym\meethanako.scenesolution,q115_00b_what_do_u_mean,12,lookAt,6,0
base\quest\testgym\meethanako.scenesolution,q115_00b_what_do_u_mean,13,logic,8,0
base\quest\testgym\meethanako.scenesolution,q115_00b_angry_mean,1,dialog lines,1,3
base\quest\testgym\meethanako.scenesolution,q115_00b_angry_mean,2,hanako,2,0
base\quest\testgym\meethanako.scenesolution,q115_00b_angry_mean,3,idle,3,1
base\quest\testgym\meethanako.scenesolution,q115_00b_angry_mean,4,animation,4,2
base\quest\testgym\meethanako.scenesolution,q115_00b_angry_mean,5,facial,5,2
base\quest\testgym\meethanako.scenesolution,q115_00b_angry_mean,6,lookAt,6,2
base\quest\testgym\meethanako.scenesolution,q115_00b_angry_mean,7,logic,8,0
base\quest\testgym\meethanako.scenesolution,q115_00b_angry_mean,8,johnny,2,0
base\quest\testgym\meethanako.scenesolution,q115_00b_angry_mean,9,idle,3,0
base\quest\testgym\meethanako.scenesolution,q115_00b_angry_mean,10,animation,4,0
base\quest\testgym\meethanako.scenesolution,q115_00b_angry_mean,11,facial,5,0
base\quest\testgym\meethanako.scenesolution,q115_00b_angry_mean,12,lookAt,6,0
base\quest\testgym\meethanako.scenesolution,q115_00b_angry_mean,13,logic,8,0
base\quest\testgym\meethanako.scenesolution,q115_00b_mikoshi,1,dialog lines,1,5
base\quest\testgym\meethanako.scenesolution,q115_00b_mikoshi,2,hanako,2,0
base\quest\testgym\meethanako.scenesolution,q115_00b_mikoshi,3,idle,3,3
base\quest\testgym\meethanako.scenesolution,q115_00b_mikoshi,4,facial,5,3
base\quest\testgym\meethanako.scenesolution,q115_00b_mikoshi,5,lookAt,6,3
base\quest\testgym\meethanako.scenesolution,q115_00b_mikoshi,6,logic,8,7
base\quest\testgym\meethanako.scenesolution,q115_00b_mikoshi,7,johnny,2,0
base\quest\testgym\meethanako.scenesolution,q115_00b_mikoshi,8,idle,3,1
base\quest\testgym\meethanako.scenesolution,q115_00b_mikoshi,9,animation,4,0
base\quest\testgym\meethanako.scenesolution,q115_00b_mikoshi,10,facial (1),5,1
base\quest\testgym\meethanako.scenesolution,q115_00b_mikoshi,11,lookAt,6,0
base\quest\testgym\meethanako.scenesolution,q115_00b_mikoshi,12,logic,8,1
base\quest\testgym\meethanako.scenesolution,q115_00b_mikoshi,13,VFX,15,2
base\quest\testgym\meethanako.scenesolution,q115_00b_36,1,dialog lines,1,0
base\quest\testgym\meethanako.scenesolution,q115_00b_36,2,hanako,2,0
base\quest\testgym\meethanako.scenesolution,q115_00b_36,3,idle,3,1
base\quest\testgym\meethanako.scenesolution,q115_00b_36,4,animation,4,0
base\quest\testgym\meethanako.scenesolution,q115_00b_36,5,facial,5,0
base\quest\testgym\meethanako.scenesolution,q115_00b_36,6,lookAt,6,0
base\quest\testgym\meethanako.scenesolution,q115_00b_36,7,logic,8,0
base\quest\testgym\meethanako.scenesolution,q115_00b_johnny_comment_03,1,dialog lines,1,1
base\quest\testgym\meethanako.scenesolution,q115_00b_johnny_comment_03,2,johnny,2,0
base\quest\testgym\meethanako.scenesolution,q115_00b_johnny_comment_03,3,idle,3,0
base\quest\testgym\meethanako.scenesolution,q115_00b_johnny_comment_03,4,animation,4,1
base\quest\testgym\meethanako.scenesolution,q115_00b_johnny_comment_03,5,facial,5,1
base\quest\testgym\meethanako.scenesolution,q115_00b_johnny_comment_03,6,lookAt,6,2
base\quest\testgym\meethanako.scenesolution,q115_00b_johnny_comment_03,7,logic,8,2
base\quest\testgym\meethanako.scenesolution,q115_00b_shut_up_johnny,1,dialog lines,1,1
base\quest\testgym\meethanako.scenesolution,q115_00b_shut_up_johnny,2,johnny,2,0
base\quest\testgym\meethanako.scenesolution,q115_00b_shut_up_johnny,3,idle,3,0
base\quest\testgym\meethanako.scenesolution,q115_00b_shut_up_johnny,4,animation,4,0
base\quest\testgym\meethanako.scenesolution,q115_00b_shut_up_johnny,5,facial,5,0
base\quest\testgym\meethanako.scenesolution,q115_00b_shut_up_johnny,6,lookAt,6,1
base\quest\testgym\meethanako.scenesolution,q115_00b_shut_up_johnny,7,logic,8,0
base\quest\testgym\meethanako.scenesolution,q115_00b_disturbing_conlusion,1,dialog lines,1,0
base\quest\testgym\meethanako.scenesolution,q115_00b_disturbing_conlusion,2,hanako,2,0
base\quest\testgym\meethanako.scenesolution,q115_00b_disturbing_conlusion,3,idle,3,0
base\quest\testgym\meethanako.scenesolution,q115_00b_disturbing_conlusion,4,animation,4,0
base\quest\testgym\meethanako.scenesolution,q115_00b_disturbing_conlusion,5,facial,5,0
base\quest\testgym\meethanako.scenesolution,q115_00b_disturbing_conlusion,6,lookAt,6,0
base\quest\testgym\meethanako.scenesolution,q115_00b_disturbing_conlusion,7,logic,8,0
base\quest\testgym\meethanako.scenesolution,q115_00b_disturbing_conlusion,8,johnny,2,0
base\quest\testgym\meethanako.scenesolution,q115_00b_disturbing_conlusion,9,idle,3,1
base\quest\testgym\meethanako.scenesolution,q115_00b_disturbing_conlusion,10,animation,4,1
base\quest\testgym\meethanako.scenesolution,q115_00b_disturbing_conlusion,11,facial,5,1
base\quest\testgym\meethanako.scenesolution,q115_00b_disturbing_conlusion,12,lookAt,6,2
base\quest\testgym\meethanako.scenesolution,q115_00b_disturbing_conlusion,13,logic,8,2
base\quest\testgym\meethanako.scenesolution,q115_00b_stopping_scenespots,1,dialog lines,1,0
base\quest\testgym\meethanako.scenesolution,q115_00b_stopping_scenespots,2,hanako,2,0
base\quest\testgym\meethanako.scenesolution,q115_00b_stopping_scenespots,3,idle,3,1
base\quest\testgym\meethanako.scenesolution,q115_00b_stopping_scenespots,4,animation,4,0
base\quest\testgym\meethanako.scenesolution,q115_00b_stopping_scenespots,5,facial,5,1
base\quest\testgym\meethanako.scenesolution,q115_00b_stopping_scenespots,6,lookAt,6,0
base\quest\testgym\meethanako.scenesolution,q115_00b_stopping_scenespots,7,logic,8,1
base\quest\testgym\meethanako.scenesolution,q115_00b_stopping_scenespots,8,johnny,2,0
base\quest\testgym\meethanako.scenesolution,q115_00b_stopping_scenespots,9,idle,3,2
base\quest\testgym\meethanako.scenesolution,q115_00b_stopping_scenespots,10,animation,4,0
base\quest\testgym\meethanako.scenesolution,q115_00b_stopping_scenespots,11,facial,5,0
base\quest\testgym\meethanako.scenesolution,q115_00b_stopping_scenespots,12,lookAt,6,0
base\quest\testgym\meethanako.scenesolution,q115_00b_stopping_scenespots,13,logic,8,1
base\quest\testgym\meethanako.scenesolution,q115_00b_mikoshi_go_one,1,dialog lines,1,2
base\quest\testgym\meethanako.scenesolution,q115_00b_mikoshi_go_one,2,Player,2,0
base\quest\testgym\meethanako.scenesolution,q115_00b_mikoshi_go_one,3,idle,3,0
base\quest\testgym\meethanako.scenesolution,q115_00b_mikoshi_go_one,4,animation,4,0
base\quest\testgym\meethanako.scenesolution,q115_00b_mikoshi_go_one,5,facial,5,0
base\quest\testgym\meethanako.scenesolution,q115_00b_mikoshi_go_one,6,lookAt,6,0
base\quest\testgym\meethanako.scenesolution,q115_00b_mikoshi_go_one,7,logic,8,1
base\quest\testgym\meethanako.scenesolution,q115_00b_mikoshi_how_is_that,1,dialog lines,1,1
base\quest\testgym\meethanako.scenesolution,q115_00b_mikoshi_how_is_that,2,Player,2,0
base\quest\testgym\meethanako.scenesolution,q115_00b_mikoshi_how_is_that,3,idle,3,0
base\quest\testgym\meethanako.scenesolution,q115_00b_mikoshi_how_is_that,4,animation,4,0
base\quest\testgym\meethanako.scenesolution,q115_00b_mikoshi_how_is_that,5,facial,5,0
base\quest\testgym\meethanako.scenesolution,q115_00b_mikoshi_how_is_that,6,lookAt,6,0
base\quest\testgym\meethanako.scenesolution,q115_00b_mikoshi_how_is_that,7,logic,8,1
base\quest\testgym\meethanako.scenesolution,q115_00b_hanako_drinking,1,dialog lines,1,0
base\quest\testgym\meethanako.scenesolution,q115_00b_hanako_drinking,2,hanako,2,0
base\quest\testgym\meethanako.scenesolution,q115_00b_hanako_drinking,3,idle,3,0
base\quest\testgym\meethanako.scenesolution,q115_00b_hanako_drinking,4,animation,4,1
base\quest\testgym\meethanako.scenesolution,q115_00b_hanako_drinking,5,facial,5,1
base\quest\testgym\meethanako.scenesolution,q115_00b_hanako_drinking,6,facial (1),5,1
base\quest\testgym\meethanako.scenesolution,q115_00b_hanako_drinking,7,lookAt,6,2
base\quest\testgym\meethanako.scenesolution,q115_00b_hanako_drinking,8,logic,8,0
base\quest\testgym\meethanako.scenesolution,q115_00b_hanako_drinking,9,VFX,15,3
base\quest\testgym\meethanako.scenesolution,q115_00b_my_brother,1,dialog lines,1,2
base\quest\testgym\meethanako.scenesolution,q115_00b_my_brother,2,hanako,2,0
base\quest\testgym\meethanako.scenesolution,q115_00b_my_brother,3,idle,3,0
base\quest\testgym\meethanako.scenesolution,q115_00b_my_brother,4,animation,4,0
base\quest\testgym\meethanako.scenesolution,q115_00b_my_brother,5,facial,5,1
base\quest\testgym\meethanako.scenesolution,q115_00b_my_brother,6,lookAt,6,1
base\quest\testgym\meethanako.scenesolution,q115_00b_my_brother,7,logic,8,1
base\quest\testgym\meethanako.scenesolution,q115_00b_my_brother,8,johnny,2,0
base\quest\testgym\meethanako.scenesolution,q115_00b_my_brother,9,idle,3,0
base\quest\testgym\meethanako.scenesolution,q115_00b_my_brother,10,animation,4,0
base\quest\testgym\meethanako.scenesolution,q115_00b_my_brother,11,facial,5,0
base\quest\testgym\meethanako.scenesolution,q115_00b_my_brother,12,lookAt,6,0
base\quest\testgym\meethanako.scenesolution,q115_00b_my_brother,13,logic,8,1
base\quest\testgym\meethanako.scenesolution,q115_00b_player_sitting_animation,1,dialog lines,1,0
base\quest\testgym\meethanako.scenesolution,q115_00b_player_sitting_animation,2,Player,2,0
base\quest\testgym\meethanako.scenesolution,q115_00b_player_sitting_animation,3,idle,3,1
base\quest\testgym\meethanako.scenesolution,q115_00b_player_sitting_animation,4,animation,4,0
base\quest\testgym\meethanako.scenesolution,q115_00b_player_sitting_animation,5,facial,5,0
base\quest\testgym\meethanako.scenesolution,q115_00b_player_sitting_animation,6,lookAt,6,1
base\quest\testgym\meethanako.scenesolution,q115_00b_player_sitting_animation,7,logic,8,0
base\quest\testgym\meethanako.scenesolution,q115_00b_johnny_comment_04,1,dialog lines,1,1
base\quest\testgym\meethanako.scenesolution,q115_00b_johnny_comment_04,2,johnny,2,0
base\quest\testgym\meethanako.scenesolution,q115_00b_johnny_comment_04,3,idle,3,1
base\quest\testgym\meethanako.scenesolution,q115_00b_johnny_comment_04,4,animation,4,0
base\quest\testgym\meethanako.scenesolution,q115_00b_johnny_comment_04,5,facial,5,1
base\quest\testgym\meethanako.scenesolution,q115_00b_johnny_comment_04,6,lookAt,6,2
base\quest\testgym\meethanako.scenesolution,q115_00b_johnny_comment_04,7,logic,8,1
base\quest\testgym\meethanako.scenesolution,lookat_01,1,dialog lines,1,0
base\quest\testgym\meethanako.scenesolution,lookat_01,2,johnny,2,0
base\quest\testgym\meethanako.scenesolution,lookat_01,3,idle,3,0
base\quest\testgym\meethanako.scenesolution,lookat_01,4,animation,4,0
base\quest\testgym\meethanako.scenesolution,lookat_01,5,facial,5,0
base\quest\testgym\meethanako.scenesolution,lookat_01,6,lookAt,6,1
base\quest\testgym\meethanako.scenesolution,lookat_01,7,logic,8,0
base\quest\testgym\meethanako.scenesolution,lookat_02,1,dialog lines,1,0
base\quest\testgym\meethanako.scenesolution,lookat_02,2,johnny,2,0
base\quest\testgym\meethanako.scenesolution,lookat_02,3,idle,3,0
base\quest\testgym\meethanako.scenesolution,lookat_02,4,animation,4,0
base\quest\testgym\meethanako.scenesolution,lookat_02,5,facial,5,0
base\quest\testgym\meethanako.scenesolution,lookat_02,6,lookAt,6,1
base\quest\testgym\meethanako.scenesolution,lookat_02,7,logic,8,0
base\quest\testgym\meethanako.scenesolution,q115_00b_lookat_03,1,dialog lines,1,0
base\quest\testgym\meethanako.scenesolution,q115_00b_lookat_03,2,johnny,2,0
base\quest\testgym\meethanako.scenesolution,q115_00b_lookat_03,3,idle,3,0
base\quest\testgym\meethanako.scenesolution,q115_00b_lookat_03,4,animation,4,0
base\quest\testgym\meethanako.scenesolution,q115_00b_lookat_03,5,facial,5,0
base\quest\testgym\meethanako.scenesolution,q115_00b_lookat_03,6,lookAt,6,1
base\quest\testgym\meethanako.scenesolution,q115_00b_lookat_03,7,logic,8,0
base\quest\testgym\meethanako.scenesolution,facial_animation_01,1,dialog lines,1,0
base\quest\testgym\meethanako.scenesolution,facial_animation_01,2,johnny,2,0
base\quest\testgym\meethanako.scenesolution,facial_animation_01,3,idle,3,0
base\quest\testgym\meethanako.scenesolution,facial_animation_01,4,animation,4,0
base\quest\testgym\meethanako.scenesolution,facial_animation_01,5,facial,5,1
base\quest\testgym\meethanako.scenesolution,facial_animation_01,6,lookAt,6,0
base\quest\testgym\meethanako.scenesolution,facial_animation_01,7,logic,8,0
base\quest\testgym\meethanako.scenesolution,facial_animation_02,1,dialog lines,1,0
base\quest\testgym\meethanako.scenesolution,facial_animation_02,2,johnny,2,0
base\quest\testgym\meethanako.scenesolution,facial_animation_02,3,idle,3,0
base\quest\testgym\meethanako.scenesolution,facial_animation_02,4,animation,4,0
base\quest\testgym\meethanako.scenesolution,facial_animation_02,5,facial,5,1
base\quest\testgym\meethanako.scenesolution,facial_animation_02,6,lookAt,6,0
base\quest\testgym\meethanako.scenesolution,facial_animation_02,7,logic,8,0
base\quest\testgym\meethanako.scenesolution,facial_animation_03,1,dialog lines,1,0
base\quest\testgym\meethanako.scenesolution,facial_animation_03,2,johnny,2,0
base\quest\testgym\meethanako.scenesolution,facial_animation_03,3,idle,3,0
base\quest\testgym\meethanako.scenesolution,facial_animation_03,4,animation,4,0
base\quest\testgym\meethanako.scenesolution,facial_animation_03,5,facial,5,1
base\quest\testgym\meethanako.scenesolution,facial_animation_03,6,lookAt,6,0
base\quest\testgym\meethanako.scenesolution,facial_animation_03,7,logic,8,0
base\quest\testgym\meethanako.scenesolution,q115_00b_35,1,dialog lines,1,0
base\quest\testgym\meethanako.scenesolution,q115_00b_35,2,johnny,2,0
base\quest\testgym\meethanako.scenesolution,q115_00b_35,3,idle,3,1
base\quest\testgym\meethanako.scenesolution,q115_00b_35,4,animation,4,0
base\quest\testgym\meethanako.scenesolution,q115_00b_35,5,facial,5,0
base\quest\testgym\meethanako.scenesolution,q115_00b_35,6,lookAt,6,0
base\quest\testgym\meethanako.scenesolution,q115_00b_35,7,logic,8,0
base\quest\testgym\meethanako.scenesolution,q115_00b_kill_brother,1,dialog lines,1,2
base\quest\testgym\meethanako.scenesolution,q115_00b_kill_brother,2,hanako,2,0
base\quest\testgym\meethanako.scenesolution,q115_00b_kill_brother,3,idle,3,0
base\quest\testgym\meethanako.scenesolution,q115_00b_kill_brother,4,animation,4,0
base\quest\testgym\meethanako.scenesolution,q115_00b_kill_brother,5,facial,5,1
base\quest\testgym\meethanako.scenesolution,q115_00b_kill_brother,6,lookAt,6,0
base\quest\testgym\meethanako.scenesolution,q115_00b_kill_brother,7,logic,8,1
base\quest\testgym\meethanako.scenesolution,q115_00b_business_of_arasakas,1,dialog lines,1,2
base\quest\testgym\meethanako.scenesolution,q115_00b_business_of_arasakas,2,hanako,2,0
base\quest\testgym\meethanako.scenesolution,q115_00b_business_of_arasakas,3,idle,3,0
base\quest\testgym\meethanako.scenesolution,q115_00b_business_of_arasakas,4,animation,4,0
base\quest\testgym\meethanako.scenesolution,q115_00b_business_of_arasakas,5,facial,5,1
base\quest\testgym\meethanako.scenesolution,q115_00b_business_of_arasakas,6,facial (1),5,2
base\quest\testgym\meethanako.scenesolution,q115_00b_business_of_arasakas,7,lookAt,6,1
base\quest\testgym\meethanako.scenesolution,q115_00b_business_of_arasakas,8,logic,8,1
base\quest\testgym\meethanako.scenesolution,q115_00b_business_of_arasakas,9,johnny,2,0
base\quest\testgym\meethanako.scenesolution,q115_00b_business_of_arasakas,10,idle,3,0
base\quest\testgym\meethanako.scenesolution,q115_00b_business_of_arasakas,11,animation,4,0
base\quest\testgym\meethanako.scenesolution,q115_00b_business_of_arasakas,12,facial,5,0
base\quest\testgym\meethanako.scenesolution,q115_00b_business_of_arasakas,13,lookAt,6,0
base\quest\testgym\meethanako.scenesolution,q115_00b_business_of_arasakas,14,logic,8,0
base\quest\testgym\meethanako.scenesolution,q115_00b_what_hanako,1,dialog lines,1,4
base\quest\testgym\meethanako.scenesolution,q115_00b_what_hanako,2,hanako,2,0
base\quest\testgym\meethanako.scenesolution,q115_00b_what_hanako,3,idle,3,0
base\quest\testgym\meethanako.scenesolution,q115_00b_what_hanako,4,animation,4,1
base\quest\testgym\meethanako.scenesolution,q115_00b_what_hanako,5,facial,5,2
base\quest\testgym\meethanako.scenesolution,q115_00b_what_hanako,6,lookAt,6,2
base\quest\testgym\meethanako.scenesolution,q115_00b_what_hanako,7,logic,8,1
base\quest\testgym\meethanako.scenesolution,q115_00b_what_hanako,8,johnny,2,0
base\quest\testgym\meethanako.scenesolution,q115_00b_what_hanako,9,idle,3,0
base\quest\testgym\meethanako.scenesolution,q115_00b_what_hanako,10,animation,4,0
base\quest\testgym\meethanako.scenesolution,q115_00b_what_hanako,11,facial,5,0
base\quest\testgym\meethanako.scenesolution,q115_00b_what_hanako,12,lookAt,6,0
base\quest\testgym\meethanako.scenesolution,q115_00b_what_hanako,13,logic,8,0
base\quest\testgym\meethanako.scenesolution,q115_00b_v_drinking,1,dialog lines,1,1
base\quest\testgym\meethanako.scenesolution,q115_00b_v_drinking,2,Player,2,0
base\quest\testgym\meethanako.scenesolution,q115_00b_v_drinking,3,idle,3,1
base\quest\testgym\meethanako.scenesolution,q115_00b_v_drinking,4,animation,4,0
base\quest\testgym\meethanako.scenesolution,q115_00b_v_drinking,5,facial,5,0
base\quest\testgym\meethanako.scenesolution,q115_00b_v_drinking,6,lookAt,6,0
base\quest\testgym\meethanako.scenesolution,q115_00b_v_drinking,7,logic,8,5
base\quest\testgym\meethanako.scenesolution,q115_00b_v_drinking,8,hanako,2,0
base\quest\testgym\meethanako.scenesolution,q115_00b_v_drinking,9,idle,3,0
base\quest\testgym\meethanako.scenesolution,q115_00b_v_drinking,10,animation,4,0
base\quest\testgym\meethanako.scenesolution,q115_00b_v_drinking,11,facial,5,0
base\quest\testgym\meethanako.scenesolution,q115_00b_v_drinking,12,lookAt,6,2
base\quest\testgym\meethanako.scenesolution,q115_00b_v_drinking,13,logic,8,0
base\quest\testgym\meethanako.scenesolution,q115_00b_v_drinking,14,VFX,15,2
base\quest\testgym\meethanako.scenesolution,q115_00b_v_drinking,15,VFX (1),15,0
base\quest\testgym\meethanako.scenesolution,q115_00b_hanako_conclusion,1,dialog lines,1,9
base\quest\testgym\meethanako.scenesolution,q115_00b_hanako_conclusion,2,Player,2,0
base\quest\testgym\meethanako.scenesolution,q115_00b_hanako_conclusion,3,idle,3,0
base\quest\testgym\meethanako.scenesolution,q115_00b_hanako_conclusion,4,animation,4,0
base\quest\testgym\meethanako.scenesolution,q115_00b_hanako_conclusion,5,facial,5,0
base\quest\testgym\meethanako.scenesolution,q115_00b_hanako_conclusion,6,lookAt,6,1
base\quest\testgym\meethanako.scenesolution,q115_00b_hanako_conclusion,7,logic,8,0
base\quest\testgym\meethanako.scenesolution,q115_00b_hanako_conclusion,8,guard_01,2,0
base\quest\testgym\meethanako.scenesolution,q115_00b_hanako_conclusion,9,idle,3,1
base\quest\testgym\meethanako.scenesolution,q115_00b_hanako_conclusion,10,animation,4,1
base\quest\testgym\meethanako.scenesolution,q115_00b_hanako_conclusion,11,facial,5,0
base\quest\testgym\meethanako.scenesolution,q115_00b_hanako_conclusion,12,lookAt,6,4
base\quest\testgym\meethanako.scenesolution,q115_00b_hanako_conclusion,13,logic,8,0
base\quest\testgym\meethanako.scenesolution,q115_00b_hanako_conclusion,14,guard_02,2,0
base\quest\testgym\meethanako.scenesolution,q115_00b_hanako_conclusion,15,idle,3,1
base\quest\testgym\meethanako.scenesolution,q115_00b_hanako_conclusion,16,animation,4,0
base\quest\testgym\meethanako.scenesolution,q115_00b_hanako_conclusion,17,facial,5,0
base\quest\testgym\meethanako.scenesolution,q115_00b_hanako_conclusion,18,lookAt,6,0
base\quest\testgym\meethanako.scenesolution,q115_00b_hanako_conclusion,19,logic,8,0
base\quest\testgym\meethanako.scenesolution,q115_00b_hanako_conclusion,20,hanako,2,0
base\quest\testgym\meethanako.scenesolution,q115_00b_hanako_conclusion,21,idle,3,1
base\quest\testgym\meethanako.scenesolution,q115_00b_hanako_conclusion,22,animation,4,1
base\quest\testgym\meethanako.scenesolution,q115_00b_hanako_conclusion,23,animation (1),4,3
base\quest\testgym\meethanako.scenesolution,q115_00b_hanako_conclusion,24,facial,5,0
base\quest\testgym\meethanako.scenesolution,q115_00b_hanako_conclusion,25,lookAt,6,4
base\quest\testgym\meethanako.scenesolution,q115_00b_hanako_conclusion,26,logic,8,0
base\quest\testgym\meethanako.scenesolution,q115_00b_hanako_conclusion,27,johnny,2,0
base\quest\testgym\meethanako.scenesolution,q115_00b_hanako_conclusion,28,idle,3,1
base\quest\testgym\meethanako.scenesolution,q115_00b_hanako_conclusion,29,animation,4,3
base\quest\testgym\meethanako.scenesolution,q115_00b_hanako_conclusion,30,facial,5,0
base\quest\testgym\meethanako.scenesolution,q115_00b_hanako_conclusion,31,lookAt,6,5
base\quest\testgym\meethanako.scenesolution,q115_00b_hanako_conclusion,32,logic,8,1
base\quest\testgym\meethanako.scenesolution,q115_00b_17,1,dialog lines,1,0
base\quest\testgym\meethanako.scenesolution,q115_00b_17,2,guard_02,2,0
base\quest\testgym\meethanako.scenesolution,q115_00b_17,3,idle,3,1
base\quest\testgym\meethanako.scenesolution,q115_00b_17,4,animation,4,0
base\quest\testgym\meethanako.scenesolution,q115_00b_17,5,facial,5,0
base\quest\testgym\meethanako.scenesolution,q115_00b_17,6,lookAt,6,0
base\quest\testgym\meethanako.scenesolution,q115_00b_17,7,logic,8,0
base\quest\testgym\meethanako.scenesolution,q115_00b_40,1,dialog lines,1,0
base\quest\testgym\meethanako.scenesolution,q115_00b_40,2,guard_01,2,0
base\quest\testgym\meethanako.scenesolution,q115_00b_40,3,idle,3,1
base\quest\testgym\meethanako.scenesolution,q115_00b_40,4,animation,4,0
base\quest\testgym\meethanako.scenesolution,q115_00b_40,5,facial,5,0
base\quest\testgym\meethanako.scenesolution,q115_00b_40,6,lookAt,6,0
base\quest\testgym\meethanako.scenesolution,q115_00b_40,7,logic,8,0
base\quest\testgym\meethanako.scenesolution,q115_00b_40,8,guard_02,2,0
base\quest\testgym\meethanako.scenesolution,q115_00b_40,9,idle,3,1
base\quest\testgym\meethanako.scenesolution,q115_00b_40,10,animation,4,0
base\quest\testgym\meethanako.scenesolution,q115_00b_40,11,facial,5,0
base\quest\testgym\meethanako.scenesolution,q115_00b_40,12,lookAt,6,0
base\quest\testgym\meethanako.scenesolution,q115_00b_40,13,logic,8,0
base\quest\testgym\meethanako.scenesolution,q115_00b_22,1,dialog lines,1,0
base\quest\testgym\meethanako.scenesolution,q115_00b_22,2,guard_01,2,0
base\quest\testgym\meethanako.scenesolution,q115_00b_22,3,idle,3,1
base\quest\testgym\meethanako.scenesolution,q115_00b_22,4,animation,4,0
base\quest\testgym\meethanako.scenesolution,q115_00b_22,5,facial,5,0
base\quest\testgym\meethanako.scenesolution,q115_00b_22,6,lookAt,6,0
base\quest\testgym\meethanako.scenesolution,q115_00b_22,7,logic,8,0
base\quest\testgym\meethanako.scenesolution,q115_00b_good_offert,1,dialog lines,1,3
base\quest\testgym\meethanako.scenesolution,q115_00b_good_offert,2,Player,2,0
base\quest\testgym\meethanako.scenesolution,q115_00b_good_offert,3,idle,3,0
base\quest\testgym\meethanako.scenesolution,q115_00b_good_offert,4,animation,4,0
base\quest\testgym\meethanako.scenesolution,q115_00b_good_offert,5,facial,5,0
base\quest\testgym\meethanako.scenesolution,q115_00b_good_offert,6,lookAt,6,0
base\quest\testgym\meethanako.scenesolution,q115_00b_good_offert,7,logic,8,2
base\quest\testgym\meethanako.scenesolution,q115_00b_good_offert,8,guard_01,2,0
base\quest\testgym\meethanako.scenesolution,q115_00b_good_offert,9,idle,3,1
base\quest\testgym\meethanako.scenesolution,q115_00b_good_offert,10,animation,4,0
base\quest\testgym\meethanako.scenesolution,q115_00b_good_offert,11,facial,5,0
base\quest\testgym\meethanako.scenesolution,q115_00b_good_offert,12,lookAt,6,0
base\quest\testgym\meethanako.scenesolution,q115_00b_good_offert,13,logic,8,0
base\quest\testgym\meethanako.scenesolution,q115_00b_good_offert,14,hanako,2,0
base\quest\testgym\meethanako.scenesolution,q115_00b_good_offert,15,idle,3,0
base\quest\testgym\meethanako.scenesolution,q115_00b_good_offert,16,animation,4,1
base\quest\testgym\meethanako.scenesolution,q115_00b_good_offert,17,facial,5,2
base\quest\testgym\meethanako.scenesolution,q115_00b_good_offert,18,lookAt,6,2
base\quest\testgym\meethanako.scenesolution,q115_00b_good_offert,19,logic,8,0
base\quest\testgym\meethanako.scenesolution,q115_00b_good_offert,20,johnny,2,0
base\quest\testgym\meethanako.scenesolution,q115_00b_good_offert,21,idle,3,0
base\quest\testgym\meethanako.scenesolution,q115_00b_good_offert,22,animation,4,1
base\quest\testgym\meethanako.scenesolution,q115_00b_good_offert,23,facial,5,0
base\quest\testgym\meethanako.scenesolution,q115_00b_good_offert,24,lookAt,6,0
base\quest\testgym\meethanako.scenesolution,q115_00b_good_offert,25,logic,8,2
base\quest\testgym\meethanako.scenesolution,q115_00b_rather_not_offert,1,dialog lines,1,4
base\quest\testgym\meethanako.scenesolution,q115_00b_rather_not_offert,2,Player,2,0
base\quest\testgym\meethanako.scenesolution,q115_00b_rather_not_offert,3,idle,3,0
base\quest\testgym\meethanako.scenesolution,q115_00b_rather_not_offert,4,animation,4,0
base\quest\testgym\meethanako.scenesolution,q115_00b_rather_not_offert,5,facial,5,0
base\quest\testgym\meethanako.scenesolution,q115_00b_rather_not_offert,6,lookAt,6,0
base\quest\testgym\meethanako.scenesolution,q115_00b_rather_not_offert,7,logic,8,2
base\quest\testgym\meethanako.scenesolution,q115_00b_rather_not_offert,8,guard_02,2,0
base\quest\testgym\meethanako.scenesolution,q115_00b_rather_not_offert,9,idle,3,1
base\quest\testgym\meethanako.scenesolution,q115_00b_rather_not_offert,10,animation,4,0
base\quest\testgym\meethanako.scenesolution,q115_00b_rather_not_offert,11,facial,5,0
base\quest\testgym\meethanako.scenesolution,q115_00b_rather_not_offert,12,lookAt,6,0
base\quest\testgym\meethanako.scenesolution,q115_00b_rather_not_offert,13,logic,8,0
base\quest\testgym\meethanako.scenesolution,q115_00b_rather_not_offert,14,hanako,2,0
base\quest\testgym\meethanako.scenesolution,q115_00b_rather_not_offert,15,idle,3,0
base\quest\testgym\meethanako.scenesolution,q115_00b_rather_not_offert,16,animation,4,0
base\quest\testgym\meethanako.scenesolution,q115_00b_rather_not_offert,17,facial,5,2
base\quest\testgym\meethanako.scenesolution,q115_00b_rather_not_offert,18,lookAt,6,0
base\quest\testgym\meethanako.scenesolution,q115_00b_rather_not_offert,19,logic,8,1
base\quest\testgym\meethanako.scenesolution,q115_00b_rather_not_offert,20,johnny,2,0
base\quest\testgym\meethanako.scenesolution,q115_00b_rather_not_offert,21,idle,3,0
base\quest\testgym\meethanako.scenesolution,q115_00b_rather_not_offert,22,animation,4,2
base\quest\testgym\meethanako.scenesolution,q115_00b_rather_not_offert,23,facial,5,0
base\quest\testgym\meethanako.scenesolution,q115_00b_rather_not_offert,24,lookAt,6,0
base\quest\testgym\meethanako.scenesolution,q115_00b_rather_not_offert,25,logic,8,0
base\quest\testgym\meethanako.scenesolution,q115_00b_nervous_johnny,1,dialog lines,1,5
base\quest\testgym\meethanako.scenesolution,q115_00b_nervous_johnny,2,hanako,2,0
base\quest\testgym\meethanako.scenesolution,q115_00b_nervous_johnny,3,idle,3,0
base\quest\testgym\meethanako.scenesolution,q115_00b_nervous_johnny,4,animation,4,1
base\quest\testgym\meethanako.scenesolution,q115_00b_nervous_johnny,5,facial,5,1
base\quest\testgym\meethanako.scenesolution,q115_00b_nervous_johnny,6,lookAt,6,1
base\quest\testgym\meethanako.scenesolution,q115_00b_nervous_johnny,7,logic,8,0
base\quest\testgym\meethanako.scenesolution,q115_00b_nervous_johnny,8,johnny,2,0
base\quest\testgym\meethanako.scenesolution,q115_00b_nervous_johnny,9,idle,3,1
base\quest\testgym\meethanako.scenesolution,q115_00b_nervous_johnny,10,animation,4,1
base\quest\testgym\meethanako.scenesolution,q115_00b_nervous_johnny,11,facial,5,0
base\quest\testgym\meethanako.scenesolution,q115_00b_nervous_johnny,12,lookAt,6,0
base\quest\testgym\meethanako.scenesolution,q115_00b_nervous_johnny,13,logic,8,0
base\quest\testgym\meethanako.scenesolution,q115_00b_nervous_johnny,14,Player,2,0
base\quest\testgym\meethanako.scenesolution,q115_00b_nervous_johnny,15,idle,3,1
base\quest\testgym\meethanako.scenesolution,q115_00b_nervous_johnny,16,animation,4,1
base\quest\testgym\meethanako.scenesolution,q115_00b_nervous_johnny,17,facial,5,1
base\quest\testgym\meethanako.scenesolution,q115_00b_nervous_johnny,18,lookAt,6,0
base\quest\testgym\meethanako.scenesolution,q115_00b_nervous_johnny,19,logic,8,1
base\quest\testgym\meethanako.scenesolution,q115_00b_nervous_johnny,20,VFX,15,1
base\quest\testgym\meethanako.scenesolution,q115_00b_furious_johnny,1,dialog lines,1,5
base\quest\testgym\meethanako.scenesolution,q115_00b_furious_johnny,2,Player,2,0
base\quest\testgym\meethanako.scenesolution,q115_00b_furious_johnny,3,idle,3,1
base\quest\testgym\meethanako.scenesolution,q115_00b_furious_johnny,4,animation,4,0
base\quest\testgym\meethanako.scenesolution,q115_00b_furious_johnny,5,facial,5,1
base\quest\testgym\meethanako.scenesolution,q115_00b_furious_johnny,6,lookAt,6,0
base\quest\testgym\meethanako.scenesolution,q115_00b_furious_johnny,7,logic,8,2
base\quest\testgym\meethanako.scenesolution,q115_00b_furious_johnny,8,guard_02,2,0
base\quest\testgym\meethanako.scenesolution,q115_00b_furious_johnny,9,idle,3,1
base\quest\testgym\meethanako.scenesolution,q115_00b_furious_johnny,10,animation,4,0
base\quest\testgym\meethanako.scenesolution,q115_00b_furious_johnny,11,facial,5,1
base\quest\testgym\meethanako.scenesolution,q115_00b_furious_johnny,12,lookAt,6,1
base\quest\testgym\meethanako.scenesolution,q115_00b_furious_johnny,13,logic,8,0
base\quest\testgym\meethanako.scenesolution,q115_00b_furious_johnny,14,guard_01,2,0
base\quest\testgym\meethanako.scenesolution,q115_00b_furious_johnny,15,idle,3,1
base\quest\testgym\meethanako.scenesolution,q115_00b_furious_johnny,16,animation,4,0
base\quest\testgym\meethanako.scenesolution,q115_00b_furious_johnny,17,facial,5,0
base\quest\testgym\meethanako.scenesolution,q115_00b_furious_johnny,18,lookAt,6,0
base\quest\testgym\meethanako.scenesolution,q115_00b_furious_johnny,19,logic,8,0
base\quest\testgym\meethanako.scenesolution,q115_00b_furious_johnny,20,hanako,2,0
base\quest\testgym\meethanako.scenesolution,q115_00b_furious_johnny,21,idle,3,1
base\quest\testgym\meethanako.scenesolution,q115_00b_furious_johnny,22,animation,4,2
base\quest\testgym\meethanako.scenesolution,q115_00b_furious_johnny,23,facial,5,0
base\quest\testgym\meethanako.scenesolution,q115_00b_furious_johnny,24,lookAt,6,0
base\quest\testgym\meethanako.scenesolution,q115_00b_furious_johnny,25,logic,8,1
base\quest\testgym\meethanako.scenesolution,q115_00b_furious_johnny,26,johnny,2,0
base\quest\testgym\meethanako.scenesolution,q115_00b_furious_johnny,27,idle,3,2
base\quest\testgym\meethanako.scenesolution,q115_00b_furious_johnny,28,animation,4,0
base\quest\testgym\meethanako.scenesolution,q115_00b_furious_johnny,29,facial,5,0
base\quest\testgym\meethanako.scenesolution,q115_00b_furious_johnny,30,lookAt,6,1
base\quest\testgym\meethanako.scenesolution,q115_00b_furious_johnny,31,logic,8,0
base\quest\testgym\meethanako.scenesolution,q115_00b_johnny_sickness_lvl1_play,1,dialog lines,1,1
base\quest\testgym\meethanako.scenesolution,q115_00b_johnny_sickness_lvl1_play,2,Player,2,0
base\quest\testgym\meethanako.scenesolution,q115_00b_johnny_sickness_lvl1_play,3,idle,3,0
base\quest\testgym\meethanako.scenesolution,q115_00b_johnny_sickness_lvl1_play,4,animation,4,0
base\quest\testgym\meethanako.scenesolution,q115_00b_johnny_sickness_lvl1_play,5,facial,5,0
base\quest\testgym\meethanako.scenesolution,q115_00b_johnny_sickness_lvl1_play,6,lookAt,6,0
base\quest\testgym\meethanako.scenesolution,q115_00b_johnny_sickness_lvl1_play,7,logic,8,1
base\quest\testgym\meethanako.scenesolution,q115_00b_johnny_sickness_lvl1_break,1,dialog lines,1,1
base\quest\testgym\meethanako.scenesolution,q115_00b_johnny_sickness_lvl1_break,2,Player,2,0
base\quest\testgym\meethanako.scenesolution,q115_00b_johnny_sickness_lvl1_break,3,idle,3,0
base\quest\testgym\meethanako.scenesolution,q115_00b_johnny_sickness_lvl1_break,4,animation,4,0
base\quest\testgym\meethanako.scenesolution,q115_00b_johnny_sickness_lvl1_break,5,facial,5,0
base\quest\testgym\meethanako.scenesolution,q115_00b_johnny_sickness_lvl1_break,6,lookAt,6,0
base\quest\testgym\meethanako.scenesolution,q115_00b_johnny_sickness_lvl1_break,7,logic,8,1
base\quest\testgym\meethanako.scenesolution,q115_00b_johnny_sickness_lvl2_play,1,dialog lines,1,1
base\quest\testgym\meethanako.scenesolution,q115_00b_johnny_sickness_lvl2_play,2,Player,2,0
base\quest\testgym\meethanako.scenesolution,q115_00b_johnny_sickness_lvl2_play,3,idle,3,0
base\quest\testgym\meethanako.scenesolution,q115_00b_johnny_sickness_lvl2_play,4,animation,4,0
base\quest\testgym\meethanako.scenesolution,q115_00b_johnny_sickness_lvl2_play,5,facial,5,0
base\quest\testgym\meethanako.scenesolution,q115_00b_johnny_sickness_lvl2_play,6,lookAt,6,0
base\quest\testgym\meethanako.scenesolution,q115_00b_johnny_sickness_lvl2_play,7,logic,8,1
base\quest\testgym\meethanako.scenesolution,q115_00b_guard_02_backtopose,1,dialog lines,1,0
base\quest\testgym\meethanako.scenesolution,q115_00b_guard_02_backtopose,2,guard_02,2,0
base\quest\testgym\meethanako.scenesolution,q115_00b_guard_02_backtopose,3,idle,3,1
base\quest\testgym\meethanako.scenesolution,q115_00b_guard_02_backtopose,4,animation,4,0
base\quest\testgym\meethanako.scenesolution,q115_00b_guard_02_backtopose,5,facial,5,1
base\quest\testgym\meethanako.scenesolution,q115_00b_guard_02_backtopose,6,lookAt,6,2
base\quest\testgym\meethanako.scenesolution,q115_00b_guard_02_backtopose,7,logic,8,0
base\quest\testgym\meethanako.scenesolution,q115_00b_guard_02_backtopose,8,guard_01,2,0
base\quest\testgym\meethanako.scenesolution,q115_00b_guard_02_backtopose,9,idle,3,1
base\quest\testgym\meethanako.scenesolution,q115_00b_guard_02_backtopose,10,animation,4,0
base\quest\testgym\meethanako.scenesolution,q115_00b_guard_02_backtopose,11,facial,5,1
base\quest\testgym\meethanako.scenesolution,q115_00b_guard_02_backtopose,12,lookAt,6,0
base\quest\testgym\meethanako.scenesolution,q115_00b_guard_02_backtopose,13,logic,8,0
base\quest\testgym\meethanako.scenesolution,q115_00b_v_is_fine,1,dialog lines,1,3
base\quest\testgym\meethanako.scenesolution,q115_00b_v_is_fine,2,Player,2,0
base\quest\testgym\meethanako.scenesolution,q115_00b_v_is_fine,3,idle,3,1
base\quest\testgym\meethanako.scenesolution,q115_00b_v_is_fine,4,animation,4,1
base\quest\testgym\meethanako.scenesolution,q115_00b_v_is_fine,5,facial,5,0
base\quest\testgym\meethanako.scenesolution,q115_00b_v_is_fine,6,lookAt,6,0
base\quest\testgym\meethanako.scenesolution,q115_00b_v_is_fine,7,logic,8,1
base\quest\testgym\meethanako.scenesolution,q115_00b_v_is_fine,8,hanako,2,0
base\quest\testgym\meethanako.scenesolution,q115_00b_v_is_fine,9,idle,3,0
base\quest\testgym\meethanako.scenesolution,q115_00b_v_is_fine,10,animation,4,1
base\quest\testgym\meethanako.scenesolution,q115_00b_v_is_fine,11,facial,5,1
base\quest\testgym\meethanako.scenesolution,q115_00b_v_is_fine,12,lookAt,6,2
base\quest\testgym\meethanako.scenesolution,q115_00b_v_is_fine,13,logic,8,0
base\quest\testgym\meethanako.scenesolution,q115_00b_v_is_fine,14,VFX,15,1
base\quest\testgym\meethanako.scenesolution,q115_00b_v_is_not_good,1,dialog lines,1,3
base\quest\testgym\meethanako.scenesolution,q115_00b_v_is_not_good,2,Player,2,0
base\quest\testgym\meethanako.scenesolution,q115_00b_v_is_not_good,3,idle,3,2
base\quest\testgym\meethanako.scenesolution,q115_00b_v_is_not_good,4,animation,4,1
base\quest\testgym\meethanako.scenesolution,q115_00b_v_is_not_good,5,facial,5,0
base\quest\testgym\meethanako.scenesolution,q115_00b_v_is_not_good,6,lookAt,6,0
base\quest\testgym\meethanako.scenesolution,q115_00b_v_is_not_good,7,logic,8,1
base\quest\testgym\meethanako.scenesolution,q115_00b_v_is_not_good,8,hanako,2,0
base\quest\testgym\meethanako.scenesolution,q115_00b_v_is_not_good,9,idle,3,0
base\quest\testgym\meethanako.scenesolution,q115_00b_v_is_not_good,10,animation,4,1
base\quest\testgym\meethanako.scenesolution,q115_00b_v_is_not_good,11,facial,5,1
base\quest\testgym\meethanako.scenesolution,q115_00b_v_is_not_good,12,lookAt,6,2
base\quest\testgym\meethanako.scenesolution,q115_00b_v_is_not_good,13,logic,8,0
base\quest\testgym\meethanako.scenesolution,q115_00b_v_is_not_good,14,VFX,15,1
base\quest\testgym\meethanako.scenesolution,q115_00b_angry_johnny,1,dialog lines,1,5
base\quest\testgym\meethanako.scenesolution,q115_00b_angry_johnny,2,hanako,2,0
base\quest\testgym\meethanako.scenesolution,q115_00b_angry_johnny,3,idle,3,0
base\quest\testgym\meethanako.scenesolution,q115_00b_angry_johnny,4,animation,4,1
base\quest\testgym\meethanako.scenesolution,q115_00b_angry_johnny,5,facial,5,1
base\quest\testgym\meethanako.scenesolution,q115_00b_angry_johnny,6,lookAt,6,0
base\quest\testgym\meethanako.scenesolution,q115_00b_angry_johnny,7,logic,8,0
base\quest\testgym\meethanako.scenesolution,q115_00b_angry_johnny,8,johnny,2,0
base\quest\testgym\meethanako.scenesolution,q115_00b_angry_johnny,9,idle,3,1
base\quest\testgym\meethanako.scenesolution,q115_00b_angry_johnny,10,animation,4,0
base\quest\testgym\meethanako.scenesolution,q115_00b_angry_johnny,11,facial,5,0
base\quest\testgym\meethanako.scenesolution,q115_00b_angry_johnny,12,lookAt,6,0
base\quest\testgym\meethanako.scenesolution,q115_00b_angry_johnny,13,logic,8,0
base\quest\testgym\meethanako.scenesolution,q115_00b_angry_johnny,14,Player,2,0
base\quest\testgym\meethanako.scenesolution,q115_00b_angry_johnny,15,idle,3,1
base\quest\testgym\meethanako.scenesolution,q115_00b_angry_johnny,16,animation,4,2
base\quest\testgym\meethanako.scenesolution,q115_00b_angry_johnny,17,facial,5,0
base\quest\testgym\meethanako.scenesolution,q115_00b_angry_johnny,18,lookAt,6,0
base\quest\testgym\meethanako.scenesolution,q115_00b_angry_johnny,19,logic,8,0
base\quest\testgym\meethanako.scenesolution,q115_00b_angry_johnny,20,VFX,15,1
base\quest\testgym\meethanako.scenesolution,q115_00b_hanako_power_fluff,1,dialog lines,1,6
base\quest\testgym\meethanako.scenesolution,q115_00b_hanako_power_fluff,2,hanako,2,0
base\quest\testgym\meethanako.scenesolution,q115_00b_hanako_power_fluff,3,idle,3,0
base\quest\testgym\meethanako.scenesolution,q115_00b_hanako_power_fluff,4,animation,4,2
base\quest\testgym\meethanako.scenesolution,q115_00b_hanako_power_fluff,5,facial,5,4
base\quest\testgym\meethanako.scenesolution,q115_00b_hanako_power_fluff,6,facial (1),5,2
base\quest\testgym\meethanako.scenesolution,q115_00b_hanako_power_fluff,7,lookAt,6,4
base\quest\testgym\meethanako.scenesolution,q115_00b_hanako_power_fluff,8,logic,8,2
base\quest\testgym\meethanako.scenesolution,q115_00b_hanako_power_fluff,9,johnny,2,0
base\quest\testgym\meethanako.scenesolution,q115_00b_hanako_power_fluff,10,idle,3,1
base\quest\testgym\meethanako.scenesolution,q115_00b_hanako_power_fluff,11,animation,4,0
base\quest\testgym\meethanako.scenesolution,q115_00b_hanako_power_fluff,12,facial,5,0
base\quest\testgym\meethanako.scenesolution,q115_00b_hanako_power_fluff,13,lookAt,6,0
base\quest\testgym\meethanako.scenesolution,q115_00b_hanako_power_fluff,14,logic,8,0
base\quest\testgym\meethanako.scenesolution,q115_00b_hanako_power_fluff,15,VFX,15,3
base\quest\testgym\meethanako.scenesolution,q115_00b_v_getting_out,1,dialog lines,1,2
base\quest\testgym\meethanako.scenesolution,q115_00b_v_getting_out,2,hanako,2,0
base\quest\testgym\meethanako.scenesolution,q115_00b_v_getting_out,3,idle,3,1
base\quest\testgym\meethanako.scenesolution,q115_00b_v_getting_out,4,animation,4,0
base\quest\testgym\meethanako.scenesolution,q115_00b_v_getting_out,5,facial,5,1
base\quest\testgym\meethanako.scenesolution,q115_00b_v_getting_out,6,lookAt,6,0
base\quest\testgym\meethanako.scenesolution,q115_00b_v_getting_out,7,logic,8,0
base\quest\testgym\meethanako.scenesolution,q115_00b_v_getting_out,8,johnny,2,0
base\quest\testgym\meethanako.scenesolution,q115_00b_v_getting_out,9,idle,3,0
base\quest\testgym\meethanako.scenesolution,q115_00b_v_getting_out,10,animation,4,0
base\quest\testgym\meethanako.scenesolution,q115_00b_v_getting_out,11,facial,5,0
base\quest\testgym\meethanako.scenesolution,q115_00b_v_getting_out,12,lookAt,6,0
base\quest\testgym\meethanako.scenesolution,q115_00b_v_getting_out,13,logic,8,1
base\quest\testgym\meethanako.scenesolution,q115_00b_18,1,dialog lines,1,0
base\quest\testgym\meethanako.scenesolution,q115_00b_18,2,guard_02,2,0
base\quest\testgym\meethanako.scenesolution,q115_00b_18,3,idle,3,1
base\quest\testgym\meethanako.scenesolution,q115_00b_18,4,animation,4,0
base\quest\testgym\meethanako.scenesolution,q115_00b_18,5,facial,5,0
base\quest\testgym\meethanako.scenesolution,q115_00b_18,6,lookAt,6,0
base\quest\testgym\meethanako.scenesolution,q115_00b_18,7,logic,8,0
base\quest\testgym\meethanako.scenesolution,q115_00b_v_getting_from_the_bar,1,dialog lines,1,1
base\quest\testgym\meethanako.scenesolution,q115_00b_v_getting_from_the_bar,2,hanako,2,0
base\quest\testgym\meethanako.scenesolution,q115_00b_v_getting_from_the_bar,3,idle,3,0
base\quest\testgym\meethanako.scenesolution,q115_00b_v_getting_from_the_bar,4,animation,4,0
base\quest\testgym\meethanako.scenesolution,q115_00b_v_getting_from_the_bar,5,facial,5,0
base\quest\testgym\meethanako.scenesolution,q115_00b_v_getting_from_the_bar,6,lookAt,6,0
base\quest\testgym\meethanako.scenesolution,q115_00b_v_getting_from_the_bar,7,logic,8,0
base\quest\testgym\meethanako.scenesolution,q115_00b_v_getting_from_the_bar,8,VFX,15,1
base\quest\testgym\meethanako.scenesolution,q115_00b_v_getting_from_the_bar_2,1,dialog lines,1,1
base\quest\testgym\meethanako.scenesolution,q115_00b_v_getting_from_the_bar_2,2,Player,2,0
base\quest\testgym\meethanako.scenesolution,q115_00b_v_getting_from_the_bar_2,3,idle,3,0
base\quest\testgym\meethanako.scenesolution,q115_00b_v_getting_from_the_bar_2,4,animation,4,0
base\quest\testgym\meethanako.scenesolution,q115_00b_v_getting_from_the_bar_2,5,facial,5,0
base\quest\testgym\meethanako.scenesolution,q115_00b_v_getting_from_the_bar_2,6,lookAt,6,0
base\quest\testgym\meethanako.scenesolution,q115_00b_v_getting_from_the_bar_2,7,logic,8,0
base\quest\testgym\meethanako.scenesolution,q115_00b_v_getting_from_the_bar_2,8,hanako,2,0
base\quest\testgym\meethanako.scenesolution,q115_00b_v_getting_from_the_bar_2,9,idle,3,0
base\quest\testgym\meethanako.scenesolution,q115_00b_v_getting_from_the_bar_2,10,animation,4,0
base\quest\testgym\meethanako.scenesolution,q115_00b_v_getting_from_the_bar_2,11,facial,5,0
base\quest\testgym\meethanako.scenesolution,q115_00b_v_getting_from_the_bar_2,12,lookAt,6,0
base\quest\testgym\meethanako.scenesolution,q115_00b_v_getting_from_the_bar_2,13,logic,8,0
base\quest\testgym\meethanako.scenesolution,q115_00b_v_getting_from_the_bar_2,14,VFX,15,1
base\quest\testgym\meethanako.scenesolution,q115_00b_19,1,dialog lines,1,0
base\quest\testgym\meethanako.scenesolution,q115_00b_19,2,guard_02,2,0
base\quest\testgym\meethanako.scenesolution,q115_00b_19,3,idle,3,1
base\quest\testgym\meethanako.scenesolution,q115_00b_19,4,animation,4,0
base\quest\testgym\meethanako.scenesolution,q115_00b_19,5,facial,5,0
base\quest\testgym\meethanako.scenesolution,q115_00b_19,6,lookAt,6,1
base\quest\testgym\meethanako.scenesolution,q115_00b_19,7,logic,8,0
base\quest\testgym\meethanako.scenesolution,q115_00b_28,1,dialog lines,1,0
base\quest\testgym\meethanako.scenesolution,q115_00b_28,2,Player,2,0
base\quest\testgym\meethanako.scenesolution,q115_00b_28,3,idle,3,0
base\quest\testgym\meethanako.scenesolution,q115_00b_28,4,animation,4,0
base\quest\testgym\meethanako.scenesolution,q115_00b_28,5,facial,5,0
base\quest\testgym\meethanako.scenesolution,q115_00b_28,6,lookAt,6,1
base\quest\testgym\meethanako.scenesolution,q115_00b_28,7,logic,8,0
base\quest\testgym\meethanako.scenesolution,q115_00b_28_01,1,dialog lines,1,0
base\quest\testgym\meethanako.scenesolution,q115_00b_28_01,2,Player,2,0
base\quest\testgym\meethanako.scenesolution,q115_00b_28_01,3,idle,3,0
base\quest\testgym\meethanako.scenesolution,q115_00b_28_01,4,animation,4,1
base\quest\testgym\meethanako.scenesolution,q115_00b_28_01,5,facial,5,0
base\quest\testgym\meethanako.scenesolution,q115_00b_28_01,6,lookAt,6,0
base\quest\testgym\meethanako.scenesolution,q115_00b_28_01,7,logic,8,0
base\quest\testgym\meethanako.scenesolution,q115_00b_27,1,dialog lines,1,0
base\quest\testgym\meethanako.scenesolution,q115_00b_27,2,Player,2,0
base\quest\testgym\meethanako.scenesolution,q115_00b_27,3,idle,3,1
base\quest\testgym\meethanako.scenesolution,q115_00b_27,4,animation,4,0
base\quest\testgym\meethanako.scenesolution,q115_00b_27,5,facial,5,0
base\quest\testgym\meethanako.scenesolution,q115_00b_27,6,lookAt,6,0
base\quest\testgym\meethanako.scenesolution,q115_00b_27,7,logic,8,0
base\quest\testgym\meethanako.scenesolution,q115_00b_27,8,VFX,15,1
base\quest\testgym\meethanako.scenesolution,q115_00b_v_getting_from_the_bar_animation,1,dialog lines,1,0
base\quest\testgym\meethanako.scenesolution,q115_00b_v_getting_from_the_bar_animation,2,Player,2,0
base\quest\testgym\meethanako.scenesolution,q115_00b_v_getting_from_the_bar_animation,3,idle,3,2
base\quest\testgym\meethanako.scenesolution,q115_00b_v_getting_from_the_bar_animation,4,animation,4,0
base\quest\testgym\meethanako.scenesolution,q115_00b_v_getting_from_the_bar_animation,5,facial,5,0
base\quest\testgym\meethanako.scenesolution,q115_00b_v_getting_from_the_bar_animation,6,lookAt,6,2
base\quest\testgym\meethanako.scenesolution,q115_00b_v_getting_from_the_bar_animation,7,logic,8,4
base\quest\testgym\meethanako.scenesolution,q115_00b_v_getting_from_the_bar_animation,8,hanako,2,0
base\quest\testgym\meethanako.scenesolution,q115_00b_v_getting_from_the_bar_animation,9,idle,3,0
base\quest\testgym\meethanako.scenesolution,q115_00b_v_getting_from_the_bar_animation,10,animation,4,0
base\quest\testgym\meethanako.scenesolution,q115_00b_v_getting_from_the_bar_animation,11,facial,5,1
base\quest\testgym\meethanako.scenesolution,q115_00b_v_getting_from_the_bar_animation,12,lookAt,6,0
base\quest\testgym\meethanako.scenesolution,q115_00b_v_getting_from_the_bar_animation,13,logic,8,0
base\quest\testgym\meethanako.scenesolution,q115_00b_leave_restaurant,1,dialog lines,1,1
base\quest\testgym\meethanako.scenesolution,q115_00b_leave_restaurant,2,Player,2,0
base\quest\testgym\meethanako.scenesolution,q115_00b_leave_restaurant,3,idle,3,0
base\quest\testgym\meethanako.scenesolution,q115_00b_leave_restaurant,4,animation,4,0
base\quest\testgym\meethanako.scenesolution,q115_00b_leave_restaurant,5,facial,5,0
base\quest\testgym\meethanako.scenesolution,q115_00b_leave_restaurant,6,lookAt,6,0
base\quest\testgym\meethanako.scenesolution,q115_00b_leave_restaurant,7,logic,8,1
base\quest\testgym\meethanako.scenesolution,q115_00b_leave_restaurant,8,johnny,2,0
base\quest\testgym\meethanako.scenesolution,q115_00b_leave_restaurant,9,idle,3,0
base\quest\testgym\meethanako.scenesolution,q115_00b_leave_restaurant,10,animation,4,0
base\quest\testgym\meethanako.scenesolution,q115_00b_leave_restaurant,11,facial,5,0
base\quest\testgym\meethanako.scenesolution,q115_00b_leave_restaurant,12,lookAt,6,0
base\quest\testgym\meethanako.scenesolution,q115_00b_leave_restaurant,13,logic,8,1
base\quest\testgym\meethanako.scenesolution,q115_00b_inside_fluff,1,dialog lines,1,5
base\quest\testgym\meethanako.scenesolution,q115_00b_inside_fluff,2,hanako,2,0
base\quest\testgym\meethanako.scenesolution,q115_00b_inside_fluff,3,idle,3,0
base\quest\testgym\meethanako.scenesolution,q115_00b_inside_fluff,4,animation,4,1
base\quest\testgym\meethanako.scenesolution,q115_00b_inside_fluff,5,facial,5,1
base\quest\testgym\meethanako.scenesolution,q115_00b_inside_fluff,6,facial (1),5,2
base\quest\testgym\meethanako.scenesolution,q115_00b_inside_fluff,7,lookAt,6,1
base\quest\testgym\meethanako.scenesolution,q115_00b_inside_fluff,8,logic,8,0
base\quest\testgym\meethanako.scenesolution,q115_00b_johnny_walking_into_frame_02,1,dialog lines,1,0
base\quest\testgym\meethanako.scenesolution,q115_00b_johnny_walking_into_frame_02,2,johnny,2,0
base\quest\testgym\meethanako.scenesolution,q115_00b_johnny_walking_into_frame_02,3,idle,3,1
base\quest\testgym\meethanako.scenesolution,q115_00b_johnny_walking_into_frame_02,4,animation,4,0
base\quest\testgym\meethanako.scenesolution,q115_00b_johnny_walking_into_frame_02,5,facial,5,0
base\quest\testgym\meethanako.scenesolution,q115_00b_johnny_walking_into_frame_02,6,lookAt,6,1
base\quest\testgym\meethanako.scenesolution,q115_00b_johnny_walking_into_frame_02,7,logic,8,1
base\quest\testgym\meethanako.scenesolution,q115_00b_09,1,dialog lines,1,0
base\quest\testgym\meethanako.scenesolution,q115_00b_09,2,johnny,2,0
base\quest\testgym\meethanako.scenesolution,q115_00b_09,3,idle,3,1
base\quest\testgym\meethanako.scenesolution,q115_00b_09,4,animation,4,0
base\quest\testgym\meethanako.scenesolution,q115_00b_09,5,facial,5,0
base\quest\testgym\meethanako.scenesolution,q115_00b_09,6,lookAt,6,0
base\quest\testgym\meethanako.scenesolution,q115_00b_09,7,logic,8,0
base\quest\testgym\meethanako.scenesolution,q115_00b_as_hanako_wish,1,dialog lines,1,1
base\quest\testgym\meethanako.scenesolution,q115_00b_v_doesnt_get_it,1,dialog lines,1,1
base\quest\testgym\meethanako.scenesolution,q115_00b_v_doesnt_get_it,2,hanako,2,0
base\quest\testgym\meethanako.scenesolution,q115_00b_v_doesnt_get_it,3,idle,3,0
base\quest\testgym\meethanako.scenesolution,q115_00b_v_doesnt_get_it,4,animation,4,1
base\quest\testgym\meethanako.scenesolution,q115_00b_v_doesnt_get_it,5,facial,5,1
base\quest\testgym\meethanako.scenesolution,q115_00b_v_doesnt_get_it,6,lookAt,6,0
base\quest\testgym\meethanako.scenesolution,q115_00b_v_doesnt_get_it,7,logic,8,0
base\quest\testgym\meethanako.scenesolution,q115_00b_blue_about_hanako,1,dialog lines,1,4
base\quest\testgym\meethanako.scenesolution,q115_00b_blue_about_hanako,2,hanako,2,0
base\quest\testgym\meethanako.scenesolution,q115_00b_blue_about_hanako,3,idle,3,1
base\quest\testgym\meethanako.scenesolution,q115_00b_blue_about_hanako,4,animation,4,1
base\quest\testgym\meethanako.scenesolution,q115_00b_blue_about_hanako,5,facial,5,2
base\quest\testgym\meethanako.scenesolution,q115_00b_blue_about_hanako,6,lookAt,6,1
base\quest\testgym\meethanako.scenesolution,q115_00b_blue_about_hanako,7,logic,8,1
base\quest\testgym\meethanako.scenesolution,q115_00b_blue_about_hanako,8,VFX,15,3
base\quest\testgym\meethanako.scenesolution,q115_00b_blue_about_hanako,9,johnny,2,0
base\quest\testgym\meethanako.scenesolution,q115_00b_blue_about_hanako,10,idle,3,0
base\quest\testgym\meethanako.scenesolution,q115_00b_blue_about_hanako,11,animation,4,0
base\quest\testgym\meethanako.scenesolution,q115_00b_blue_about_hanako,12,facial,5,0
base\quest\testgym\meethanako.scenesolution,q115_00b_blue_about_hanako,13,lookAt,6,0
base\quest\testgym\meethanako.scenesolution,q115_00b_blue_about_hanako,14,logic,8,2
base\quest\testgym\meethanako.scenesolution,q115_00b_power_conclusion,1,dialog lines,1,1
base\quest\testgym\meethanako.scenesolution,q115_00b_power_conclusion,2,hanako,2,0
base\quest\testgym\meethanako.scenesolution,q115_00b_power_conclusion,3,idle,3,0
base\quest\testgym\meethanako.scenesolution,q115_00b_power_conclusion,4,animation,4,0
base\quest\testgym\meethanako.scenesolution,q115_00b_power_conclusion,5,facial,5,1
base\quest\testgym\meethanako.scenesolution,q115_00b_power_conclusion,6,lookAt,6,0
base\quest\testgym\meethanako.scenesolution,q115_00b_power_conclusion,7,logic,8,1
base\quest\testgym\meethanako.scenesolution,q115_00b_power_conclusion,8,johnny,2,0
base\quest\testgym\meethanako.scenesolution,q115_00b_power_conclusion,9,idle,3,1
base\quest\testgym\meethanako.scenesolution,q115_00b_power_conclusion,10,animation,4,0
base\quest\testgym\meethanako.scenesolution,q115_00b_power_conclusion,11,facial,5,0
base\quest\testgym\meethanako.scenesolution,q115_00b_power_conclusion,12,lookAt,6,0
base\quest\testgym\meethanako.scenesolution,q115_00b_power_conclusion,13,logic,8,0
base\quest\testgym\meethanako.scenesolution,q115_00b_eye_glow,1,dialog lines,1,0
base\quest\testgym\meethanako.scenesolution,q115_00b_eye_glow,2,Player,2,0
base\quest\testgym\meethanako.scenesolution,q115_00b_eye_glow,3,idle,3,0
base\quest\testgym\meethanako.scenesolution,q115_00b_eye_glow,4,animation,4,0
base\quest\testgym\meethanako.scenesolution,q115_00b_eye_glow,5,facial,5,0
base\quest\testgym\meethanako.scenesolution,q115_00b_eye_glow,6,lookAt,6,0
base\quest\testgym\meethanako.scenesolution,q115_00b_eye_glow,7,logic,8,0
base\quest\testgym\meethanako.scenesolution,q115_00b_eye_glow,8,guard_01,2,0
base\quest\testgym\meethanako.scenesolution,q115_00b_eye_glow,9,idle,3,0
base\quest\testgym\meethanako.scenesolution,q115_00b_eye_glow,10,animation,4,0
base\quest\testgym\meethanako.scenesolution,q115_00b_eye_glow,11,facial,5,0
base\quest\testgym\meethanako.scenesolution,q115_00b_eye_glow,12,lookAt,6,0
base\quest\testgym\meethanako.scenesolution,q115_00b_eye_glow,13,logic,8,2
base\quest\testgym\meethanako.scenesolution,q115_00b_guard_01_ending_scenespot,1,dialog lines,1,0
base\quest\testgym\meethanako.scenesolution,q115_00b_guard_01_ending_scenespot,2,guard_01,2,0
base\quest\testgym\meethanako.scenesolution,q115_00b_guard_01_ending_scenespot,3,idle,3,2
base\quest\testgym\meethanako.scenesolution,q115_00b_guard_01_ending_scenespot,4,animation,4,0
base\quest\testgym\meethanako.scenesolution,q115_00b_guard_01_ending_scenespot,5,facial,5,0
base\quest\testgym\meethanako.scenesolution,q115_00b_guard_01_ending_scenespot,6,lookAt,6,0
base\quest\testgym\meethanako.scenesolution,q115_00b_guard_01_ending_scenespot,7,logic,8,0
base\quest\testgym\meethanako.scenesolution,q115_00b_15,1,dialog lines,1,0
base\quest\testgym\meethanako.scenesolution,q115_00b_15,2,guard_01,2,0
base\quest\testgym\meethanako.scenesolution,q115_00b_15,3,idle,3,1
base\quest\testgym\meethanako.scenesolution,q115_00b_15,4,animation,4,0
base\quest\testgym\meethanako.scenesolution,q115_00b_15,5,facial,5,0
base\quest\testgym\meethanako.scenesolution,q115_00b_15,6,lookAt,6,0
base\quest\testgym\meethanako.scenesolution,q115_00b_15,7,logic,8,0
base\quest\testgym\meethanako.scenesolution,q115_00b_15,8,guard_02,2,0
base\quest\testgym\meethanako.scenesolution,q115_00b_15,9,idle,3,1
base\quest\testgym\meethanako.scenesolution,q115_00b_15,10,animation,4,0
base\quest\testgym\meethanako.scenesolution,q115_00b_15,11,facial,5,0
base\quest\testgym\meethanako.scenesolution,q115_00b_15,12,lookAt,6,0
base\quest\testgym\meethanako.scenesolution,q115_00b_15,13,logic,8,0
base\quest\testgym\meethanako.scenesolution,q115_00b_37,1,dialog lines,1,0
base\quest\testgym\meethanako.scenesolution,q115_00b_37,2,hanako,2,0
base\quest\testgym\meethanako.scenesolution,q115_00b_37,3,idle,3,1
base\quest\testgym\meethanako.scenesolution,q115_00b_37,4,animation,4,0
base\quest\testgym\meethanako.scenesolution,q115_00b_37,5,facial,5,0
base\quest\testgym\meethanako.scenesolution,q115_00b_37,6,lookAt,6,0
base\quest\testgym\meethanako.scenesolution,q115_00b_37,7,logic,8,0
base\quest\testgym\meethanako.scenesolution,q115_00b_38,1,dialog lines,1,0
base\quest\testgym\meethanako.scenesolution,q115_00b_38,2,hanako,2,0
base\quest\testgym\meethanako.scenesolution,q115_00b_38,3,idle,3,1
base\quest\testgym\meethanako.scenesolution,q115_00b_38,4,animation,4,0
base\quest\testgym\meethanako.scenesolution,q115_00b_38,5,facial,5,0
base\quest\testgym\meethanako.scenesolution,q115_00b_38,6,lookAt,6,0
base\quest\testgym\meethanako.scenesolution,q115_00b_38,7,logic,8,0
base\quest\testgym\meethanako.scenesolution,q115_00b_hanako_sit,1,dialog lines,1,1
base\quest\testgym\meethanako.scenesolution,q115_00b_hanako_sit,2,hanako,2,0
base\quest\testgym\meethanako.scenesolution,q115_00b_hanako_sit,3,idle,3,0
base\quest\testgym\meethanako.scenesolution,q115_00b_hanako_sit,4,animation,4,0
base\quest\testgym\meethanako.scenesolution,q115_00b_hanako_sit,5,facial,5,0
base\quest\testgym\meethanako.scenesolution,q115_00b_hanako_sit,6,lookAt,6,1
base\quest\testgym\meethanako.scenesolution,q115_00b_hanako_sit,7,logic,8,0
base\quest\testgym\meethanako.scenesolution,q115_00b_reminder_sit,1,dialog lines,1,1
base\quest\testgym\meethanako.scenesolution,q115_00b_reminder_help,1,dialog lines,1,1
base\quest\testgym\meethanako.scenesolution,q115_00b_reminder_dont_speak,1,dialog lines,1,0
base\quest\testgym\meethanako.scenesolution,02,1,dialog lines,1,0
base\quest\testgym\meethanako.scenesolution,q115_00b_guard_cheeky_move,1,dialog lines,1,0
base\quest\testgym\meethanako.scenesolution,q115_00b_guard_cheeky_move,2,guard_02,2,0
base\quest\testgym\meethanako.scenesolution,q115_00b_guard_cheeky_move,3,idle,3,1
base\quest\testgym\meethanako.scenesolution,q115_00b_guard_cheeky_move,4,animation,4,0
base\quest\testgym\meethanako.scenesolution,q115_00b_guard_cheeky_move,5,facial,5,0
base\quest\testgym\meethanako.scenesolution,q115_00b_guard_cheeky_move,6,lookAt,6,0
base\quest\testgym\meethanako.scenesolution,q115_00b_guard_cheeky_move,7,logic,8,0
base\quest\testgym\meethanako.scenesolution,q115_00b_guard_cheeky_move,8,guard_01,2,0
base\quest\testgym\meethanako.scenesolution,q115_00b_guard_cheeky_move,9,idle,3,1
base\quest\testgym\meethanako.scenesolution,q115_00b_guard_cheeky_move,10,animation,4,0
base\quest\testgym\meethanako.scenesolution,q115_00b_guard_cheeky_move,11,facial,5,0
base\quest\testgym\meethanako.scenesolution,q115_00b_guard_cheeky_move,12,lookAt,6,0
base\quest\testgym\meethanako.scenesolution,q115_00b_guard_cheeky_move,13,logic,8,0
base\quest\testgym\meethanako.scenesolution,q115_00b_hanako_getting_up,1,dialog lines,1,0
base\quest\testgym\meethanako.scenesolution,q115_00b_hanako_getting_up,2,hanako,2,0
base\quest\testgym\meethanako.scenesolution,q115_00b_hanako_getting_up,3,idle,3,1
base\quest\testgym\meethanako.scenesolution,q115_00b_hanako_getting_up,4,animation,4,0
base\quest\testgym\meethanako.scenesolution,q115_00b_hanako_getting_up,5,facial,5,0
base\quest\testgym\meethanako.scenesolution,q115_00b_hanako_getting_up,6,lookAt,6,0
base\quest\testgym\meethanako.scenesolution,q115_00b_hanako_getting_up,7,logic,8,0
base\quest\testgym\meethanako.scenesolution,q115_00b_guard_to_hanako,1,dialog lines,1,0
base\quest\testgym\meethanako.scenesolution,q115_00b_guard_to_hanako,2,guard_02,2,0
base\quest\testgym\meethanako.scenesolution,q115_00b_guard_to_hanako,3,idle,3,3
base\quest\testgym\meethanako.scenesolution,q115_00b_guard_to_hanako,4,animation,4,0
base\quest\testgym\meethanako.scenesolution,q115_00b_guard_to_hanako,5,facial,5,0
base\quest\testgym\meethanako.scenesolution,q115_00b_guard_to_hanako,6,lookAt,6,2
base\quest\testgym\meethanako.scenesolution,q115_00b_guard_to_hanako,7,logic,8,0
base\quest\testgym\meethanako.scenesolution,q115_00b_hanako_by_the_window,1,dialog lines,1,0
base\quest\testgym\meethanako.scenesolution,q115_00b_hanako_by_the_window,2,guard_02,2,0
base\quest\testgym\meethanako.scenesolution,q115_00b_hanako_by_the_window,3,idle,3,0
base\quest\testgym\meethanako.scenesolution,q115_00b_hanako_by_the_window,4,animation,4,0
base\quest\testgym\meethanako.scenesolution,q115_00b_hanako_by_the_window,5,facial,5,0
base\quest\testgym\meethanako.scenesolution,q115_00b_hanako_by_the_window,6,lookAt,6,0
base\quest\testgym\meethanako.scenesolution,q115_00b_hanako_by_the_window,7,logic,8,0
base\quest\testgym\meethanako.scenesolution,q115_00b_hanako_by_the_window,8,hanako,2,0
base\quest\testgym\meethanako.scenesolution,q115_00b_hanako_by_the_window,9,idle,3,1
base\quest\testgym\meethanako.scenesolution,q115_00b_hanako_by_the_window,10,animation,4,0
base\quest\testgym\meethanako.scenesolution,q115_00b_hanako_by_the_window,11,facial,5,0
base\quest\testgym\meethanako.scenesolution,q115_00b_hanako_by_the_window,12,lookAt,6,1
base\quest\testgym\meethanako.scenesolution,q115_00b_hanako_by_the_window,13,logic,8,0
base\quest\testgym\meethanako.scenesolution,q115_00b_stop_anim,1,dialog lines,1,0
base\quest\testgym\meethanako.scenesolution,q115_00b_stop_anim,2,guard_02,2,0
base\quest\testgym\meethanako.scenesolution,q115_00b_stop_anim,3,idle,3,0
base\quest\testgym\meethanako.scenesolution,q115_00b_stop_anim,4,animation,4,1
base\quest\testgym\meethanako.scenesolution,q115_00b_stop_anim,5,facial,5,0
base\quest\testgym\meethanako.scenesolution,q115_00b_stop_anim,6,lookAt,6,0
base\quest\testgym\meethanako.scenesolution,q115_00b_stop_anim,7,logic,8,0
base\quest\testgym\meethanako.scenesolution,q115_00b_30,1,dialog lines,1,0
base\quest\testgym\meethanako.scenesolution,q115_00b_30,2,hanako,2,0
base\quest\testgym\meethanako.scenesolution,q115_00b_30,3,idle,3,1
base\quest\testgym\meethanako.scenesolution,q115_00b_30,4,animation,4,0
base\quest\testgym\meethanako.scenesolution,q115_00b_30,5,facial,5,0
base\quest\testgym\meethanako.scenesolution,q115_00b_30,6,lookAt,6,0
base\quest\testgym\meethanako.scenesolution,q115_00b_30,7,logic,8,0
base\quest\testgym\meethanako.scenesolution,q115_00b_33,1,dialog lines,1,0
base\quest\testgym\meethanako.scenesolution,q115_00b_33,2,hanako,2,0
base\quest\testgym\meethanako.scenesolution,q115_00b_33,3,idle,3,1
base\quest\testgym\meethanako.scenesolution,q115_00b_33,4,animation,4,0
base\quest\testgym\meethanako.scenesolution,q115_00b_33,5,facial,5,0
base\quest\testgym\meethanako.scenesolution,q115_00b_33,6,lookAt,6,0
base\quest\testgym\meethanako.scenesolution,q115_00b_33,7,logic,8,0
base\quest\testgym\meethanako.scenesolution,q115_00b_johnny_walking_into_frame,1,dialog lines,1,0
base\quest\testgym\meethanako.scenesolution,q115_00b_johnny_walking_into_frame,2,johnny,2,0
base\quest\testgym\meethanako.scenesolution,q115_00b_johnny_walking_into_frame,3,idle,3,1
base\quest\testgym\meethanako.scenesolution,q115_00b_johnny_walking_into_frame,4,animation,4,0
base\quest\testgym\meethanako.scenesolution,q115_00b_johnny_walking_into_frame,5,facial,5,0
base\quest\testgym\meethanako.scenesolution,q115_00b_johnny_walking_into_frame,6,lookAt,6,0
base\quest\testgym\meethanako.scenesolution,q115_00b_johnny_walking_into_frame,7,logic,8,2
base\quest\testgym\meethanako.scenesolution,q115_00b_player_cough,1,dialog lines,1,0
base\quest\testgym\meethanako.scenesolution,q115_00b_player_cough,2,Player,2,0
base\quest\testgym\meethanako.scenesolution,q115_00b_player_cough,3,idle,3,0
base\quest\testgym\meethanako.scenesolution,q115_00b_player_cough,4,animation,4,1
base\quest\testgym\meethanako.scenesolution,q115_00b_player_cough,5,facial,5,0
base\quest\testgym\meethanako.scenesolution,q115_00b_player_cough,6,lookAt,6,0
base\quest\testgym\meethanako.scenesolution,q115_00b_player_cough,7,logic,8,0
base\quest\testgym\meethanako.scenesolution,q115_00b_player_cough,8,VFX,15,1
base\quest\testgym\meethanako.scenesolution,q115_00b_player_cough,9,SFX,14,0
base\quest\testgym\meethanako.scenesolution,q115_00b_31,1,dialog lines,1,0
base\quest\testgym\meethanako.scenesolution,q115_00b_31,2,guard_01,2,0
base\quest\testgym\meethanako.scenesolution,q115_00b_31,3,idle,3,1
base\quest\testgym\meethanako.scenesolution,q115_00b_31,4,animation,4,0
base\quest\testgym\meethanako.scenesolution,q115_00b_31,5,facial,5,0
base\quest\testgym\meethanako.scenesolution,q115_00b_31,6,lookAt,6,0
base\quest\testgym\meethanako.scenesolution,q115_00b_31,7,logic,8,0
base\quest\testgym\meethanako.scenesolution,q115_00b_32,1,dialog lines,1,0
base\quest\testgym\meethanako.scenesolution,q115_00b_32,2,guard_01,2,0
base\quest\testgym\meethanako.scenesolution,q115_00b_32,3,idle,3,1
base\quest\testgym\meethanako.scenesolution,q115_00b_32,4,animation,4,0
base\quest\testgym\meethanako.scenesolution,q115_00b_32,5,facial,5,0
base\quest\testgym\meethanako.scenesolution,q115_00b_32,6,lookAt,6,0
base\quest\testgym\meethanako.scenesolution,q115_00b_32,7,logic,8,0
base\quest\testgym\meethanako.scenesolution,q115_00b_guards,1,dialog lines,1,1
base\quest\testgym\meethanako.scenesolution,q115_00b_guards,2,guard_02,2,0
base\quest\testgym\meethanako.scenesolution,q115_00b_guards,3,idle,3,0
base\quest\testgym\meethanako.scenesolution,q115_00b_guards,4,animation,4,0
base\quest\testgym\meethanako.scenesolution,q115_00b_guards,5,facial,5,0
base\quest\testgym\meethanako.scenesolution,q115_00b_guards,6,lookAt,6,0
base\quest\testgym\meethanako.scenesolution,q115_00b_guards,7,logic,8,0
base\quest\testgym\meethanako.scenesolution,q115_00b_,1,dialog lines,1,0
base\quest\testgym\meethanako.scenesolution,q115_00b_,2,guard_02,2,0
base\quest\testgym\meethanako.scenesolution,q115_00b_,3,idle,3,0
base\quest\testgym\meethanako.scenesolution,q115_00b_,4,animation,4,1
base\quest\testgym\meethanako.scenesolution,q115_00b_,5,facial,5,0
base\quest\testgym\meethanako.scenesolution,q115_00b_,6,lookAt,6,2
base\quest\testgym\meethanako.scenesolution,q115_00b_,7,logic,8,0
base\quest\testgym\meethanako.scenesolution,q115_00b_guard_02_to_stand_hands_back,1,dialog lines,1,0
base\quest\testgym\meethanako.scenesolution,q115_00b_guard_02_to_stand_hands_back,2,guard_02,2,0
base\quest\testgym\meethanako.scenesolution,q115_00b_guard_02_to_stand_hands_back,3,idle,3,1
base\quest\testgym\meethanako.scenesolution,q115_00b_guard_02_to_stand_hands_back,4,animation,4,0
base\quest\testgym\meethanako.scenesolution,q115_00b_guard_02_to_stand_hands_back,5,facial,5,0
base\quest\testgym\meethanako.scenesolution,q115_00b_guard_02_to_stand_hands_back,6,lookAt,6,0
base\quest\testgym\meethanako.scenesolution,q115_00b_guard_02_to_stand_hands_back,7,logic,8,0
base\quest\testgym\meethanako.scenesolution,q115_00b_AV_sfx,1,dialog lines,1,1
base\quest\testgym\meethanako.scenesolution,q115_00b_AV_sfx,2,SFX,14,1
base\quest\testgym\meethanako.scenesolution,q115_00b_AV_sfx,3,hanako,2,0
base\quest\testgym\meethanako.scenesolution,q115_00b_AV_sfx,4,idle,3,0
base\quest\testgym\meethanako.scenesolution,q115_00b_AV_sfx,5,animation,4,0
base\quest\testgym\meethanako.scenesolution,q115_00b_AV_sfx,6,facial,5,0
base\quest\testgym\meethanako.scenesolution,q115_00b_AV_sfx,7,lookAt,6,0
base\quest\testgym\meethanako.scenesolution,q115_00b_AV_sfx,8,logic,8,0
base\quest\testgym\meethanako.scenesolution,q115_00b_12,1,dialog lines,1,1
base\quest\testgym\meethanako.scenesolution,q115_00b_12,2,hanako,2,0
base\quest\testgym\meethanako.scenesolution,q115_00b_12,3,idle,3,0
base\quest\testgym\meethanako.scenesolution,q115_00b_12,4,animation,4,0
base\quest\testgym\meethanako.scenesolution,q115_00b_12,5,facial,5,1
base\quest\testgym\meethanako.scenesolution,q115_00b_12,6,lookAt,6,0
base\quest\testgym\meethanako.scenesolution,q115_00b_12,7,logic,8,0
base\quest\testgym\meethanako.scenesolution,q115_00b_johnny_hand_disappear_elevator,1,dialog lines,1,0
base\quest\testgym\meethanako.scenesolution,q115_00b_39,1,dialog lines,1,0
base\quest\testgym\meethanako.scenesolution,q115_00b_39,2,hanako,2,0
base\quest\testgym\meethanako.scenesolution,q115_00b_39,3,idle,3,0
base\quest\testgym\meethanako.scenesolution,q115_00b_39,4,animation,4,1
base\quest\testgym\meethanako.scenesolution,q115_00b_39,5,facial,5,0
base\quest\testgym\meethanako.scenesolution,q115_00b_39,6,lookAt,6,0
base\quest\testgym\meethanako.scenesolution,q115_00b_39,7,logic,8,0
base\quest\testgym\meethanako.scenesolution,q115_00b_AV_sfx,1,dialog lines,1,1
base\quest\testgym\meethanako.scenesolution,q115_00b_AV_sfx,2,SFX,14,1
base\quest\testgym\meethanako.scenesolution,q115_00b_AV_sfx,3,hanako,2,0
base\quest\testgym\meethanako.scenesolution,q115_00b_AV_sfx,4,idle,3,0
base\quest\testgym\meethanako.scenesolution,q115_00b_AV_sfx,5,animation,4,0
base\quest\testgym\meethanako.scenesolution,q115_00b_AV_sfx,6,facial,5,0
base\quest\testgym\meethanako.scenesolution,q115_00b_AV_sfx,7,lookAt,6,0
base\quest\testgym\meethanako.scenesolution,q115_00b_AV_sfx,8,logic,8,0
base\quest\testgym\meethanako.scenesolution,q115_00b_hanako_sitting_idle,1,dialog lines,1,0
base\quest\testgym\meethanako.scenesolution,q115_00b_hanako_sitting_idle,2,hanako,2,0
base\quest\testgym\meethanako.scenesolution,q115_00b_hanako_sitting_idle,3,idle,3,1
base\quest\testgym\meethanako.scenesolution,q115_00b_hanako_sitting_idle,4,animation,4,0
base\quest\testgym\meethanako.scenesolution,q115_00b_hanako_sitting_idle,5,facial,5,0
base\quest\testgym\meethanako.scenesolution,q115_00b_hanako_sitting_idle,6,lookAt,6,0
base\quest\testgym\meethanako.scenesolution,q115_00b_hanako_sitting_idle,7,logic,8,0
base\quest\testgym\meethanako.scenesolution,q115_00b_hanako_sitting_idle,8,Player,2,0
base\quest\testgym\meethanako.scenesolution,q115_00b_hanako_sitting_idle,9,idle,3,0
base\quest\testgym\meethanako.scenesolution,q115_00b_hanako_sitting_idle,10,animation,4,0
base\quest\testgym\meethanako.scenesolution,q115_00b_hanako_sitting_idle,11,facial,5,0
base\quest\testgym\meethanako.scenesolution,q115_00b_hanako_sitting_idle,12,lookAt,6,0
base\quest\testgym\meethanako.scenesolution,q115_00b_hanako_sitting_idle,13,logic,8,0
base\quest\testgym\meethanako.scenesolution,q115_00b_johnny_restaurant_crew_comment,1,dialog lines,1,1
base\quest\testgym\meethanako.scenesolution,q115_00b_johnny_restaurant_crew_comment,2,johnny,2,0
base\quest\testgym\meethanako.scenesolution,q115_00b_johnny_restaurant_crew_comment,3,idle,3,0
base\quest\testgym\meethanako.scenesolution,q115_00b_johnny_restaurant_crew_comment,4,animation,4,0
base\quest\testgym\meethanako.scenesolution,q115_00b_johnny_restaurant_crew_comment,5,facial,5,0
base\quest\testgym\meethanako.scenesolution,q115_00b_johnny_restaurant_crew_comment,6,lookAt,6,2
base\quest\testgym\meethanako.scenesolution,q115_00b_johnny_restaurant_crew_comment,7,logic,8,0
base\quest\testgym\meethanako.scenesolution,q115_00b_johnny_by_the_stairs,1,dialog lines,1,1
base\quest\testgym\meethanako.scenesolution,q115_00b_johnny_by_the_stairs,2,johnny,2,0
base\quest\testgym\meethanako.scenesolution,q115_00b_johnny_by_the_stairs,3,idle,3,1
base\quest\testgym\meethanako.scenesolution,q115_00b_johnny_by_the_stairs,4,animation,4,0
base\quest\testgym\meethanako.scenesolution,q115_00b_johnny_by_the_stairs,5,facial,5,0
base\quest\testgym\meethanako.scenesolution,q115_00b_johnny_by_the_stairs,6,lookAt,6,0
base\quest\testgym\meethanako.scenesolution,q115_00b_johnny_by_the_stairs,7,logic,8,0
base\quest\testgym\meethanako.scenesolution,q115_00b_guard_animations,1,dialog lines,1,1
base\quest\testgym\meethanako.scenesolution,q115_00b_guard_animations,2,guard_02,2,0
base\quest\testgym\meethanako.scenesolution,q115_00b_guard_animations,3,idle,3,0
base\quest\testgym\meethanako.scenesolution,q115_00b_guard_animations,4,animation,4,0
base\quest\testgym\meethanako.scenesolution,q115_00b_guard_animations,5,facial,5,1
base\quest\testgym\meethanako.scenesolution,q115_00b_guard_animations,6,lookAt,6,0
base\quest\testgym\meethanako.scenesolution,q115_00b_guard_animations,7,logic,8,0
base\quest\testgym\meethanako.scenesolution,q115_00b_guard_animations,8,guard_01,2,0
base\quest\testgym\meethanako.scenesolution,q115_00b_guard_animations,9,idle,3,1
base\quest\testgym\meethanako.scenesolution,q115_00b_guard_animations,10,animation,4,0
base\quest\testgym\meethanako.scenesolution,q115_00b_guard_animations,11,facial,5,1
base\quest\testgym\meethanako.scenesolution,q115_00b_guard_animations,12,lookAt,6,1
base\quest\testgym\meethanako.scenesolution,q115_00b_guard_animations,13,logic,8,0
base\quest\testgym\meethanako.scenesolution,q115_00b_29,1,dialog lines,1,0
base\quest\testgym\meethanako.scenesolution,q115_00b_johnny_hand_appear_elevator,1,dialog lines,1,0
base\quest\testgym\meethanako.scenesolution,q115_00b_waitress_bow,1,dialog lines,1,0
base\quest\testgym\meethanako.scenesolution,q115_00b_waitress_bow,2,waitress,2,0
base\quest\testgym\meethanako.scenesolution,q115_00b_waitress_bow,3,idle,3,1
base\quest\testgym\meethanako.scenesolution,q115_00b_waitress_bow,4,animation,4,0
base\quest\testgym\meethanako.scenesolution,q115_00b_waitress_bow,5,facial,5,0
base\quest\testgym\meethanako.scenesolution,q115_00b_waitress_bow,6,lookAt,6,4
base\quest\testgym\meethanako.scenesolution,q115_00b_waitress_bow,7,logic,8,0
base\quest\testgym\meethanako.scenesolution,q115_00b_waitress_bow,8,bartender,2,0
base\quest\testgym\meethanako.scenesolution,q115_00b_waitress_bow,9,idle,3,0
base\quest\testgym\meethanako.scenesolution,q115_00b_waitress_bow,10,animation,4,1
base\quest\testgym\meethanako.scenesolution,q115_00b_waitress_bow,11,facial,5,0
base\quest\testgym\meethanako.scenesolution,q115_00b_waitress_bow,12,lookAt,6,2
base\quest\testgym\meethanako.scenesolution,q115_00b_waitress_bow,13,logic,8,0
base\quest\testgym\q115_00b_hanako.scenesolution,q115_00b_guards,1,dialog lines,1,1
base\quest\testgym\q115_00b_hanako.scenesolution,q115_00b_guards,2,guard_01,2,0
base\quest\testgym\q115_00b_hanako.scenesolution,q115_00b_guards,3,idle,3,0
base\quest\testgym\q115_00b_hanako.scenesolution,q115_00b_guards,4,animation,4,0
base\quest\testgym\q115_00b_hanako.scenesolution,q115_00b_guards,5,facial,5,0
base\quest\testgym\q115_00b_hanako.scenesolution,q115_00b_guards,6,lookAt,6,0
base\quest\testgym\q115_00b_hanako.scenesolution,q115_00b_guards,7,logic,8,0
base\quest\testgym\q115_00b_hanako.scenesolution,q115_00b_guards,8,guard_02,2,0
base\quest\testgym\q115_00b_hanako.scenesolution,q115_00b_guards,9,idle,3,0
base\quest\testgym\q115_00b_hanako.scenesolution,q115_00b_guards,10,animation,4,0
base\quest\testgym\q115_00b_hanako.scenesolution,q115_00b_guards,11,facial,5,0
base\quest\testgym\q115_00b_hanako.scenesolution,q115_00b_guards,12,lookAt,6,0
base\quest\testgym\q115_00b_hanako.scenesolution,q115_00b_guards,13,logic,8,1
base\quest\testgym\q115_00b_hanako.scenesolution,q115_00b_leave_restaurant,1,dialog lines,1,1
base\quest\testgym\q115_00b_hanako.scenesolution,q115_00b_leave_restaurant,2,johnny,2,0
base\quest\testgym\q115_00b_hanako.scenesolution,q115_00b_leave_restaurant,3,idle,3,0
base\quest\testgym\q115_00b_hanako.scenesolution,q115_00b_leave_restaurant,4,animation,4,0
base\quest\testgym\q115_00b_hanako.scenesolution,q115_00b_leave_restaurant,5,facial,5,0
base\quest\testgym\q115_00b_hanako.scenesolution,q115_00b_leave_restaurant,6,lookAt,6,0
base\quest\testgym\q115_00b_hanako.scenesolution,q115_00b_leave_restaurant,7,logic,8,1
base\quest\testgym\q115_00b_hanako.scenesolution,q115_00b_leave_restaurant,8,Player,2,0
base\quest\testgym\q115_00b_hanako.scenesolution,q115_00b_leave_restaurant,9,idle,3,0
base\quest\testgym\q115_00b_hanako.scenesolution,q115_00b_leave_restaurant,10,animation,4,0
base\quest\testgym\q115_00b_hanako.scenesolution,q115_00b_leave_restaurant,11,facial,5,0
base\quest\testgym\q115_00b_hanako.scenesolution,q115_00b_leave_restaurant,12,lookAt,6,0
base\quest\testgym\q115_00b_hanako.scenesolution,q115_00b_leave_restaurant,13,logic,8,1
base\quest\testgym\q115_00b_hanako.scenesolution,q115_00b_hanako_beginning,1,dialog lines,1,4
base\quest\testgym\q115_00b_hanako.scenesolution,q115_00b_hanako_beginning,2,hanako,2,0
base\quest\testgym\q115_00b_hanako.scenesolution,q115_00b_hanako_beginning,3,idle,3,1
base\quest\testgym\q115_00b_hanako.scenesolution,q115_00b_hanako_beginning,4,animation,4,1
base\quest\testgym\q115_00b_hanako.scenesolution,q115_00b_hanako_beginning,5,facial,5,1
base\quest\testgym\q115_00b_hanako.scenesolution,q115_00b_hanako_beginning,6,lookAt,6,2
base\quest\testgym\q115_00b_hanako.scenesolution,q115_00b_hanako_beginning,7,logic,8,1
base\quest\testgym\q115_00b_hanako.scenesolution,q115_00b_hanako_beginning,8,johnny,2,0
base\quest\testgym\q115_00b_hanako.scenesolution,q115_00b_hanako_beginning,9,idle,3,0
base\quest\testgym\q115_00b_hanako.scenesolution,q115_00b_hanako_beginning,10,animation,4,1
base\quest\testgym\q115_00b_hanako.scenesolution,q115_00b_hanako_beginning,11,facial,5,0
base\quest\testgym\q115_00b_hanako.scenesolution,q115_00b_hanako_beginning,12,lookAt,6,0
base\quest\testgym\q115_00b_hanako.scenesolution,q115_00b_hanako_beginning,13,logic,8,0
base\quest\testgym\q115_00b_hanako.scenesolution,q115_00b_furious_johnny,1,dialog lines,1,5
base\quest\testgym\q115_00b_hanako.scenesolution,q115_00b_furious_johnny,2,hanako,2,0
base\quest\testgym\q115_00b_hanako.scenesolution,q115_00b_furious_johnny,3,idle,3,1
base\quest\testgym\q115_00b_hanako.scenesolution,q115_00b_furious_johnny,4,animation,4,2
base\quest\testgym\q115_00b_hanako.scenesolution,q115_00b_furious_johnny,5,facial,5,0
base\quest\testgym\q115_00b_hanako.scenesolution,q115_00b_furious_johnny,6,lookAt,6,0
base\quest\testgym\q115_00b_hanako.scenesolution,q115_00b_furious_johnny,7,logic,8,1
base\quest\testgym\q115_00b_hanako.scenesolution,q115_00b_furious_johnny,8,johnny,2,0
base\quest\testgym\q115_00b_hanako.scenesolution,q115_00b_furious_johnny,9,idle,3,2
base\quest\testgym\q115_00b_hanako.scenesolution,q115_00b_furious_johnny,10,animation,4,0
base\quest\testgym\q115_00b_hanako.scenesolution,q115_00b_furious_johnny,11,facial,5,0
base\quest\testgym\q115_00b_hanako.scenesolution,q115_00b_furious_johnny,12,lookAt,6,1
base\quest\testgym\q115_00b_hanako.scenesolution,q115_00b_furious_johnny,13,logic,8,1
base\quest\testgym\q115_00b_hanako.scenesolution,q115_00b_furious_johnny,14,Player,2,0
base\quest\testgym\q115_00b_hanako.scenesolution,q115_00b_furious_johnny,15,idle,3,1
base\quest\testgym\q115_00b_hanako.scenesolution,q115_00b_furious_johnny,16,animation,4,0
base\quest\testgym\q115_00b_hanako.scenesolution,q115_00b_furious_johnny,17,facial,5,2
base\quest\testgym\q115_00b_hanako.scenesolution,q115_00b_furious_johnny,18,lookAt,6,0
base\quest\testgym\q115_00b_hanako.scenesolution,q115_00b_furious_johnny,19,logic,8,2
base\quest\testgym\q115_00b_hanako.scenesolution,q115_00b_furious_johnny,20,guard_02,2,0
base\quest\testgym\q115_00b_hanako.scenesolution,q115_00b_furious_johnny,21,idle,3,1
base\quest\testgym\q115_00b_hanako.scenesolution,q115_00b_furious_johnny,22,animation,4,0
base\quest\testgym\q115_00b_hanako.scenesolution,q115_00b_furious_johnny,23,facial,5,1
base\quest\testgym\q115_00b_hanako.scenesolution,q115_00b_furious_johnny,24,lookAt,6,4
base\quest\testgym\q115_00b_hanako.scenesolution,q115_00b_furious_johnny,25,logic,8,0
base\quest\testgym\q115_00b_hanako.scenesolution,q115_00b_furious_johnny,26,guard_01,2,0
base\quest\testgym\q115_00b_hanako.scenesolution,q115_00b_furious_johnny,27,idle,3,1
base\quest\testgym\q115_00b_hanako.scenesolution,q115_00b_furious_johnny,28,animation,4,0
base\quest\testgym\q115_00b_hanako.scenesolution,q115_00b_furious_johnny,29,facial,5,0
base\quest\testgym\q115_00b_hanako.scenesolution,q115_00b_furious_johnny,30,lookAt,6,0
base\quest\testgym\q115_00b_hanako.scenesolution,q115_00b_furious_johnny,31,logic,8,0
base\quest\testgym\q115_00b_hanako.scenesolution,q115_00b_angry_johnny,1,dialog lines,1,5
base\quest\testgym\q115_00b_hanako.scenesolution,q115_00b_angry_johnny,2,hanako,2,0
base\quest\testgym\q115_00b_hanako.scenesolution,q115_00b_angry_johnny,3,idle,3,0
base\quest\testgym\q115_00b_hanako.scenesolution,q115_00b_angry_johnny,4,animation,4,1
base\quest\testgym\q115_00b_hanako.scenesolution,q115_00b_angry_johnny,5,facial,5,1
base\quest\testgym\q115_00b_hanako.scenesolution,q115_00b_angry_johnny,6,lookAt,6,0
base\quest\testgym\q115_00b_hanako.scenesolution,q115_00b_angry_johnny,7,logic,8,0
base\quest\testgym\q115_00b_hanako.scenesolution,q115_00b_angry_johnny,8,johnny,2,0
base\quest\testgym\q115_00b_hanako.scenesolution,q115_00b_angry_johnny,9,idle,3,1
base\quest\testgym\q115_00b_hanako.scenesolution,q115_00b_angry_johnny,10,animation,4,1
base\quest\testgym\q115_00b_hanako.scenesolution,q115_00b_angry_johnny,11,facial,5,0
base\quest\testgym\q115_00b_hanako.scenesolution,q115_00b_angry_johnny,12,lookAt,6,0
base\quest\testgym\q115_00b_hanako.scenesolution,q115_00b_angry_johnny,13,logic,8,0
base\quest\testgym\q115_00b_hanako.scenesolution,q115_00b_angry_johnny,14,Player,2,0
base\quest\testgym\q115_00b_hanako.scenesolution,q115_00b_angry_johnny,15,idle,3,1
base\quest\testgym\q115_00b_hanako.scenesolution,q115_00b_angry_johnny,16,animation,4,2
base\quest\testgym\q115_00b_hanako.scenesolution,q115_00b_angry_johnny,17,facial,5,0
base\quest\testgym\q115_00b_hanako.scenesolution,q115_00b_angry_johnny,18,lookAt,6,0
base\quest\testgym\q115_00b_hanako.scenesolution,q115_00b_angry_johnny,19,logic,8,0
base\quest\testgym\q115_00b_hanako.scenesolution,q115_00b_angry_johnny,20,VFX,15,1
base\quest\testgym\q115_00b_hanako.scenesolution,q115_00b_nervous_johnny,1,dialog lines,1,5
base\quest\testgym\q115_00b_hanako.scenesolution,q115_00b_nervous_johnny,2,hanako,2,0
base\quest\testgym\q115_00b_hanako.scenesolution,q115_00b_nervous_johnny,3,idle,3,0
base\quest\testgym\q115_00b_hanako.scenesolution,q115_00b_nervous_johnny,4,animation,4,1
base\quest\testgym\q115_00b_hanako.scenesolution,q115_00b_nervous_johnny,5,facial,5,1
base\quest\testgym\q115_00b_hanako.scenesolution,q115_00b_nervous_johnny,6,lookAt,6,1
base\quest\testgym\q115_00b_hanako.scenesolution,q115_00b_nervous_johnny,7,logic,8,0
base\quest\testgym\q115_00b_hanako.scenesolution,q115_00b_nervous_johnny,8,johnny,2,0
base\quest\testgym\q115_00b_hanako.scenesolution,q115_00b_nervous_johnny,9,idle,3,1
base\quest\testgym\q115_00b_hanako.scenesolution,q115_00b_nervous_johnny,10,animation,4,1
base\quest\testgym\q115_00b_hanako.scenesolution,q115_00b_nervous_johnny,11,facial,5,0
base\quest\testgym\q115_00b_hanako.scenesolution,q115_00b_nervous_johnny,12,lookAt,6,0
base\quest\testgym\q115_00b_hanako.scenesolution,q115_00b_nervous_johnny,13,logic,8,0
base\quest\testgym\q115_00b_hanako.scenesolution,q115_00b_nervous_johnny,14,Player,2,0
base\quest\testgym\q115_00b_hanako.scenesolution,q115_00b_nervous_johnny,15,idle,3,1
base\quest\testgym\q115_00b_hanako.scenesolution,q115_00b_nervous_johnny,16,animation,4,1
base\quest\testgym\q115_00b_hanako.scenesolution,q115_00b_nervous_johnny,17,facial,5,1
base\quest\testgym\q115_00b_hanako.scenesolution,q115_00b_nervous_johnny,18,lookAt,6,0
base\quest\testgym\q115_00b_hanako.scenesolution,q115_00b_nervous_johnny,19,logic,8,2
base\quest\testgym\q115_00b_hanako.scenesolution,q115_00b_nervous_johnny,20,VFX,15,1
base\quest\testgym\q115_00b_hanako.scenesolution,q115_00b_v_is_fine,1,dialog lines,1,3
base\quest\testgym\q115_00b_hanako.scenesolution,q115_00b_v_is_fine,2,Player,2,0
base\quest\testgym\q115_00b_hanako.scenesolution,q115_00b_v_is_fine,3,idle,3,1
base\quest\testgym\q115_00b_hanako.scenesolution,q115_00b_v_is_fine,4,animation,4,1
base\quest\testgym\q115_00b_hanako.scenesolution,q115_00b_v_is_fine,5,facial,5,0
base\quest\testgym\q115_00b_hanako.scenesolution,q115_00b_v_is_fine,6,lookAt,6,1
base\quest\testgym\q115_00b_hanako.scenesolution,q115_00b_v_is_fine,7,logic,8,1
base\quest\testgym\q115_00b_hanako.scenesolution,q115_00b_v_is_fine,8,hanako,2,0
base\quest\testgym\q115_00b_hanako.scenesolution,q115_00b_v_is_fine,9,idle,3,0
base\quest\testgym\q115_00b_hanako.scenesolution,q115_00b_v_is_fine,10,animation,4,1
base\quest\testgym\q115_00b_hanako.scenesolution,q115_00b_v_is_fine,11,facial,5,1
base\quest\testgym\q115_00b_hanako.scenesolution,q115_00b_v_is_fine,12,lookAt,6,2
base\quest\testgym\q115_00b_hanako.scenesolution,q115_00b_v_is_fine,13,logic,8,0
base\quest\testgym\q115_00b_hanako.scenesolution,q115_00b_v_is_fine,14,VFX,15,1
base\quest\testgym\q115_00b_hanako.scenesolution,q115_00b_v_is_not_good,1,dialog lines,1,3
base\quest\testgym\q115_00b_hanako.scenesolution,q115_00b_v_is_not_good,2,Player,2,0
base\quest\testgym\q115_00b_hanako.scenesolution,q115_00b_v_is_not_good,3,idle,3,1
base\quest\testgym\q115_00b_hanako.scenesolution,q115_00b_v_is_not_good,4,animation,4,1
base\quest\testgym\q115_00b_hanako.scenesolution,q115_00b_v_is_not_good,5,facial,5,0
base\quest\testgym\q115_00b_hanako.scenesolution,q115_00b_v_is_not_good,6,lookAt,6,1
base\quest\testgym\q115_00b_hanako.scenesolution,q115_00b_v_is_not_good,7,logic,8,1
base\quest\testgym\q115_00b_hanako.scenesolution,q115_00b_v_is_not_good,8,hanako,2,0
base\quest\testgym\q115_00b_hanako.scenesolution,q115_00b_v_is_not_good,9,idle,3,0
base\quest\testgym\q115_00b_hanako.scenesolution,q115_00b_v_is_not_good,10,animation,4,1
base\quest\testgym\q115_00b_hanako.scenesolution,q115_00b_v_is_not_good,11,facial,5,1
base\quest\testgym\q115_00b_hanako.scenesolution,q115_00b_v_is_not_good,12,lookAt,6,2
base\quest\testgym\q115_00b_hanako.scenesolution,q115_00b_v_is_not_good,13,logic,8,0
base\quest\testgym\q115_00b_hanako.scenesolution,q115_00b_v_is_not_good,14,VFX,15,1
base\quest\testgym\q115_00b_hanako.scenesolution,q115_00b_mikoshi,1,dialog lines,1,5
base\quest\testgym\q115_00b_hanako.scenesolution,q115_00b_mikoshi,2,hanako,2,0
base\quest\testgym\q115_00b_hanako.scenesolution,q115_00b_mikoshi,3,idle,3,3
base\quest\testgym\q115_00b_hanako.scenesolution,q115_00b_mikoshi,4,facial,5,3
base\quest\testgym\q115_00b_hanako.scenesolution,q115_00b_mikoshi,5,lookAt,6,3
base\quest\testgym\q115_00b_hanako.scenesolution,q115_00b_mikoshi,6,logic,8,7
base\quest\testgym\q115_00b_hanako.scenesolution,q115_00b_mikoshi,7,johnny,2,0
base\quest\testgym\q115_00b_hanako.scenesolution,q115_00b_mikoshi,8,idle,3,1
base\quest\testgym\q115_00b_hanako.scenesolution,q115_00b_mikoshi,9,lookAt,6,1
base\quest\testgym\q115_00b_hanako.scenesolution,q115_00b_mikoshi,10,logic,8,1
base\quest\testgym\q115_00b_hanako.scenesolution,q115_00b_mikoshi,11,VFX,15,2
base\quest\testgym\q115_00b_hanako.scenesolution,q115_00b_mikoshi,12,facial,5,1
base\quest\testgym\q115_00b_hanako.scenesolution,q115_00b_mikoshi_go_one,1,dialog lines,1,2
base\quest\testgym\q115_00b_hanako.scenesolution,q115_00b_mikoshi_go_one,2,Player,2,0
base\quest\testgym\q115_00b_hanako.scenesolution,q115_00b_mikoshi_go_one,3,idle,3,0
base\quest\testgym\q115_00b_hanako.scenesolution,q115_00b_mikoshi_go_one,4,animation,4,0
base\quest\testgym\q115_00b_hanako.scenesolution,q115_00b_mikoshi_go_one,5,facial,5,0
base\quest\testgym\q115_00b_hanako.scenesolution,q115_00b_mikoshi_go_one,6,lookAt,6,0
base\quest\testgym\q115_00b_hanako.scenesolution,q115_00b_mikoshi_go_one,7,logic,8,1
base\quest\testgym\q115_00b_hanako.scenesolution,q115_00b_mikoshi_how_is_that,1,dialog lines,1,1
base\quest\testgym\q115_00b_hanako.scenesolution,q115_00b_mikoshi_how_is_that,2,Player,2,0
base\quest\testgym\q115_00b_hanako.scenesolution,q115_00b_mikoshi_how_is_that,3,idle,3,0
base\quest\testgym\q115_00b_hanako.scenesolution,q115_00b_mikoshi_how_is_that,4,animation,4,0
base\quest\testgym\q115_00b_hanako.scenesolution,q115_00b_mikoshi_how_is_that,5,facial,5,0
base\quest\testgym\q115_00b_hanako.scenesolution,q115_00b_mikoshi_how_is_that,6,lookAt,6,0
base\quest\testgym\q115_00b_hanako.scenesolution,q115_00b_mikoshi_how_is_that,7,logic,8,1
base\quest\testgym\q115_00b_hanako.scenesolution,q115_00b_my_brother,1,dialog lines,1,2
base\quest\testgym\q115_00b_hanako.scenesolution,q115_00b_my_brother,2,hanako,2,0
base\quest\testgym\q115_00b_hanako.scenesolution,q115_00b_my_brother,3,idle,3,0
base\quest\testgym\q115_00b_hanako.scenesolution,q115_00b_my_brother,4,animation,4,0
base\quest\testgym\q115_00b_hanako.scenesolution,q115_00b_my_brother,5,facial,5,1
base\quest\testgym\q115_00b_hanako.scenesolution,q115_00b_my_brother,6,lookAt,6,1
base\quest\testgym\q115_00b_hanako.scenesolution,q115_00b_my_brother,7,logic,8,1
base\quest\testgym\q115_00b_hanako.scenesolution,q115_00b_my_brother,8,johnny,2,0
base\quest\testgym\q115_00b_hanako.scenesolution,q115_00b_my_brother,9,idle,3,0
base\quest\testgym\q115_00b_hanako.scenesolution,q115_00b_my_brother,10,animation,4,0
base\quest\testgym\q115_00b_hanako.scenesolution,q115_00b_my_brother,11,facial,5,0
base\quest\testgym\q115_00b_hanako.scenesolution,q115_00b_my_brother,12,lookAt,6,0
base\quest\testgym\q115_00b_hanako.scenesolution,q115_00b_my_brother,13,logic,8,1
base\quest\testgym\q115_00b_hanako.scenesolution,q115_00b_hanako_greet,1,dialog lines,1,1
base\quest\testgym\q115_00b_hanako.scenesolution,q115_00b_hanako_greet,2,hanako,2,0
base\quest\testgym\q115_00b_hanako.scenesolution,q115_00b_hanako_greet,3,idle,3,0
base\quest\testgym\q115_00b_hanako.scenesolution,q115_00b_hanako_greet,4,animation,4,0
base\quest\testgym\q115_00b_hanako.scenesolution,q115_00b_hanako_greet,5,facial,5,1
base\quest\testgym\q115_00b_hanako.scenesolution,q115_00b_hanako_greet,6,lookAt,6,0
base\quest\testgym\q115_00b_hanako.scenesolution,q115_00b_hanako_greet,7,logic,8,1
base\quest\testgym\q115_00b_hanako.scenesolution,q115_00b_hanako_nervous,1,dialog lines,1,5
base\quest\testgym\q115_00b_hanako.scenesolution,q115_00b_hanako_nervous,2,hanako,2,0
base\quest\testgym\q115_00b_hanako.scenesolution,q115_00b_hanako_nervous,3,idle,3,2
base\quest\testgym\q115_00b_hanako.scenesolution,q115_00b_hanako_nervous,4,animation,4,2
base\quest\testgym\q115_00b_hanako.scenesolution,q115_00b_hanako_nervous,5,facial,5,3
base\quest\testgym\q115_00b_hanako.scenesolution,q115_00b_hanako_nervous,6,lookAt,6,2
base\quest\testgym\q115_00b_hanako.scenesolution,q115_00b_hanako_nervous,7,logic,8,1
base\quest\testgym\q115_00b_hanako.scenesolution,q115_00b_what_hanako,1,dialog lines,1,4
base\quest\testgym\q115_00b_hanako.scenesolution,q115_00b_what_hanako,2,hanako,2,0
base\quest\testgym\q115_00b_hanako.scenesolution,q115_00b_what_hanako,3,idle,3,0
base\quest\testgym\q115_00b_hanako.scenesolution,q115_00b_what_hanako,4,animation,4,2
base\quest\testgym\q115_00b_hanako.scenesolution,q115_00b_what_hanako,5,facial,5,1
base\quest\testgym\q115_00b_hanako.scenesolution,q115_00b_what_hanako,6,lookAt,6,2
base\quest\testgym\q115_00b_hanako.scenesolution,q115_00b_what_hanako,7,logic,8,1
base\quest\testgym\q115_00b_hanako.scenesolution,q115_00b_what_hanako,8,johnny,2,0
base\quest\testgym\q115_00b_hanako.scenesolution,q115_00b_what_hanako,9,idle,3,0
base\quest\testgym\q115_00b_hanako.scenesolution,q115_00b_what_hanako,10,animation,4,0
base\quest\testgym\q115_00b_hanako.scenesolution,q115_00b_what_hanako,11,facial,5,0
base\quest\testgym\q115_00b_hanako.scenesolution,q115_00b_what_hanako,12,lookAt,6,0
base\quest\testgym\q115_00b_hanako.scenesolution,q115_00b_what_hanako,13,logic,8,0
base\quest\testgym\q115_00b_hanako.scenesolution,q115_00b_business_of_arasakas,1,dialog lines,1,2
base\quest\testgym\q115_00b_hanako.scenesolution,q115_00b_business_of_arasakas,2,hanako,2,0
base\quest\testgym\q115_00b_hanako.scenesolution,q115_00b_business_of_arasakas,3,idle,3,0
base\quest\testgym\q115_00b_hanako.scenesolution,q115_00b_business_of_arasakas,4,animation,4,1
base\quest\testgym\q115_00b_hanako.scenesolution,q115_00b_business_of_arasakas,5,facial,5,2
base\quest\testgym\q115_00b_hanako.scenesolution,q115_00b_business_of_arasakas,6,lookAt,6,1
base\quest\testgym\q115_00b_hanako.scenesolution,q115_00b_business_of_arasakas,7,logic,8,1
base\quest\testgym\q115_00b_hanako.scenesolution,q115_00b_business_of_arasakas,8,johnny,2,0
base\quest\testgym\q115_00b_hanako.scenesolution,q115_00b_business_of_arasakas,9,idle,3,0
base\quest\testgym\q115_00b_hanako.scenesolution,q115_00b_business_of_arasakas,10,animation,4,0
base\quest\testgym\q115_00b_hanako.scenesolution,q115_00b_business_of_arasakas,11,facial,5,0
base\quest\testgym\q115_00b_hanako.scenesolution,q115_00b_business_of_arasakas,12,lookAt,6,0
base\quest\testgym\q115_00b_hanako.scenesolution,q115_00b_business_of_arasakas,13,logic,8,0
base\quest\testgym\q115_00b_hanako.scenesolution,q115_00b_rather_not_offert,1,dialog lines,1,4
base\quest\testgym\q115_00b_hanako.scenesolution,q115_00b_rather_not_offert,2,hanako,2,0
base\quest\testgym\q115_00b_hanako.scenesolution,q115_00b_rather_not_offert,3,idle,3,0
base\quest\testgym\q115_00b_hanako.scenesolution,q115_00b_rather_not_offert,4,animation,4,0
base\quest\testgym\q115_00b_hanako.scenesolution,q115_00b_rather_not_offert,5,facial,5,2
base\quest\testgym\q115_00b_hanako.scenesolution,q115_00b_rather_not_offert,6,lookAt,6,0
base\quest\testgym\q115_00b_hanako.scenesolution,q115_00b_rather_not_offert,7,logic,8,1
base\quest\testgym\q115_00b_hanako.scenesolution,q115_00b_rather_not_offert,8,johnny,2,0
base\quest\testgym\q115_00b_hanako.scenesolution,q115_00b_rather_not_offert,9,idle,3,0
base\quest\testgym\q115_00b_hanako.scenesolution,q115_00b_rather_not_offert,10,animation,4,2
base\quest\testgym\q115_00b_hanako.scenesolution,q115_00b_rather_not_offert,11,facial,5,1
base\quest\testgym\q115_00b_hanako.scenesolution,q115_00b_rather_not_offert,12,lookAt,6,0
base\quest\testgym\q115_00b_hanako.scenesolution,q115_00b_rather_not_offert,13,logic,8,0
base\quest\testgym\q115_00b_hanako.scenesolution,q115_00b_rather_not_offert,14,guard_02,2,0
base\quest\testgym\q115_00b_hanako.scenesolution,q115_00b_rather_not_offert,15,idle,3,1
base\quest\testgym\q115_00b_hanako.scenesolution,q115_00b_rather_not_offert,16,animation,4,0
base\quest\testgym\q115_00b_hanako.scenesolution,q115_00b_rather_not_offert,17,facial,5,0
base\quest\testgym\q115_00b_hanako.scenesolution,q115_00b_rather_not_offert,18,lookAt,6,0
base\quest\testgym\q115_00b_hanako.scenesolution,q115_00b_rather_not_offert,19,logic,8,0
base\quest\testgym\q115_00b_hanako.scenesolution,q115_00b_rather_not_offert,20,Player,2,0
base\quest\testgym\q115_00b_hanako.scenesolution,q115_00b_rather_not_offert,21,idle,3,0
base\quest\testgym\q115_00b_hanako.scenesolution,q115_00b_rather_not_offert,22,animation,4,0
base\quest\testgym\q115_00b_hanako.scenesolution,q115_00b_rather_not_offert,23,facial,5,0
base\quest\testgym\q115_00b_hanako.scenesolution,q115_00b_rather_not_offert,24,lookAt,6,0
base\quest\testgym\q115_00b_hanako.scenesolution,q115_00b_rather_not_offert,25,logic,8,2
base\quest\testgym\q115_00b_hanako.scenesolution,q115_00b_kill_brother,1,dialog lines,1,2
base\quest\testgym\q115_00b_hanako.scenesolution,q115_00b_kill_brother,2,hanako,2,0
base\quest\testgym\q115_00b_hanako.scenesolution,q115_00b_kill_brother,3,idle,3,0
base\quest\testgym\q115_00b_hanako.scenesolution,q115_00b_kill_brother,4,animation,4,0
base\quest\testgym\q115_00b_hanako.scenesolution,q115_00b_kill_brother,5,facial,5,1
base\quest\testgym\q115_00b_hanako.scenesolution,q115_00b_kill_brother,6,lookAt,6,0
base\quest\testgym\q115_00b_hanako.scenesolution,q115_00b_kill_brother,7,logic,8,1
base\quest\testgym\q115_00b_hanako.scenesolution,q115_00b_good_offert,1,dialog lines,1,3
base\quest\testgym\q115_00b_hanako.scenesolution,q115_00b_good_offert,2,hanako,2,0
base\quest\testgym\q115_00b_hanako.scenesolution,q115_00b_good_offert,3,idle,3,0
base\quest\testgym\q115_00b_hanako.scenesolution,q115_00b_good_offert,4,animation,4,1
base\quest\testgym\q115_00b_hanako.scenesolution,q115_00b_good_offert,5,facial,5,2
base\quest\testgym\q115_00b_hanako.scenesolution,q115_00b_good_offert,6,lookAt,6,2
base\quest\testgym\q115_00b_hanako.scenesolution,q115_00b_good_offert,7,logic,8,1
base\quest\testgym\q115_00b_hanako.scenesolution,q115_00b_good_offert,8,guard_02,2,0
base\quest\testgym\q115_00b_hanako.scenesolution,q115_00b_good_offert,9,idle,3,0
base\quest\testgym\q115_00b_hanako.scenesolution,q115_00b_good_offert,10,animation,4,0
base\quest\testgym\q115_00b_hanako.scenesolution,q115_00b_good_offert,11,facial,5,0
base\quest\testgym\q115_00b_hanako.scenesolution,q115_00b_good_offert,12,lookAt,6,0
base\quest\testgym\q115_00b_hanako.scenesolution,q115_00b_good_offert,13,logic,8,0
base\quest\testgym\q115_00b_hanako.scenesolution,q115_00b_good_offert,14,johnny,2,0
base\quest\testgym\q115_00b_hanako.scenesolution,q115_00b_good_offert,15,idle,3,0
base\quest\testgym\q115_00b_hanako.scenesolution,q115_00b_good_offert,16,animation,4,1
base\quest\testgym\q115_00b_hanako.scenesolution,q115_00b_good_offert,17,facial,5,0
base\quest\testgym\q115_00b_hanako.scenesolution,q115_00b_good_offert,18,lookAt,6,0
base\quest\testgym\q115_00b_hanako.scenesolution,q115_00b_good_offert,19,logic,8,2
base\quest\testgym\q115_00b_hanako.scenesolution,q115_00b_good_offert,20,guard_01,2,0
base\quest\testgym\q115_00b_hanako.scenesolution,q115_00b_good_offert,21,idle,3,1
base\quest\testgym\q115_00b_hanako.scenesolution,q115_00b_good_offert,22,animation,4,0
base\quest\testgym\q115_00b_hanako.scenesolution,q115_00b_good_offert,23,facial,5,0
base\quest\testgym\q115_00b_hanako.scenesolution,q115_00b_good_offert,24,lookAt,6,0
base\quest\testgym\q115_00b_hanako.scenesolution,q115_00b_good_offert,25,logic,8,0
base\quest\testgym\q115_00b_hanako.scenesolution,q115_00b_good_offert,26,Player,2,0
base\quest\testgym\q115_00b_hanako.scenesolution,q115_00b_good_offert,27,idle,3,0
base\quest\testgym\q115_00b_hanako.scenesolution,q115_00b_good_offert,28,animation,4,0
base\quest\testgym\q115_00b_hanako.scenesolution,q115_00b_good_offert,29,facial,5,0
base\quest\testgym\q115_00b_hanako.scenesolution,q115_00b_good_offert,30,lookAt,6,0
base\quest\testgym\q115_00b_hanako.scenesolution,q115_00b_good_offert,31,logic,8,2
base\quest\testgym\q115_00b_hanako.scenesolution,q115_00b_hanako_conclusion,1,dialog lines,1,9
base\quest\testgym\q115_00b_hanako.scenesolution,q115_00b_hanako_conclusion,2,hanako,2,0
base\quest\testgym\q115_00b_hanako.scenesolution,q115_00b_hanako_conclusion,3,idle,3,1
base\quest\testgym\q115_00b_hanako.scenesolution,q115_00b_hanako_conclusion,4,animation,4,6
base\quest\testgym\q115_00b_hanako.scenesolution,q115_00b_hanako_conclusion,5,facial,5,4
base\quest\testgym\q115_00b_hanako.scenesolution,q115_00b_hanako_conclusion,6,lookAt,6,4
base\quest\testgym\q115_00b_hanako.scenesolution,q115_00b_hanako_conclusion,7,logic,8,2
base\quest\testgym\q115_00b_hanako.scenesolution,q115_00b_hanako_conclusion,8,johnny,2,0
base\quest\testgym\q115_00b_hanako.scenesolution,q115_00b_hanako_conclusion,9,idle,3,1
base\quest\testgym\q115_00b_hanako.scenesolution,q115_00b_hanako_conclusion,10,animation,4,3
base\quest\testgym\q115_00b_hanako.scenesolution,q115_00b_hanako_conclusion,11,facial,5,0
base\quest\testgym\q115_00b_hanako.scenesolution,q115_00b_hanako_conclusion,12,lookAt,6,6
base\quest\testgym\q115_00b_hanako.scenesolution,q115_00b_hanako_conclusion,13,logic,8,3
base\quest\testgym\q115_00b_hanako.scenesolution,q115_00b_hanako_conclusion,14,guard_02,2,0
base\quest\testgym\q115_00b_hanako.scenesolution,q115_00b_hanako_conclusion,15,idle,3,1
base\quest\testgym\q115_00b_hanako.scenesolution,q115_00b_hanako_conclusion,16,animation,4,0
base\quest\testgym\q115_00b_hanako.scenesolution,q115_00b_hanako_conclusion,17,facial,5,0
base\quest\testgym\q115_00b_hanako.scenesolution,q115_00b_hanako_conclusion,18,lookAt,6,0
base\quest\testgym\q115_00b_hanako.scenesolution,q115_00b_hanako_conclusion,19,logic,8,1
base\quest\testgym\q115_00b_hanako.scenesolution,q115_00b_hanako_conclusion,20,guard_01,2,0
base\quest\testgym\q115_00b_hanako.scenesolution,q115_00b_hanako_conclusion,21,idle,3,1
base\quest\testgym\q115_00b_hanako.scenesolution,q115_00b_hanako_conclusion,22,animation,4,1
base\quest\testgym\q115_00b_hanako.scenesolution,q115_00b_hanako_conclusion,23,facial,5,0
base\quest\testgym\q115_00b_hanako.scenesolution,q115_00b_hanako_conclusion,24,lookAt,6,4
base\quest\testgym\q115_00b_hanako.scenesolution,q115_00b_hanako_conclusion,25,logic,8,0
base\quest\testgym\q115_00b_hanako.scenesolution,q115_00b_hanako_conclusion,26,Player,2,0
base\quest\testgym\q115_00b_hanako.scenesolution,q115_00b_hanako_conclusion,27,idle,3,0
base\quest\testgym\q115_00b_hanako.scenesolution,q115_00b_hanako_conclusion,28,animation,4,0
base\quest\testgym\q115_00b_hanako.scenesolution,q115_00b_hanako_conclusion,29,facial,5,0
base\quest\testgym\q115_00b_hanako.scenesolution,q115_00b_hanako_conclusion,30,lookAt,6,1
base\quest\testgym\q115_00b_hanako.scenesolution,q115_00b_hanako_conclusion,31,logic,8,0
base\quest\testgym\q115_00b_hanako.scenesolution,q115_00b_inside_fluff,1,dialog lines,1,5
base\quest\testgym\q115_00b_hanako.scenesolution,q115_00b_inside_fluff,2,hanako,2,0
base\quest\testgym\q115_00b_hanako.scenesolution,q115_00b_inside_fluff,3,idle,3,0
base\quest\testgym\q115_00b_hanako.scenesolution,q115_00b_inside_fluff,4,animation,4,1
base\quest\testgym\q115_00b_hanako.scenesolution,q115_00b_inside_fluff,5,facial,5,1
base\quest\testgym\q115_00b_hanako.scenesolution,q115_00b_inside_fluff,6,facial (1),5,2
base\quest\testgym\q115_00b_hanako.scenesolution,q115_00b_inside_fluff,7,lookAt,6,1
base\quest\testgym\q115_00b_hanako.scenesolution,q115_00b_inside_fluff,8,logic,8,1
base\quest\testgym\q115_00b_hanako.scenesolution,q115_00b_hanako_power_fluff,1,dialog lines,1,6
base\quest\testgym\q115_00b_hanako.scenesolution,q115_00b_hanako_power_fluff,2,hanako,2,0
base\quest\testgym\q115_00b_hanako.scenesolution,q115_00b_hanako_power_fluff,3,idle,3,0
base\quest\testgym\q115_00b_hanako.scenesolution,q115_00b_hanako_power_fluff,4,animation,4,2
base\quest\testgym\q115_00b_hanako.scenesolution,q115_00b_hanako_power_fluff,5,facial,5,4
base\quest\testgym\q115_00b_hanako.scenesolution,q115_00b_hanako_power_fluff,6,facial (1),5,3
base\quest\testgym\q115_00b_hanako.scenesolution,q115_00b_hanako_power_fluff,7,facial (2),5,0
base\quest\testgym\q115_00b_hanako.scenesolution,q115_00b_hanako_power_fluff,8,lookAt,6,4
base\quest\testgym\q115_00b_hanako.scenesolution,q115_00b_hanako_power_fluff,9,logic,8,2
base\quest\testgym\q115_00b_hanako.scenesolution,q115_00b_hanako_power_fluff,10,johnny,2,0
base\quest\testgym\q115_00b_hanako.scenesolution,q115_00b_hanako_power_fluff,11,idle,3,1
base\quest\testgym\q115_00b_hanako.scenesolution,q115_00b_hanako_power_fluff,12,animation,4,0
base\quest\testgym\q115_00b_hanako.scenesolution,q115_00b_hanako_power_fluff,13,facial,5,0
base\quest\testgym\q115_00b_hanako.scenesolution,q115_00b_hanako_power_fluff,14,lookAt,6,0
base\quest\testgym\q115_00b_hanako.scenesolution,q115_00b_hanako_power_fluff,15,logic,8,0
base\quest\testgym\q115_00b_hanako.scenesolution,q115_00b_hanako_power_fluff,16,VFX,15,3
base\quest\testgym\q115_00b_hanako.scenesolution,q115_00b_v_getting_out,1,dialog lines,1,2
base\quest\testgym\q115_00b_hanako.scenesolution,q115_00b_v_getting_out,2,johnny,2,0
base\quest\testgym\q115_00b_hanako.scenesolution,q115_00b_v_getting_out,3,idle,3,0
base\quest\testgym\q115_00b_hanako.scenesolution,q115_00b_v_getting_out,4,animation,4,0
base\quest\testgym\q115_00b_hanako.scenesolution,q115_00b_v_getting_out,5,facial,5,0
base\quest\testgym\q115_00b_hanako.scenesolution,q115_00b_v_getting_out,6,lookAt,6,0
base\quest\testgym\q115_00b_hanako.scenesolution,q115_00b_v_getting_out,7,logic,8,1
base\quest\testgym\q115_00b_hanako.scenesolution,q115_00b_v_getting_out,8,hanako,2,0
base\quest\testgym\q115_00b_hanako.scenesolution,q115_00b_v_getting_out,9,idle,3,1
base\quest\testgym\q115_00b_hanako.scenesolution,q115_00b_v_getting_out,10,animation,4,0
base\quest\testgym\q115_00b_hanako.scenesolution,q115_00b_v_getting_out,11,facial,5,1
base\quest\testgym\q115_00b_hanako.scenesolution,q115_00b_v_getting_out,12,lookAt,6,0
base\quest\testgym\q115_00b_hanako.scenesolution,q115_00b_v_getting_out,13,logic,8,0
base\quest\testgym\q115_00b_hanako.scenesolution,q115_00b_let_me_hear,1,dialog lines,1,3
base\quest\testgym\q115_00b_hanako.scenesolution,q115_00b_let_me_hear,2,johnny,2,0
base\quest\testgym\q115_00b_hanako.scenesolution,q115_00b_let_me_hear,3,idle,3,0
base\quest\testgym\q115_00b_hanako.scenesolution,q115_00b_let_me_hear,4,animation,4,1
base\quest\testgym\q115_00b_hanako.scenesolution,q115_00b_let_me_hear,5,facial,5,1
base\quest\testgym\q115_00b_hanako.scenesolution,q115_00b_let_me_hear,6,lookAt,6,2
base\quest\testgym\q115_00b_hanako.scenesolution,q115_00b_let_me_hear,7,logic,8,1
base\quest\testgym\q115_00b_hanako.scenesolution,q115_00b_v_doesnt_get_it,1,dialog lines,1,2
base\quest\testgym\q115_00b_hanako.scenesolution,q115_00b_v_doesnt_get_it,2,hanako,2,0
base\quest\testgym\q115_00b_hanako.scenesolution,q115_00b_v_doesnt_get_it,3,idle,3,0
base\quest\testgym\q115_00b_hanako.scenesolution,q115_00b_v_doesnt_get_it,4,animation,4,1
base\quest\testgym\q115_00b_hanako.scenesolution,q115_00b_v_doesnt_get_it,5,facial,5,1
base\quest\testgym\q115_00b_hanako.scenesolution,q115_00b_v_doesnt_get_it,6,lookAt,6,0
base\quest\testgym\q115_00b_hanako.scenesolution,q115_00b_v_doesnt_get_it,7,logic,8,0
base\quest\testgym\q115_00b_hanako.scenesolution,q115_00b_as_hanako_wish,1,dialog lines,1,1
base\quest\testgym\q115_00b_hanako.scenesolution,q115_00b_blue_about_hanako,1,dialog lines,1,4
base\quest\testgym\q115_00b_hanako.scenesolution,q115_00b_blue_about_hanako,2,hanako,2,0
base\quest\testgym\q115_00b_hanako.scenesolution,q115_00b_blue_about_hanako,3,idle,3,1
base\quest\testgym\q115_00b_hanako.scenesolution,q115_00b_blue_about_hanako,4,animation,4,3
base\quest\testgym\q115_00b_hanako.scenesolution,q115_00b_blue_about_hanako,5,facial,5,2
base\quest\testgym\q115_00b_hanako.scenesolution,q115_00b_blue_about_hanako,6,lookAt,6,1
base\quest\testgym\q115_00b_hanako.scenesolution,q115_00b_blue_about_hanako,7,logic,8,1
base\quest\testgym\q115_00b_hanako.scenesolution,q115_00b_blue_about_hanako,8,VFX,15,3
base\quest\testgym\q115_00b_hanako.scenesolution,q115_00b_blue_about_hanako,9,johnny,2,0
base\quest\testgym\q115_00b_hanako.scenesolution,q115_00b_blue_about_hanako,10,idle,3,0
base\quest\testgym\q115_00b_hanako.scenesolution,q115_00b_blue_about_hanako,11,animation,4,2
base\quest\testgym\q115_00b_hanako.scenesolution,q115_00b_blue_about_hanako,12,facial,5,1
base\quest\testgym\q115_00b_hanako.scenesolution,q115_00b_blue_about_hanako,13,lookAt,6,0
base\quest\testgym\q115_00b_hanako.scenesolution,q115_00b_blue_about_hanako,14,logic,8,0
base\quest\testgym\q115_00b_hanako.scenesolution,q115_00b_blue_about_hanako,15,Player,2,0
base\quest\testgym\q115_00b_hanako.scenesolution,q115_00b_blue_about_hanako,16,idle,3,0
base\quest\testgym\q115_00b_hanako.scenesolution,q115_00b_blue_about_hanako,17,animation,4,0
base\quest\testgym\q115_00b_hanako.scenesolution,q115_00b_blue_about_hanako,18,facial,5,0
base\quest\testgym\q115_00b_hanako.scenesolution,q115_00b_blue_about_hanako,19,lookAt,6,0
base\quest\testgym\q115_00b_hanako.scenesolution,q115_00b_blue_about_hanako,20,logic,8,2
base\quest\testgym\q115_00b_hanako.scenesolution,q115_00b_shut_up_johnny,1,dialog lines,1,1
base\quest\testgym\q115_00b_hanako.scenesolution,q115_00b_shut_up_johnny,2,johnny,2,0
base\quest\testgym\q115_00b_hanako.scenesolution,q115_00b_shut_up_johnny,3,idle,3,0
base\quest\testgym\q115_00b_hanako.scenesolution,q115_00b_shut_up_johnny,4,animation,4,0
base\quest\testgym\q115_00b_hanako.scenesolution,q115_00b_shut_up_johnny,5,facial,5,0
base\quest\testgym\q115_00b_hanako.scenesolution,q115_00b_shut_up_johnny,6,lookAt,6,1
base\quest\testgym\q115_00b_hanako.scenesolution,q115_00b_shut_up_johnny,7,logic,8,1
base\quest\testgym\q115_00b_hanako.scenesolution,q115_00b_what_do_u_mean,1,dialog lines,1,3
base\quest\testgym\q115_00b_hanako.scenesolution,q115_00b_what_do_u_mean,2,Player,2,0
base\quest\testgym\q115_00b_hanako.scenesolution,q115_00b_what_do_u_mean,3,idle,3,0
base\quest\testgym\q115_00b_hanako.scenesolution,q115_00b_what_do_u_mean,4,animation,4,0
base\quest\testgym\q115_00b_hanako.scenesolution,q115_00b_what_do_u_mean,5,facial,5,0
base\quest\testgym\q115_00b_hanako.scenesolution,q115_00b_what_do_u_mean,6,lookAt,6,0
base\quest\testgym\q115_00b_hanako.scenesolution,q115_00b_what_do_u_mean,7,logic,8,0
base\quest\testgym\q115_00b_hanako.scenesolution,q115_00b_what_do_u_mean,8,johnny,2,0
base\quest\testgym\q115_00b_hanako.scenesolution,q115_00b_what_do_u_mean,9,idle,3,0
base\quest\testgym\q115_00b_hanako.scenesolution,q115_00b_what_do_u_mean,10,animation,4,0
base\quest\testgym\q115_00b_hanako.scenesolution,q115_00b_what_do_u_mean,11,facial,5,0
base\quest\testgym\q115_00b_hanako.scenesolution,q115_00b_what_do_u_mean,12,lookAt,6,0
base\quest\testgym\q115_00b_hanako.scenesolution,q115_00b_what_do_u_mean,13,logic,8,0
base\quest\testgym\q115_00b_hanako.scenesolution,q115_00b_what_do_u_mean,14,hanako,2,0
base\quest\testgym\q115_00b_hanako.scenesolution,q115_00b_what_do_u_mean,15,idle,3,1
base\quest\testgym\q115_00b_hanako.scenesolution,q115_00b_what_do_u_mean,16,animation,4,2
base\quest\testgym\q115_00b_hanako.scenesolution,q115_00b_what_do_u_mean,17,facial,5,2
base\quest\testgym\q115_00b_hanako.scenesolution,q115_00b_what_do_u_mean,18,lookAt,6,2
base\quest\testgym\q115_00b_hanako.scenesolution,q115_00b_what_do_u_mean,19,logic,8,1
base\quest\testgym\q115_00b_hanako.scenesolution,q115_00b_angry_mean,1,dialog lines,1,3
base\quest\testgym\q115_00b_hanako.scenesolution,q115_00b_angry_mean,2,hanako,2,0
base\quest\testgym\q115_00b_hanako.scenesolution,q115_00b_angry_mean,3,idle,3,1
base\quest\testgym\q115_00b_hanako.scenesolution,q115_00b_angry_mean,4,animation,4,2
base\quest\testgym\q115_00b_hanako.scenesolution,q115_00b_angry_mean,5,facial,5,2
base\quest\testgym\q115_00b_hanako.scenesolution,q115_00b_angry_mean,6,lookAt,6,2
base\quest\testgym\q115_00b_hanako.scenesolution,q115_00b_angry_mean,7,logic,8,0
base\quest\testgym\q115_00b_hanako.scenesolution,q115_00b_angry_mean,8,johnny,2,0
base\quest\testgym\q115_00b_hanako.scenesolution,q115_00b_angry_mean,9,idle,3,0
base\quest\testgym\q115_00b_hanako.scenesolution,q115_00b_angry_mean,10,animation,4,0
base\quest\testgym\q115_00b_hanako.scenesolution,q115_00b_angry_mean,11,facial,5,0
base\quest\testgym\q115_00b_hanako.scenesolution,q115_00b_angry_mean,12,lookAt,6,0
base\quest\testgym\q115_00b_hanako.scenesolution,q115_00b_angry_mean,13,logic,8,1
base\quest\testgym\q115_00b_hanako.scenesolution,q115_00b_disturbing_conlusion,1,dialog lines,1,1
base\quest\testgym\q115_00b_hanako.scenesolution,q115_00b_disturbing_conlusion,2,johnny,2,0
base\quest\testgym\q115_00b_hanako.scenesolution,q115_00b_disturbing_conlusion,3,idle,3,1
base\quest\testgym\q115_00b_hanako.scenesolution,q115_00b_disturbing_conlusion,4,animation,4,1
base\quest\testgym\q115_00b_hanako.scenesolution,q115_00b_disturbing_conlusion,5,facial,5,1
base\quest\testgym\q115_00b_hanako.scenesolution,q115_00b_disturbing_conlusion,6,lookAt,6,2
base\quest\testgym\q115_00b_hanako.scenesolution,q115_00b_disturbing_conlusion,7,logic,8,2
base\quest\testgym\q115_00b_hanako.scenesolution,q115_00b_disturbing_conlusion,8,Player,2,0
base\quest\testgym\q115_00b_hanako.scenesolution,q115_00b_disturbing_conlusion,9,idle,3,0
base\quest\testgym\q115_00b_hanako.scenesolution,q115_00b_disturbing_conlusion,10,animation,4,0
base\quest\testgym\q115_00b_hanako.scenesolution,q115_00b_disturbing_conlusion,11,facial,5,0
base\quest\testgym\q115_00b_hanako.scenesolution,q115_00b_disturbing_conlusion,12,lookAt,6,0
base\quest\testgym\q115_00b_hanako.scenesolution,q115_00b_disturbing_conlusion,13,logic,8,0
base\quest\testgym\q115_00b_hanako.scenesolution,q115_00b_johnny_pissed,1,dialog lines,1,1
base\quest\testgym\q115_00b_hanako.scenesolution,q115_00b_johnny_pissed,2,johnny,2,0
base\quest\testgym\q115_00b_hanako.scenesolution,q115_00b_johnny_pissed,3,idle,3,1
base\quest\testgym\q115_00b_hanako.scenesolution,q115_00b_johnny_pissed,4,animation,4,0
base\quest\testgym\q115_00b_hanako.scenesolution,q115_00b_johnny_pissed,5,facial,5,1
base\quest\testgym\q115_00b_hanako.scenesolution,q115_00b_johnny_pissed,6,lookAt,6,1
base\quest\testgym\q115_00b_hanako.scenesolution,q115_00b_johnny_pissed,7,logic,8,1
base\quest\testgym\q115_00b_hanako.scenesolution,q115_00b_waitress,1,dialog lines,1,1
base\quest\testgym\q115_00b_hanako.scenesolution,q115_00b_waitress,2,waitress,2,0
base\quest\testgym\q115_00b_hanako.scenesolution,q115_00b_waitress,3,idle,3,0
base\quest\testgym\q115_00b_hanako.scenesolution,q115_00b_waitress,4,animation,4,1
base\quest\testgym\q115_00b_hanako.scenesolution,q115_00b_waitress,5,facial,5,0
base\quest\testgym\q115_00b_hanako.scenesolution,q115_00b_waitress,6,lookAt,6,0
base\quest\testgym\q115_00b_hanako.scenesolution,q115_00b_waitress,7,logic,8,0
base\quest\testgym\q115_00b_hanako.scenesolution,q115_00b_waitress,8,bartender,2,0
base\quest\testgym\q115_00b_hanako.scenesolution,q115_00b_waitress,9,idle,3,0
base\quest\testgym\q115_00b_hanako.scenesolution,q115_00b_waitress,10,animation,4,1
base\quest\testgym\q115_00b_hanako.scenesolution,q115_00b_waitress,11,facial,5,0
base\quest\testgym\q115_00b_hanako.scenesolution,q115_00b_waitress,12,lookAt,6,0
base\quest\testgym\q115_00b_hanako.scenesolution,q115_00b_waitress,13,logic,8,0
base\quest\testgym\q115_00b_hanako.scenesolution,q115_00b_hanako_inital_pose,1,dialog lines,1,1
base\quest\testgym\q115_00b_hanako.scenesolution,q115_00b_hanako_inital_pose,2,hanako,2,0
base\quest\testgym\q115_00b_hanako.scenesolution,q115_00b_hanako_inital_pose,3,idle,3,1
base\quest\testgym\q115_00b_hanako.scenesolution,q115_00b_hanako_inital_pose,4,animation,4,0
base\quest\testgym\q115_00b_hanako.scenesolution,q115_00b_hanako_inital_pose,5,facial,5,1
base\quest\testgym\q115_00b_hanako.scenesolution,q115_00b_hanako_inital_pose,6,lookAt,6,1
base\quest\testgym\q115_00b_hanako.scenesolution,q115_00b_hanako_inital_pose,7,logic,8,0
base\quest\testgym\q115_00b_hanako.scenesolution,q115_00b_hanako_inital_pose,8,waitress,2,0
base\quest\testgym\q115_00b_hanako.scenesolution,q115_00b_hanako_inital_pose,9,idle,3,0
base\quest\testgym\q115_00b_hanako.scenesolution,q115_00b_hanako_inital_pose,10,animation,4,0
base\quest\testgym\q115_00b_hanako.scenesolution,q115_00b_hanako_inital_pose,11,facial,5,0
base\quest\testgym\q115_00b_hanako.scenesolution,q115_00b_hanako_inital_pose,12,lookAt,6,0
base\quest\testgym\q115_00b_hanako.scenesolution,q115_00b_hanako_inital_pose,13,logic,8,0
base\quest\testgym\q115_00b_hanako.scenesolution,q115_00b_hanako_inital_pose,14,guard_01,2,0
base\quest\testgym\q115_00b_hanako.scenesolution,q115_00b_hanako_inital_pose,15,idle,3,0
base\quest\testgym\q115_00b_hanako.scenesolution,q115_00b_hanako_inital_pose,16,animation,4,0
base\quest\testgym\q115_00b_hanako.scenesolution,q115_00b_hanako_inital_pose,17,facial,5,0
base\quest\testgym\q115_00b_hanako.scenesolution,q115_00b_hanako_inital_pose,18,lookAt,6,1
base\quest\testgym\q115_00b_hanako.scenesolution,q115_00b_hanako_inital_pose,19,logic,8,0
base\quest\testgym\q115_00b_hanako.scenesolution,q115_00b_johnny_comment_02,1,dialog lines,1,1
base\quest\testgym\q115_00b_hanako.scenesolution,q115_00b_johnny_comment_02,2,johnny,2,0
base\quest\testgym\q115_00b_hanako.scenesolution,q115_00b_johnny_comment_02,3,idle,3,0
base\quest\testgym\q115_00b_hanako.scenesolution,q115_00b_johnny_comment_02,4,animation,4,1
base\quest\testgym\q115_00b_hanako.scenesolution,q115_00b_johnny_comment_02,5,facial,5,0
base\quest\testgym\q115_00b_hanako.scenesolution,q115_00b_johnny_comment_02,6,lookAt,6,2
base\quest\testgym\q115_00b_hanako.scenesolution,q115_00b_johnny_comment_02,7,logic,8,1
base\quest\testgym\q115_00b_hanako.scenesolution,q115_00b_johnny_comment_03,1,dialog lines,1,1
base\quest\testgym\q115_00b_hanako.scenesolution,q115_00b_johnny_comment_03,2,johnny,2,0
base\quest\testgym\q115_00b_hanako.scenesolution,q115_00b_johnny_comment_03,3,idle,3,0
base\quest\testgym\q115_00b_hanako.scenesolution,q115_00b_johnny_comment_03,4,animation,4,1
base\quest\testgym\q115_00b_hanako.scenesolution,q115_00b_johnny_comment_03,5,facial,5,1
base\quest\testgym\q115_00b_hanako.scenesolution,q115_00b_johnny_comment_03,6,lookAt,6,2
base\quest\testgym\q115_00b_hanako.scenesolution,q115_00b_johnny_comment_03,7,logic,8,2
base\quest\testgym\q115_00b_hanako.scenesolution,q115_00b_johnny_comment_04,1,dialog lines,1,1
base\quest\testgym\q115_00b_hanako.scenesolution,q115_00b_johnny_comment_04,2,johnny,2,0
base\quest\testgym\q115_00b_hanako.scenesolution,q115_00b_johnny_comment_04,3,idle,3,1
base\quest\testgym\q115_00b_hanako.scenesolution,q115_00b_johnny_comment_04,4,animation,4,0
base\quest\testgym\q115_00b_hanako.scenesolution,q115_00b_johnny_comment_04,5,facial,5,1
base\quest\testgym\q115_00b_hanako.scenesolution,q115_00b_johnny_comment_04,6,lookAt,6,2
base\quest\testgym\q115_00b_hanako.scenesolution,q115_00b_johnny_comment_04,7,logic,8,1
base\quest\testgym\q115_00b_hanako.scenesolution,q115_00b_hanako_sama,1,dialog lines,1,3
base\quest\testgym\q115_00b_hanako.scenesolution,q115_00b_hanako_sama,2,hanako,2,0
base\quest\testgym\q115_00b_hanako.scenesolution,q115_00b_hanako_sama,3,idle,3,1
base\quest\testgym\q115_00b_hanako.scenesolution,q115_00b_hanako_sama,4,animation,4,1
base\quest\testgym\q115_00b_hanako.scenesolution,q115_00b_hanako_sama,5,facial,5,0
base\quest\testgym\q115_00b_hanako.scenesolution,q115_00b_hanako_sama,6,lookAt,6,0
base\quest\testgym\q115_00b_hanako.scenesolution,q115_00b_hanako_sama,7,logic,8,1
base\quest\testgym\q115_00b_hanako.scenesolution,q115_00b_hanako_sama,8,Player,2,0
base\quest\testgym\q115_00b_hanako.scenesolution,q115_00b_hanako_sama,9,idle,3,0
base\quest\testgym\q115_00b_hanako.scenesolution,q115_00b_hanako_sama,10,animation,4,0
base\quest\testgym\q115_00b_hanako.scenesolution,q115_00b_hanako_sama,11,facial,5,0
base\quest\testgym\q115_00b_hanako.scenesolution,q115_00b_hanako_sama,12,lookAt,6,0
base\quest\testgym\q115_00b_hanako.scenesolution,q115_00b_hanako_sama,13,logic,8,0
base\quest\testgym\q115_00b_hanako.scenesolution,q115_00b_johnny_reaction,1,dialog lines,1,1
base\quest\testgym\q115_00b_hanako.scenesolution,q115_00b_johnny_reaction,2,johnny,2,0
base\quest\testgym\q115_00b_hanako.scenesolution,q115_00b_johnny_reaction,3,idle,3,0
base\quest\testgym\q115_00b_hanako.scenesolution,q115_00b_johnny_reaction,4,animation,4,1
base\quest\testgym\q115_00b_hanako.scenesolution,q115_00b_johnny_reaction,5,facial,5,1
base\quest\testgym\q115_00b_hanako.scenesolution,q115_00b_johnny_reaction,6,lookAt,6,2
base\quest\testgym\q115_00b_hanako.scenesolution,q115_00b_johnny_reaction,7,logic,8,0
base\quest\testgym\q115_00b_hanako.scenesolution,q115_00b_greeting,1,dialog lines,1,1
base\quest\testgym\q115_00b_hanako.scenesolution,q115_00b_greeting,2,hanako,2,0
base\quest\testgym\q115_00b_hanako.scenesolution,q115_00b_greeting,3,idle,3,0
base\quest\testgym\q115_00b_hanako.scenesolution,q115_00b_greeting,4,animation,4,0
base\quest\testgym\q115_00b_hanako.scenesolution,q115_00b_greeting,5,facial,5,0
base\quest\testgym\q115_00b_hanako.scenesolution,q115_00b_greeting,6,lookAt,6,0
base\quest\testgym\q115_00b_hanako.scenesolution,q115_00b_greeting,7,logic,8,1
base\quest\testgym\q115_00b_hanako.scenesolution,q115_00b_power_conclusion,1,dialog lines,1,1
base\quest\testgym\q115_00b_hanako.scenesolution,q115_00b_power_conclusion,2,johnny,2,0
base\quest\testgym\q115_00b_hanako.scenesolution,q115_00b_power_conclusion,3,idle,3,1
base\quest\testgym\q115_00b_hanako.scenesolution,q115_00b_power_conclusion,4,animation,4,0
base\quest\testgym\q115_00b_hanako.scenesolution,q115_00b_power_conclusion,5,facial,5,0
base\quest\testgym\q115_00b_hanako.scenesolution,q115_00b_power_conclusion,6,lookAt,6,0
base\quest\testgym\q115_00b_hanako.scenesolution,q115_00b_power_conclusion,7,logic,8,0
base\quest\testgym\q115_00b_hanako.scenesolution,q115_00b_power_conclusion,8,hanako,2,0
base\quest\testgym\q115_00b_hanako.scenesolution,q115_00b_power_conclusion,9,idle,3,0
base\quest\testgym\q115_00b_hanako.scenesolution,q115_00b_power_conclusion,10,animation,4,0
base\quest\testgym\q115_00b_hanako.scenesolution,q115_00b_power_conclusion,11,facial,5,1
base\quest\testgym\q115_00b_hanako.scenesolution,q115_00b_power_conclusion,12,lookAt,6,0
base\quest\testgym\q115_00b_hanako.scenesolution,q115_00b_power_conclusion,13,logic,8,1
base\quest\testgym\q115_00b_hanako.scenesolution,q115_00b_johnny_pissed_02,1,dialog lines,1,1
base\quest\testgym\q115_00b_hanako.scenesolution,q115_00b_johnny_pissed_02,2,johnny,2,0
base\quest\testgym\q115_00b_hanako.scenesolution,q115_00b_johnny_pissed_02,3,idle,3,1
base\quest\testgym\q115_00b_hanako.scenesolution,q115_00b_johnny_pissed_02,4,animation,4,1
base\quest\testgym\q115_00b_hanako.scenesolution,q115_00b_johnny_pissed_02,5,facial,5,1
base\quest\testgym\q115_00b_hanako.scenesolution,q115_00b_johnny_pissed_02,6,lookAt,6,2
base\quest\testgym\q115_00b_hanako.scenesolution,q115_00b_johnny_pissed_02,7,logic,8,1
base\quest\testgym\q115_00b_hanako.scenesolution,q115_00b_johnny_pissed_lookat_reaction,1,dialog lines,1,1
base\quest\testgym\q115_00b_hanako.scenesolution,q115_00b_johnny_pissed_lookat_reaction,2,johnny,2,0
base\quest\testgym\q115_00b_hanako.scenesolution,q115_00b_johnny_pissed_lookat_reaction,3,idle,3,0
base\quest\testgym\q115_00b_hanako.scenesolution,q115_00b_johnny_pissed_lookat_reaction,4,animation,4,0
base\quest\testgym\q115_00b_hanako.scenesolution,q115_00b_johnny_pissed_lookat_reaction,5,facial,5,0
base\quest\testgym\q115_00b_hanako.scenesolution,q115_00b_johnny_pissed_lookat_reaction,6,lookAt,6,1
base\quest\testgym\q115_00b_hanako.scenesolution,q115_00b_johnny_pissed_lookat_reaction,7,logic,8,1
base\quest\testgym\q115_00b_hanako.scenesolution,q115_00b_johnny_restaurant_crew_comment,1,dialog lines,1,1
base\quest\testgym\q115_00b_hanako.scenesolution,q115_00b_johnny_restaurant_crew_comment,2,johnny,2,0
base\quest\testgym\q115_00b_hanako.scenesolution,q115_00b_johnny_restaurant_crew_comment,3,idle,3,0
base\quest\testgym\q115_00b_hanako.scenesolution,q115_00b_johnny_restaurant_crew_comment,4,animation,4,0
base\quest\testgym\q115_00b_hanako.scenesolution,q115_00b_johnny_restaurant_crew_comment,5,facial,5,0
base\quest\testgym\q115_00b_hanako.scenesolution,q115_00b_johnny_restaurant_crew_comment,6,lookAt,6,2
base\quest\testgym\q115_00b_hanako.scenesolution,q115_00b_johnny_restaurant_crew_comment,7,logic,8,0
base\quest\testgym\q115_00b_hanako.scenesolution,q115_00b_relax_johnny,1,dialog lines,1,1
base\quest\testgym\q115_00b_hanako.scenesolution,q115_00b_relax_johnny,2,johnny,2,0
base\quest\testgym\q115_00b_hanako.scenesolution,q115_00b_relax_johnny,3,idle,3,1
base\quest\testgym\q115_00b_hanako.scenesolution,q115_00b_relax_johnny,4,animation,4,1
base\quest\testgym\q115_00b_hanako.scenesolution,q115_00b_relax_johnny,5,facial,5,1
base\quest\testgym\q115_00b_hanako.scenesolution,q115_00b_relax_johnny,6,lookAt,6,2
base\quest\testgym\q115_00b_hanako.scenesolution,q115_00b_relax_johnny,7,logic,8,0
base\quest\testgym\q115_00b_hanako.scenesolution,q115_00b_no_love_for_corpo,1,dialog lines,1,2
base\quest\testgym\q115_00b_hanako.scenesolution,q115_00b_no_love_for_corpo,2,johnny,2,0
base\quest\testgym\q115_00b_hanako.scenesolution,q115_00b_no_love_for_corpo,3,idle,3,1
base\quest\testgym\q115_00b_hanako.scenesolution,q115_00b_no_love_for_corpo,4,animation,4,0
base\quest\testgym\q115_00b_hanako.scenesolution,q115_00b_no_love_for_corpo,5,facial,5,1
base\quest\testgym\q115_00b_hanako.scenesolution,q115_00b_no_love_for_corpo,6,lookAt,6,0
base\quest\testgym\q115_00b_hanako.scenesolution,q115_00b_no_love_for_corpo,7,logic,8,1
base\quest\testgym\q115_00b_hanako.scenesolution,q115_00b_v_drinking,1,dialog lines,1,1
base\quest\testgym\q115_00b_hanako.scenesolution,q115_00b_v_drinking,2,Player,2,0
base\quest\testgym\q115_00b_hanako.scenesolution,q115_00b_v_drinking,3,idle,3,1
base\quest\testgym\q115_00b_hanako.scenesolution,q115_00b_v_drinking,4,animation,4,0
base\quest\testgym\q115_00b_hanako.scenesolution,q115_00b_v_drinking,5,facial,5,0
base\quest\testgym\q115_00b_hanako.scenesolution,q115_00b_v_drinking,6,lookAt,6,0
base\quest\testgym\q115_00b_hanako.scenesolution,q115_00b_v_drinking,7,logic,8,4
base\quest\testgym\q115_00b_hanako.scenesolution,q115_00b_v_drinking,8,VFX,15,2
base\quest\testgym\q115_00b_hanako.scenesolution,q115_00b_v_drinking,9,VFX (1),15,0
base\quest\testgym\q115_00b_hanako.scenesolution,q115_00b_v_drinking,10,hanako,2,0
base\quest\testgym\q115_00b_hanako.scenesolution,q115_00b_v_drinking,11,idle,3,0
base\quest\testgym\q115_00b_hanako.scenesolution,q115_00b_v_drinking,12,animation,4,0
base\quest\testgym\q115_00b_hanako.scenesolution,q115_00b_v_drinking,13,facial,5,0
base\quest\testgym\q115_00b_hanako.scenesolution,q115_00b_v_drinking,14,lookAt,6,2
base\quest\testgym\q115_00b_hanako.scenesolution,q115_00b_v_drinking,15,logic,8,0
base\quest\testgym\q115_00b_hanako.scenesolution,q115_00b_v_drinking,16,logic (1),8,1
base\quest\testgym\q115_00b_hanako.scenesolution,q115_00b_v_getting_from_the_bar,1,dialog lines,1,1
base\quest\testgym\q115_00b_hanako.scenesolution,q115_00b_v_getting_from_the_bar,2,Player,2,0
base\quest\testgym\q115_00b_hanako.scenesolution,q115_00b_v_getting_from_the_bar,3,idle,3,0
base\quest\testgym\q115_00b_hanako.scenesolution,q115_00b_v_getting_from_the_bar,4,animation,4,0
base\quest\testgym\q115_00b_hanako.scenesolution,q115_00b_v_getting_from_the_bar,5,facial,5,0
base\quest\testgym\q115_00b_hanako.scenesolution,q115_00b_v_getting_from_the_bar,6,lookAt,6,0
base\quest\testgym\q115_00b_hanako.scenesolution,q115_00b_v_getting_from_the_bar,7,logic,8,0
base\quest\testgym\q115_00b_hanako.scenesolution,q115_00b_v_getting_from_the_bar,8,hanako,2,0
base\quest\testgym\q115_00b_hanako.scenesolution,q115_00b_v_getting_from_the_bar,9,idle,3,0
base\quest\testgym\q115_00b_hanako.scenesolution,q115_00b_v_getting_from_the_bar,10,animation,4,0
base\quest\testgym\q115_00b_hanako.scenesolution,q115_00b_v_getting_from_the_bar,11,facial,5,0
base\quest\testgym\q115_00b_hanako.scenesolution,q115_00b_v_getting_from_the_bar,12,lookAt,6,0
base\quest\testgym\q115_00b_hanako.scenesolution,q115_00b_v_getting_from_the_bar,13,logic,8,0
base\quest\testgym\q115_00b_hanako.scenesolution,q115_00b_v_getting_from_the_bar,14,VFX,15,1
base\quest\testgym\q115_00b_hanako.scenesolution,q115_00b_v_getting_from_the_bar_2,1,dialog lines,1,1
base\quest\testgym\q115_00b_hanako.scenesolution,q115_00b_v_getting_from_the_bar_2,2,Player,2,0
base\quest\testgym\q115_00b_hanako.scenesolution,q115_00b_v_getting_from_the_bar_2,3,idle,3,0
base\quest\testgym\q115_00b_hanako.scenesolution,q115_00b_v_getting_from_the_bar_2,4,animation,4,0
base\quest\testgym\q115_00b_hanako.scenesolution,q115_00b_v_getting_from_the_bar_2,5,facial,5,0
base\quest\testgym\q115_00b_hanako.scenesolution,q115_00b_v_getting_from_the_bar_2,6,lookAt,6,0
base\quest\testgym\q115_00b_hanako.scenesolution,q115_00b_v_getting_from_the_bar_2,7,logic,8,0
base\quest\testgym\q115_00b_hanako.scenesolution,q115_00b_v_getting_from_the_bar_2,8,hanako,2,0
base\quest\testgym\q115_00b_hanako.scenesolution,q115_00b_v_getting_from_the_bar_2,9,idle,3,0
base\quest\testgym\q115_00b_hanako.scenesolution,q115_00b_v_getting_from_the_bar_2,10,animation,4,0
base\quest\testgym\q115_00b_hanako.scenesolution,q115_00b_v_getting_from_the_bar_2,11,facial,5,0
base\quest\testgym\q115_00b_hanako.scenesolution,q115_00b_v_getting_from_the_bar_2,12,lookAt,6,0
base\quest\testgym\q115_00b_hanako.scenesolution,q115_00b_v_getting_from_the_bar_2,13,logic,8,0
base\quest\testgym\q115_00b_hanako.scenesolution,q115_00b_v_getting_from_the_bar_2,14,VFX,15,1
base\quest\testgym\q115_00b_hanako.scenesolution,q115_00b_player_sitting_animation,1,dialog lines,1,1
base\quest\testgym\q115_00b_hanako.scenesolution,q115_00b_player_sitting_animation,2,Player,2,0
base\quest\testgym\q115_00b_hanako.scenesolution,q115_00b_player_sitting_animation,3,idle,3,1
base\quest\testgym\q115_00b_hanako.scenesolution,q115_00b_player_sitting_animation,4,animation,4,0
base\quest\testgym\q115_00b_hanako.scenesolution,q115_00b_player_sitting_animation,5,facial,5,0
base\quest\testgym\q115_00b_hanako.scenesolution,q115_00b_player_sitting_animation,6,lookAt,6,1
base\quest\testgym\q115_00b_hanako.scenesolution,q115_00b_player_sitting_animation,7,logic,8,2
base\quest\testgym\q115_00b_hanako.scenesolution,q115_00b_street_guards_lookats,1,dialog lines,1,1
base\quest\testgym\q115_00b_hanako.scenesolution,q115_00b_street_guards_lookats,2,guard_street_01,2,0
base\quest\testgym\q115_00b_hanako.scenesolution,q115_00b_street_guards_lookats,3,idle,3,0
base\quest\testgym\q115_00b_hanako.scenesolution,q115_00b_street_guards_lookats,4,animation,4,0
base\quest\testgym\q115_00b_hanako.scenesolution,q115_00b_street_guards_lookats,5,facial,5,1
base\quest\testgym\q115_00b_hanako.scenesolution,q115_00b_street_guards_lookats,6,lookAt,6,1
base\quest\testgym\q115_00b_hanako.scenesolution,q115_00b_street_guards_lookats,7,logic,8,0
base\quest\testgym\q115_00b_hanako.scenesolution,q115_00b_street_guards_lookats,8,guard_street_02,2,0
base\quest\testgym\q115_00b_hanako.scenesolution,q115_00b_street_guards_lookats,9,idle,3,0
base\quest\testgym\q115_00b_hanako.scenesolution,q115_00b_street_guards_lookats,10,animation,4,0
base\quest\testgym\q115_00b_hanako.scenesolution,q115_00b_street_guards_lookats,11,facial,5,1
base\quest\testgym\q115_00b_hanako.scenesolution,q115_00b_street_guards_lookats,12,lookAt,6,1
base\quest\testgym\q115_00b_hanako.scenesolution,q115_00b_street_guards_lookats,13,logic,8,0
base\quest\testgym\q115_00b_hanako.scenesolution,q115_00b_street_guard_movement,1,dialog lines,1,1
base\quest\testgym\q115_00b_hanako.scenesolution,q115_00b_street_guard_movement,2,guard_street_01,2,0
base\quest\testgym\q115_00b_hanako.scenesolution,q115_00b_street_guard_movement,3,idle,3,0
base\quest\testgym\q115_00b_hanako.scenesolution,q115_00b_street_guard_movement,4,animation,4,0
base\quest\testgym\q115_00b_hanako.scenesolution,q115_00b_street_guard_movement,5,facial,5,0
base\quest\testgym\q115_00b_hanako.scenesolution,q115_00b_street_guard_movement,6,lookAt,6,0
base\quest\testgym\q115_00b_hanako.scenesolution,q115_00b_street_guard_movement,7,logic,8,2
base\quest\testgym\q115_00b_hanako.scenesolution,q115_00b_street_guard_movement,8,guard_street_02,2,0
base\quest\testgym\q115_00b_hanako.scenesolution,q115_00b_street_guard_movement,9,idle,3,0
base\quest\testgym\q115_00b_hanako.scenesolution,q115_00b_street_guard_movement,10,animation,4,1
base\quest\testgym\q115_00b_hanako.scenesolution,q115_00b_street_guard_movement,11,facial,5,0
base\quest\testgym\q115_00b_hanako.scenesolution,q115_00b_street_guard_movement,12,lookAt,6,2
base\quest\testgym\q115_00b_hanako.scenesolution,q115_00b_street_guard_movement,13,logic,8,0
base\quest\testgym\q115_00b_hanako.scenesolution,q115_00b_johnny_walking_into_frame,1,dialog lines,1,1
base\quest\testgym\q115_00b_hanako.scenesolution,q115_00b_johnny_walking_into_frame,2,johnny,2,0
base\quest\testgym\q115_00b_hanako.scenesolution,q115_00b_johnny_walking_into_frame,3,idle,3,1
base\quest\testgym\q115_00b_hanako.scenesolution,q115_00b_johnny_walking_into_frame,4,animation,4,0
base\quest\testgym\q115_00b_hanako.scenesolution,q115_00b_johnny_walking_into_frame,5,facial,5,0
base\quest\testgym\q115_00b_hanako.scenesolution,q115_00b_johnny_walking_into_frame,6,lookAt,6,0
base\quest\testgym\q115_00b_hanako.scenesolution,q115_00b_johnny_walking_into_frame,7,logic,8,2
base\quest\testgym\q115_00b_hanako.scenesolution,q115_00b_johnny_walking_into_frame_02,1,dialog lines,1,1
base\quest\testgym\q115_00b_hanako.scenesolution,q115_00b_johnny_walking_into_frame_02,2,johnny,2,0
base\quest\testgym\q115_00b_hanako.scenesolution,q115_00b_johnny_walking_into_frame_02,3,idle,3,1
base\quest\testgym\q115_00b_hanako.scenesolution,q115_00b_johnny_walking_into_frame_02,4,animation,4,0
base\quest\testgym\q115_00b_hanako.scenesolution,q115_00b_johnny_walking_into_frame_02,5,facial,5,0
base\quest\testgym\q115_00b_hanako.scenesolution,q115_00b_johnny_walking_into_frame_02,6,lookAt,6,1
base\quest\testgym\q115_00b_hanako.scenesolution,q115_00b_johnny_walking_into_frame_02,7,logic,8,1
base\quest\testgym\q115_00b_hanako.scenesolution,q115_00b_guard_02_nod,1,dialog lines,1,1
base\quest\testgym\q115_00b_hanako.scenesolution,q115_00b_guard_02_nod,2,guard_street_02,2,0
base\quest\testgym\q115_00b_hanako.scenesolution,q115_00b_guard_02_nod,3,idle,3,0
base\quest\testgym\q115_00b_hanako.scenesolution,q115_00b_guard_02_nod,4,animation,4,1
base\quest\testgym\q115_00b_hanako.scenesolution,q115_00b_guard_02_nod,5,facial,5,0
base\quest\testgym\q115_00b_hanako.scenesolution,q115_00b_guard_02_nod,6,lookAt,6,0
base\quest\testgym\q115_00b_hanako.scenesolution,q115_00b_guard_02_nod,7,logic,8,0
base\quest\testgym\q115_00b_hanako.scenesolution,q115_00b_johnny_idle_sitting_in_the_back,1,dialog lines,1,1
base\quest\testgym\q115_00b_hanako.scenesolution,q115_00b_johnny_idle_sitting_in_the_back,2,hanako,2,0
base\quest\testgym\q115_00b_hanako.scenesolution,q115_00b_johnny_idle_sitting_in_the_back,3,idle,3,0
base\quest\testgym\q115_00b_hanako.scenesolution,q115_00b_johnny_idle_sitting_in_the_back,4,animation,4,0
base\quest\testgym\q115_00b_hanako.scenesolution,q115_00b_johnny_idle_sitting_in_the_back,5,facial,5,0
base\quest\testgym\q115_00b_hanako.scenesolution,q115_00b_johnny_idle_sitting_in_the_back,6,lookAt,6,0
base\quest\testgym\q115_00b_hanako.scenesolution,q115_00b_johnny_idle_sitting_in_the_back,7,logic,8,0
base\quest\testgym\q115_00b_hanako.scenesolution,q115_00b_johnny_idle_sitting_in_the_back,8,johnny,2,0
base\quest\testgym\q115_00b_hanako.scenesolution,q115_00b_johnny_idle_sitting_in_the_back,9,idle,3,1
base\quest\testgym\q115_00b_hanako.scenesolution,q115_00b_johnny_idle_sitting_in_the_back,10,animation,4,0
base\quest\testgym\q115_00b_hanako.scenesolution,q115_00b_johnny_idle_sitting_in_the_back,11,facial,5,0
base\quest\testgym\q115_00b_hanako.scenesolution,q115_00b_johnny_idle_sitting_in_the_back,12,lookAt,6,0
base\quest\testgym\q115_00b_hanako.scenesolution,q115_00b_johnny_idle_sitting_in_the_back,13,logic,8,0
base\quest\testgym\q115_00b_hanako.scenesolution,q115_00b_street_guard_to_hanako,1,dialog lines,1,2
base\quest\testgym\q115_00b_hanako.scenesolution,q115_00b_street_guard_to_hanako,2,guard_street_02,2,0
base\quest\testgym\q115_00b_hanako.scenesolution,q115_00b_street_guard_to_hanako,3,idle,3,0
base\quest\testgym\q115_00b_hanako.scenesolution,q115_00b_street_guard_to_hanako,4,animation,4,0
base\quest\testgym\q115_00b_hanako.scenesolution,q115_00b_street_guard_to_hanako,5,facial,5,1
base\quest\testgym\q115_00b_hanako.scenesolution,q115_00b_street_guard_to_hanako,6,lookAt,6,0
base\quest\testgym\q115_00b_hanako.scenesolution,q115_00b_street_guard_to_hanako,7,logic,8,2
base\quest\testgym\q115_00b_hanako.scenesolution,q115_00b_street_guard_to_hanako,8,guard_street_01,2,0
base\quest\testgym\q115_00b_hanako.scenesolution,q115_00b_street_guard_to_hanako,9,idle,3,0
base\quest\testgym\q115_00b_hanako.scenesolution,q115_00b_street_guard_to_hanako,10,animation,4,1
base\quest\testgym\q115_00b_hanako.scenesolution,q115_00b_street_guard_to_hanako,11,facial,5,1
base\quest\testgym\q115_00b_hanako.scenesolution,q115_00b_street_guard_to_hanako,12,lookAt,6,3
base\quest\testgym\q115_00b_hanako.scenesolution,q115_00b_street_guard_to_hanako,13,logic,8,0
base\quest\testgym\q115_00b_hanako.scenesolution,q115_00b_v_getting_from_the_bar_animation,1,dialog lines,1,1
base\quest\testgym\q115_00b_hanako.scenesolution,q115_00b_v_getting_from_the_bar_animation,2,Player,2,0
base\quest\testgym\q115_00b_hanako.scenesolution,q115_00b_v_getting_from_the_bar_animation,3,idle,3,2
base\quest\testgym\q115_00b_hanako.scenesolution,q115_00b_v_getting_from_the_bar_animation,4,animation,4,0
base\quest\testgym\q115_00b_hanako.scenesolution,q115_00b_v_getting_from_the_bar_animation,5,facial,5,1
base\quest\testgym\q115_00b_hanako.scenesolution,q115_00b_v_getting_from_the_bar_animation,6,lookAt,6,2
base\quest\testgym\q115_00b_hanako.scenesolution,q115_00b_v_getting_from_the_bar_animation,7,logic,8,4
base\quest\testgym\q115_00b_hanako.scenesolution,q115_00b_v_getting_from_the_bar_animation,8,hanako,2,0
base\quest\testgym\q115_00b_hanako.scenesolution,q115_00b_v_getting_from_the_bar_animation,9,idle,3,0
base\quest\testgym\q115_00b_hanako.scenesolution,q115_00b_v_getting_from_the_bar_animation,10,animation,4,0
base\quest\testgym\q115_00b_hanako.scenesolution,q115_00b_v_getting_from_the_bar_animation,11,facial,5,1
base\quest\testgym\q115_00b_hanako.scenesolution,q115_00b_v_getting_from_the_bar_animation,12,lookAt,6,0
base\quest\testgym\q115_00b_hanako.scenesolution,q115_00b_v_getting_from_the_bar_animation,13,logic,8,1
base\quest\testgym\q115_00b_hanako.scenesolution,q115_00b_hanako_drinking,1,dialog lines,1,1
base\quest\testgym\q115_00b_hanako.scenesolution,q115_00b_hanako_drinking,2,hanako,2,0
base\quest\testgym\q115_00b_hanako.scenesolution,q115_00b_hanako_drinking,3,idle,3,0
base\quest\testgym\q115_00b_hanako.scenesolution,q115_00b_hanako_drinking,4,animation,4,1
base\quest\testgym\q115_00b_hanako.scenesolution,q115_00b_hanako_drinking,5,facial,5,1
base\quest\testgym\q115_00b_hanako.scenesolution,q115_00b_hanako_drinking,6,facial (1),5,1
base\quest\testgym\q115_00b_hanako.scenesolution,q115_00b_hanako_drinking,7,lookAt,6,2
base\quest\testgym\q115_00b_hanako.scenesolution,q115_00b_hanako_drinking,8,logic,8,0
base\quest\testgym\q115_00b_hanako.scenesolution,q115_00b_hanako_drinking,9,VFX,15,3
base\quest\testgym\q115_00b_hanako.scenesolution,q115_00b_stopping_scenespots,1,dialog lines,1,1
base\quest\testgym\q115_00b_hanako.scenesolution,q115_00b_stopping_scenespots,2,hanako,2,0
base\quest\testgym\q115_00b_hanako.scenesolution,q115_00b_stopping_scenespots,3,idle,3,1
base\quest\testgym\q115_00b_hanako.scenesolution,q115_00b_stopping_scenespots,4,animation,4,0
base\quest\testgym\q115_00b_hanako.scenesolution,q115_00b_stopping_scenespots,5,facial,5,1
base\quest\testgym\q115_00b_hanako.scenesolution,q115_00b_stopping_scenespots,6,lookAt,6,0
base\quest\testgym\q115_00b_hanako.scenesolution,q115_00b_stopping_scenespots,7,logic,8,0
base\quest\testgym\q115_00b_hanako.scenesolution,q115_00b_stopping_scenespots,8,johnny,2,0
base\quest\testgym\q115_00b_hanako.scenesolution,q115_00b_stopping_scenespots,9,idle,3,2
base\quest\testgym\q115_00b_hanako.scenesolution,q115_00b_stopping_scenespots,10,animation,4,0
base\quest\testgym\q115_00b_hanako.scenesolution,q115_00b_stopping_scenespots,11,facial,5,0
base\quest\testgym\q115_00b_hanako.scenesolution,q115_00b_stopping_scenespots,12,lookAt,6,0
base\quest\testgym\q115_00b_hanako.scenesolution,q115_00b_stopping_scenespots,13,logic,8,1
base\quest\testgym\q115_00b_hanako.scenesolution,q115_00b_08,1,dialog lines,1,1
base\quest\testgym\q115_00b_hanako.scenesolution,q115_00b_08,2,guard_02,2,0
base\quest\testgym\q115_00b_hanako.scenesolution,q115_00b_08,3,idle,3,0
base\quest\testgym\q115_00b_hanako.scenesolution,q115_00b_08,4,animation,4,0
base\quest\testgym\q115_00b_hanako.scenesolution,q115_00b_08,5,facial,5,0
base\quest\testgym\q115_00b_hanako.scenesolution,q115_00b_08,6,lookAt,6,0
base\quest\testgym\q115_00b_hanako.scenesolution,q115_00b_08,7,logic,8,0
base\quest\testgym\q115_00b_hanako.scenesolution,q115_00b_08,8,guard_street_02,2,0
base\quest\testgym\q115_00b_hanako.scenesolution,q115_00b_08,9,idle,3,0
base\quest\testgym\q115_00b_hanako.scenesolution,q115_00b_08,10,animation,4,1
base\quest\testgym\q115_00b_hanako.scenesolution,q115_00b_08,11,facial,5,0
base\quest\testgym\q115_00b_hanako.scenesolution,q115_00b_08,12,lookAt,6,2
base\quest\testgym\q115_00b_hanako.scenesolution,q115_00b_08,13,logic,8,1
base\quest\testgym\q115_00b_hanako.scenesolution,q115_00b_guard_01_lookat,1,dialog lines,1,1
base\quest\testgym\q115_00b_hanako.scenesolution,q115_00b_guard_01_lookat,2,guard_01,2,0
base\quest\testgym\q115_00b_hanako.scenesolution,q115_00b_guard_01_lookat,3,idle,3,0
base\quest\testgym\q115_00b_hanako.scenesolution,q115_00b_guard_01_lookat,4,animation,4,0
base\quest\testgym\q115_00b_hanako.scenesolution,q115_00b_guard_01_lookat,5,facial,5,0
base\quest\testgym\q115_00b_hanako.scenesolution,q115_00b_guard_01_lookat,6,lookAt,6,1
base\quest\testgym\q115_00b_hanako.scenesolution,q115_00b_guard_01_lookat,7,logic,8,0
base\quest\testgym\q115_00b_hanako.scenesolution,q115_00b_guard_01_lookat,8,guard_02,2,0
base\quest\testgym\q115_00b_hanako.scenesolution,q115_00b_guard_01_lookat,9,idle,3,0
base\quest\testgym\q115_00b_hanako.scenesolution,q115_00b_guard_01_lookat,10,animation,4,0
base\quest\testgym\q115_00b_hanako.scenesolution,q115_00b_guard_01_lookat,11,facial,5,0
base\quest\testgym\q115_00b_hanako.scenesolution,q115_00b_guard_01_lookat,12,lookAt,6,0
base\quest\testgym\q115_00b_hanako.scenesolution,q115_00b_guard_01_lookat,13,logic,8,0
base\quest\testgym\q115_00b_hanako.scenesolution,q115_00b_guard_animations,1,dialog lines,1,1
base\quest\testgym\q115_00b_hanako.scenesolution,q115_00b_guard_animations,2,guard_02,2,0
base\quest\testgym\q115_00b_hanako.scenesolution,q115_00b_guard_animations,3,idle,3,0
base\quest\testgym\q115_00b_hanako.scenesolution,q115_00b_guard_animations,4,animation,4,0
base\quest\testgym\q115_00b_hanako.scenesolution,q115_00b_guard_animations,5,facial,5,1
base\quest\testgym\q115_00b_hanako.scenesolution,q115_00b_guard_animations,6,lookAt,6,0
base\quest\testgym\q115_00b_hanako.scenesolution,q115_00b_guard_animations,7,logic,8,0
base\quest\testgym\q115_00b_hanako.scenesolution,q115_00b_guard_animations,8,guard_01,2,0
base\quest\testgym\q115_00b_hanako.scenesolution,q115_00b_guard_animations,9,idle,3,1
base\quest\testgym\q115_00b_hanako.scenesolution,q115_00b_guard_animations,10,animation,4,0
base\quest\testgym\q115_00b_hanako.scenesolution,q115_00b_guard_animations,11,facial,5,1
base\quest\testgym\q115_00b_hanako.scenesolution,q115_00b_guard_animations,12,lookAt,6,1
base\quest\testgym\q115_00b_hanako.scenesolution,q115_00b_guard_animations,13,logic,8,0
base\quest\testgym\q115_00b_hanako.scenesolution,q115_00b_09,1,dialog lines,1,0
base\quest\testgym\q115_00b_hanako.scenesolution,q115_00b_09,2,johnny,2,0
base\quest\testgym\q115_00b_hanako.scenesolution,q115_00b_09,3,idle,3,1
base\quest\testgym\q115_00b_hanako.scenesolution,q115_00b_09,4,animation,4,0
base\quest\testgym\q115_00b_hanako.scenesolution,q115_00b_09,5,facial,5,0
base\quest\testgym\q115_00b_hanako.scenesolution,q115_00b_09,6,lookAt,6,0
base\quest\testgym\q115_00b_hanako.scenesolution,q115_00b_09,7,logic,8,0
base\quest\testgym\q115_00b_hanako.scenesolution,q115_00b_guard_02_moving_back,1,dialog lines,1,1
base\quest\testgym\q115_00b_hanako.scenesolution,q115_00b_guard_02_moving_back,2,guard_street_02,2,0
base\quest\testgym\q115_00b_hanako.scenesolution,q115_00b_guard_02_moving_back,3,idle,3,1
base\quest\testgym\q115_00b_hanako.scenesolution,q115_00b_guard_02_moving_back,4,animation,4,0
base\quest\testgym\q115_00b_hanako.scenesolution,q115_00b_guard_02_moving_back,5,facial,5,0
base\quest\testgym\q115_00b_hanako.scenesolution,q115_00b_guard_02_moving_back,6,lookAt,6,0
base\quest\testgym\q115_00b_hanako.scenesolution,q115_00b_guard_02_moving_back,7,logic,8,0
base\quest\testgym\q115_00b_hanako.scenesolution,q115_00b_guard_02_moving_back,8,guard_street_01,2,0
base\quest\testgym\q115_00b_hanako.scenesolution,q115_00b_guard_02_moving_back,9,idle,3,1
base\quest\testgym\q115_00b_hanako.scenesolution,q115_00b_guard_02_moving_back,10,animation,4,0
base\quest\testgym\q115_00b_hanako.scenesolution,q115_00b_guard_02_moving_back,11,facial,5,0
base\quest\testgym\q115_00b_hanako.scenesolution,q115_00b_guard_02_moving_back,12,lookAt,6,0
base\quest\testgym\q115_00b_hanako.scenesolution,q115_00b_guard_02_moving_back,13,logic,8,0
base\quest\testgym\q115_00b_hanako.scenesolution,q115_00b_guard_02_to_stand_hands_back,1,dialog lines,1,1
base\quest\testgym\q115_00b_hanako.scenesolution,q115_00b_guard_02_to_stand_hands_back,2,guard_01,2,0
base\quest\testgym\q115_00b_hanako.scenesolution,q115_00b_guard_02_to_stand_hands_back,3,idle,3,0
base\quest\testgym\q115_00b_hanako.scenesolution,q115_00b_guard_02_to_stand_hands_back,4,animation,4,0
base\quest\testgym\q115_00b_hanako.scenesolution,q115_00b_guard_02_to_stand_hands_back,5,facial,5,0
base\quest\testgym\q115_00b_hanako.scenesolution,q115_00b_guard_02_to_stand_hands_back,6,lookAt,6,0
base\quest\testgym\q115_00b_hanako.scenesolution,q115_00b_guard_02_to_stand_hands_back,7,logic,8,0
base\quest\testgym\q115_00b_hanako.scenesolution,q115_00b_guard_02_to_stand_hands_back,8,guard_02,2,0
base\quest\testgym\q115_00b_hanako.scenesolution,q115_00b_guard_02_to_stand_hands_back,9,idle,3,1
base\quest\testgym\q115_00b_hanako.scenesolution,q115_00b_guard_02_to_stand_hands_back,10,animation,4,0
base\quest\testgym\q115_00b_hanako.scenesolution,q115_00b_guard_02_to_stand_hands_back,11,facial,5,0
base\quest\testgym\q115_00b_hanako.scenesolution,q115_00b_guard_02_to_stand_hands_back,12,lookAt,6,0
base\quest\testgym\q115_00b_hanako.scenesolution,q115_00b_guard_02_to_stand_hands_back,13,logic,8,0
base\quest\testgym\q115_00b_hanako.scenesolution,q115_00b_AV_sfx,1,dialog lines,1,1
base\quest\testgym\q115_00b_hanako.scenesolution,q115_00b_AV_sfx,2,SFX,14,1
base\quest\testgym\q115_00b_hanako.scenesolution,q115_00b_AV_sfx,3,hanako,2,0
base\quest\testgym\q115_00b_hanako.scenesolution,q115_00b_AV_sfx,4,idle,3,0
base\quest\testgym\q115_00b_hanako.scenesolution,q115_00b_AV_sfx,5,animation,4,0
base\quest\testgym\q115_00b_hanako.scenesolution,q115_00b_AV_sfx,6,facial,5,0
base\quest\testgym\q115_00b_hanako.scenesolution,q115_00b_AV_sfx,7,lookAt,6,0
base\quest\testgym\q115_00b_hanako.scenesolution,q115_00b_AV_sfx,8,logic,8,0
base\quest\testgym\q115_00b_hanako.scenesolution,q115_00b_guard_02_ending_scenespot,1,dialog lines,1,1
base\quest\testgym\q115_00b_hanako.scenesolution,q115_00b_guard_02_ending_scenespot,2,guard_02,2,0
base\quest\testgym\q115_00b_hanako.scenesolution,q115_00b_guard_02_ending_scenespot,3,idle,3,1
base\quest\testgym\q115_00b_hanako.scenesolution,q115_00b_guard_02_ending_scenespot,4,animation,4,0
base\quest\testgym\q115_00b_hanako.scenesolution,q115_00b_guard_02_ending_scenespot,5,facial,5,0
base\quest\testgym\q115_00b_hanako.scenesolution,q115_00b_guard_02_ending_scenespot,6,lookAt,6,0
base\quest\testgym\q115_00b_hanako.scenesolution,q115_00b_guard_02_ending_scenespot,7,logic,8,0
base\quest\testgym\q115_00b_hanako.scenesolution,q115_00b_guard_01_ending_scenespot,1,dialog lines,1,1
base\quest\testgym\q115_00b_hanako.scenesolution,q115_00b_guard_01_ending_scenespot,2,guard_01,2,0
base\quest\testgym\q115_00b_hanako.scenesolution,q115_00b_guard_01_ending_scenespot,3,idle,3,2
base\quest\testgym\q115_00b_hanako.scenesolution,q115_00b_guard_01_ending_scenespot,4,animation,4,0
base\quest\testgym\q115_00b_hanako.scenesolution,q115_00b_guard_01_ending_scenespot,5,facial,5,0
base\quest\testgym\q115_00b_hanako.scenesolution,q115_00b_guard_01_ending_scenespot,6,lookAt,6,0
base\quest\testgym\q115_00b_hanako.scenesolution,q115_00b_guard_01_ending_scenespot,7,logic,8,0
base\quest\testgym\q115_00b_hanako.scenesolution,q115_00b_guard_02_backtopose,1,dialog lines,1,1
base\quest\testgym\q115_00b_hanako.scenesolution,q115_00b_guard_02_backtopose,2,guard_02,2,0
base\quest\testgym\q115_00b_hanako.scenesolution,q115_00b_guard_02_backtopose,3,idle,3,1
base\quest\testgym\q115_00b_hanako.scenesolution,q115_00b_guard_02_backtopose,4,animation,4,0
base\quest\testgym\q115_00b_hanako.scenesolution,q115_00b_guard_02_backtopose,5,facial,5,1
base\quest\testgym\q115_00b_hanako.scenesolution,q115_00b_guard_02_backtopose,6,lookAt,6,2
base\quest\testgym\q115_00b_hanako.scenesolution,q115_00b_guard_02_backtopose,7,logic,8,0
base\quest\testgym\q115_00b_hanako.scenesolution,q115_00b_guard_02_backtopose,8,guard_01,2,0
base\quest\testgym\q115_00b_hanako.scenesolution,q115_00b_guard_02_backtopose,9,idle,3,1
base\quest\testgym\q115_00b_hanako.scenesolution,q115_00b_guard_02_backtopose,10,animation,4,0
base\quest\testgym\q115_00b_hanako.scenesolution,q115_00b_guard_02_backtopose,11,facial,5,1
base\quest\testgym\q115_00b_hanako.scenesolution,q115_00b_guard_02_backtopose,12,lookAt,6,0
base\quest\testgym\q115_00b_hanako.scenesolution,q115_00b_guard_02_backtopose,13,logic,8,0
base\quest\testgym\q115_00b_hanako.scenesolution,q115_00b_hanako_pose,1,dialog lines,1,1
base\quest\testgym\q115_00b_hanako.scenesolution,q115_00b_hanako_pose,2,hanako,2,0
base\quest\testgym\q115_00b_hanako.scenesolution,q115_00b_hanako_pose,3,idle,3,0
base\quest\testgym\q115_00b_hanako.scenesolution,q115_00b_hanako_pose,4,animation,4,1
base\quest\testgym\q115_00b_hanako.scenesolution,q115_00b_hanako_pose,5,facial,5,0
base\quest\testgym\q115_00b_hanako.scenesolution,q115_00b_hanako_pose,6,lookAt,6,0
base\quest\testgym\q115_00b_hanako.scenesolution,q115_00b_hanako_pose,7,logic,8,2
base\quest\testgym\q115_00b_hanako.scenesolution,q115_00b_johnny_by_the_stairs,1,dialog lines,1,1
base\quest\testgym\q115_00b_hanako.scenesolution,q115_00b_johnny_by_the_stairs,2,johnny,2,0
base\quest\testgym\q115_00b_hanako.scenesolution,q115_00b_johnny_by_the_stairs,3,idle,3,1
base\quest\testgym\q115_00b_hanako.scenesolution,q115_00b_johnny_by_the_stairs,4,animation,4,0
base\quest\testgym\q115_00b_hanako.scenesolution,q115_00b_johnny_by_the_stairs,5,facial,5,0
base\quest\testgym\q115_00b_hanako.scenesolution,q115_00b_johnny_by_the_stairs,6,lookAt,6,0
base\quest\testgym\q115_00b_hanako.scenesolution,q115_00b_johnny_by_the_stairs,7,logic,8,0
base\quest\testgym\q115_00b_hanako.scenesolution,q115_00b_hanako_getting_up,1,dialog lines,1,1
base\quest\testgym\q115_00b_hanako.scenesolution,q115_00b_hanako_getting_up,2,hanako,2,0
base\quest\testgym\q115_00b_hanako.scenesolution,q115_00b_hanako_getting_up,3,idle,3,1
base\quest\testgym\q115_00b_hanako.scenesolution,q115_00b_hanako_getting_up,4,animation,4,0
base\quest\testgym\q115_00b_hanako.scenesolution,q115_00b_hanako_getting_up,5,facial,5,0
base\quest\testgym\q115_00b_hanako.scenesolution,q115_00b_hanako_getting_up,6,lookAt,6,0
base\quest\testgym\q115_00b_hanako.scenesolution,q115_00b_hanako_getting_up,7,logic,8,0
base\quest\testgym\q115_00b_hanako.scenesolution,q115_00b_hanako_by_the_window,1,dialog lines,1,1
base\quest\testgym\q115_00b_hanako.scenesolution,q115_00b_hanako_by_the_window,2,hanako,2,0
base\quest\testgym\q115_00b_hanako.scenesolution,q115_00b_hanako_by_the_window,3,idle,3,1
base\quest\testgym\q115_00b_hanako.scenesolution,q115_00b_hanako_by_the_window,4,animation,4,0
base\quest\testgym\q115_00b_hanako.scenesolution,q115_00b_hanako_by_the_window,5,facial,5,0
base\quest\testgym\q115_00b_hanako.scenesolution,q115_00b_hanako_by_the_window,6,lookAt,6,1
base\quest\testgym\q115_00b_hanako.scenesolution,q115_00b_hanako_by_the_window,7,logic,8,0
base\quest\testgym\q115_00b_hanako.scenesolution,q115_00b_guards_scenespots,1,dialog lines,1,1
base\quest\testgym\q115_00b_hanako.scenesolution,q115_00b_guards_scenespots,2,guard_street_01,2,0
base\quest\testgym\q115_00b_hanako.scenesolution,q115_00b_guards_scenespots,3,idle,3,1
base\quest\testgym\q115_00b_hanako.scenesolution,q115_00b_guards_scenespots,4,animation,4,0
base\quest\testgym\q115_00b_hanako.scenesolution,q115_00b_guards_scenespots,5,facial,5,0
base\quest\testgym\q115_00b_hanako.scenesolution,q115_00b_guards_scenespots,6,lookAt,6,0
base\quest\testgym\q115_00b_hanako.scenesolution,q115_00b_guards_scenespots,7,logic,8,0
base\quest\testgym\q115_00b_hanako.scenesolution,q115_00b_11,1,dialog lines,1,1
base\quest\testgym\q115_00b_hanako.scenesolution,q115_00b_11,2,guard_street_01,2,0
base\quest\testgym\q115_00b_hanako.scenesolution,q115_00b_11,3,idle,3,1
base\quest\testgym\q115_00b_hanako.scenesolution,q115_00b_11,4,animation,4,1
base\quest\testgym\q115_00b_hanako.scenesolution,q115_00b_11,5,facial,5,0
base\quest\testgym\q115_00b_hanako.scenesolution,q115_00b_11,6,lookAt,6,2
base\quest\testgym\q115_00b_hanako.scenesolution,q115_00b_11,7,logic,8,0
base\quest\testgym\q115_00b_hanako.scenesolution,q115_00b_12,1,dialog lines,1,1
base\quest\testgym\q115_00b_hanako.scenesolution,q115_00b_12,2,hanako,2,0
base\quest\testgym\q115_00b_hanako.scenesolution,q115_00b_12,3,idle,3,0
base\quest\testgym\q115_00b_hanako.scenesolution,q115_00b_12,4,animation,4,0
base\quest\testgym\q115_00b_hanako.scenesolution,q115_00b_12,5,facial,5,1
base\quest\testgym\q115_00b_hanako.scenesolution,q115_00b_12,6,lookAt,6,0
base\quest\testgym\q115_00b_hanako.scenesolution,q115_00b_12,7,logic,8,0
base\quest\testgym\q115_00b_hanako.scenesolution,q115_00b_johnny_sickness_lvl2_play,1,dialog lines,1,1
base\quest\testgym\q115_00b_hanako.scenesolution,q115_00b_johnny_sickness_lvl2_play,2,Player,2,0
base\quest\testgym\q115_00b_hanako.scenesolution,q115_00b_johnny_sickness_lvl2_play,3,idle,3,0
base\quest\testgym\q115_00b_hanako.scenesolution,q115_00b_johnny_sickness_lvl2_play,4,animation,4,0
base\quest\testgym\q115_00b_hanako.scenesolution,q115_00b_johnny_sickness_lvl2_play,5,facial,5,0
base\quest\testgym\q115_00b_hanako.scenesolution,q115_00b_johnny_sickness_lvl2_play,6,lookAt,6,0
base\quest\testgym\q115_00b_hanako.scenesolution,q115_00b_johnny_sickness_lvl2_play,7,logic,8,1
base\quest\testgym\q115_00b_hanako.scenesolution,q115_00b_johnny_sickness_lvl1_play,1,dialog lines,1,1
base\quest\testgym\q115_00b_hanako.scenesolution,q115_00b_johnny_sickness_lvl1_play,2,Player,2,0
base\quest\testgym\q115_00b_hanako.scenesolution,q115_00b_johnny_sickness_lvl1_play,3,idle,3,0
base\quest\testgym\q115_00b_hanako.scenesolution,q115_00b_johnny_sickness_lvl1_play,4,animation,4,0
base\quest\testgym\q115_00b_hanako.scenesolution,q115_00b_johnny_sickness_lvl1_play,5,facial,5,0
base\quest\testgym\q115_00b_hanako.scenesolution,q115_00b_johnny_sickness_lvl1_play,6,lookAt,6,0
base\quest\testgym\q115_00b_hanako.scenesolution,q115_00b_johnny_sickness_lvl1_play,7,logic,8,1
base\quest\testgym\q115_00b_hanako.scenesolution,q115_00b_johnny_sickness_lvl1_break,1,dialog lines,1,1
base\quest\testgym\q115_00b_hanako.scenesolution,q115_00b_johnny_sickness_lvl1_break,2,Player,2,0
base\quest\testgym\q115_00b_hanako.scenesolution,q115_00b_johnny_sickness_lvl1_break,3,idle,3,0
base\quest\testgym\q115_00b_hanako.scenesolution,q115_00b_johnny_sickness_lvl1_break,4,animation,4,0
base\quest\testgym\q115_00b_hanako.scenesolution,q115_00b_johnny_sickness_lvl1_break,5,facial,5,0
base\quest\testgym\q115_00b_hanako.scenesolution,q115_00b_johnny_sickness_lvl1_break,6,lookAt,6,0
base\quest\testgym\q115_00b_hanako.scenesolution,q115_00b_johnny_sickness_lvl1_break,7,logic,8,1
base\quest\testgym\q115_00b_hanako.scenesolution,q115_00b_jackie_revealed,1,dialog lines,1,2
base\quest\testgym\q115_00b_hanako.scenesolution,q115_00b_jackie_how,1,dialog lines,1,4
base\quest\testgym\q115_00b_hanako.scenesolution,q115_00b_lie,1,dialog lines,1,3
base\quest\testgym\q115_00b_hanako.scenesolution,q115_00b_talk_jackie,1,dialog lines,1,3
base\quest\testgym\q115_00b_hanako.scenesolution,q115_00b_NEW_about_yorinobu,1,dialog lines,1,5
base\quest\testgym\q115_00b_hanako.scenesolution,q115_00b_NEW_about_yorinobu,2,hanako,2,0
base\quest\testgym\q115_00b_hanako.scenesolution,q115_00b_NEW_about_yorinobu,3,idle,3,2
base\quest\testgym\q115_00b_hanako.scenesolution,q115_00b_NEW_about_yorinobu,4,animation,4,1
base\quest\testgym\q115_00b_hanako.scenesolution,q115_00b_NEW_about_yorinobu,5,facial,5,3
base\quest\testgym\q115_00b_hanako.scenesolution,q115_00b_NEW_about_yorinobu,6,lookAt,6,2
base\quest\testgym\q115_00b_hanako.scenesolution,q115_00b_NEW_about_yorinobu,7,logic,8,1
base\quest\testgym\q115_00b_hanako.scenesolution,q115_00b_NEW_about_yorinobu,8,johnny,2,0
base\quest\testgym\q115_00b_hanako.scenesolution,q115_00b_NEW_about_yorinobu,9,idle,3,0
base\quest\testgym\q115_00b_hanako.scenesolution,q115_00b_NEW_about_yorinobu,10,animation,4,0
base\quest\testgym\q115_00b_hanako.scenesolution,q115_00b_NEW_about_yorinobu,11,facial,5,0
base\quest\testgym\q115_00b_hanako.scenesolution,q115_00b_NEW_about_yorinobu,12,lookAt,6,2
base\quest\testgym\q115_00b_hanako.scenesolution,q115_00b_NEW_about_yorinobu,13,logic,8,0
base\quest\testgym\q115_00b_hanako.scenesolution,q115_00b_time,1,dialog lines,1,1
base\quest\testgym\q115_00b_hanako.scenesolution,q115_00b_time,2,hanako,2,0
base\quest\testgym\q115_00b_hanako.scenesolution,q115_00b_time,3,idle,3,0
base\quest\testgym\q115_00b_hanako.scenesolution,q115_00b_time,4,animation,4,0
base\quest\testgym\q115_00b_hanako.scenesolution,q115_00b_time,5,facial,5,1
base\quest\testgym\q115_00b_hanako.scenesolution,q115_00b_time,6,lookAt,6,0
base\quest\testgym\q115_00b_hanako.scenesolution,q115_00b_time,7,logic,8,1
base\quest\testgym\q115_00b_hanako.scenesolution,q115_00b_shock,1,dialog lines,1,2
base\quest\testgym\q115_00b_hanako.scenesolution,q115_00b_shock,2,hanako,2,0
base\quest\testgym\q115_00b_hanako.scenesolution,q115_00b_shock,3,idle,3,1
base\quest\testgym\q115_00b_hanako.scenesolution,q115_00b_shock,4,animation,4,0
base\quest\testgym\q115_00b_hanako.scenesolution,q115_00b_shock,5,facial,5,1
base\quest\testgym\q115_00b_hanako.scenesolution,q115_00b_shock,6,lookAt,6,1
base\quest\testgym\q115_00b_hanako.scenesolution,q115_00b_shock,7,logic,8,0
base\quest\testgym\q115_00b_hanako.scenesolution,q115_00b_conclusion,1,dialog lines,1,3
base\quest\testgym\q115_00b_hanako.scenesolution,q115_00b_conclusion,2,hanako,2,0
base\quest\testgym\q115_00b_hanako.scenesolution,q115_00b_conclusion,3,idle,3,2
base\quest\testgym\q115_00b_hanako.scenesolution,q115_00b_conclusion,4,animation,4,2
base\quest\testgym\q115_00b_hanako.scenesolution,q115_00b_conclusion,5,facial,5,3
base\quest\testgym\q115_00b_hanako.scenesolution,q115_00b_conclusion,6,lookAt,6,2
base\quest\testgym\q115_00b_hanako.scenesolution,q115_00b_conclusion,7,logic,8,1
base\quest\testgym\q115_00b_hanako.scenesolution,q115_00b_conclusion,8,johnny,2,0
base\quest\testgym\q115_00b_hanako.scenesolution,q115_00b_conclusion,9,idle,3,0
base\quest\testgym\q115_00b_hanako.scenesolution,q115_00b_conclusion,10,animation,4,0
base\quest\testgym\q115_00b_hanako.scenesolution,q115_00b_conclusion,11,facial,5,0
base\quest\testgym\q115_00b_hanako.scenesolution,q115_00b_conclusion,12,lookAt,6,3
base\quest\testgym\q115_00b_hanako.scenesolution,q115_00b_conclusion,13,logic,8,0
base\quest\testgym\q115_00b_hanako.scenesolution,q115_00b_power,1,dialog lines,1,1
base\quest\testgym\q115_00b_hanako.scenesolution,q115_00b_power,2,hanako,2,0
base\quest\testgym\q115_00b_hanako.scenesolution,q115_00b_power,3,idle,3,0
base\quest\testgym\q115_00b_hanako.scenesolution,q115_00b_power,4,animation,4,0
base\quest\testgym\q115_00b_hanako.scenesolution,q115_00b_power,5,facial,5,1
base\quest\testgym\q115_00b_hanako.scenesolution,q115_00b_power,6,lookAt,6,0
base\quest\testgym\q115_00b_hanako.scenesolution,q115_00b_power,7,logic,8,1
base\quest\testgym\q115_00b_hanako.scenesolution,q115_00b_family,1,dialog lines,1,2
base\quest\testgym\q115_00b_hanako.scenesolution,q115_00b_family,2,hanako,2,0
base\quest\testgym\q115_00b_hanako.scenesolution,q115_00b_family,3,idle,3,1
base\quest\testgym\q115_00b_hanako.scenesolution,q115_00b_family,4,animation,4,0
base\quest\testgym\q115_00b_hanako.scenesolution,q115_00b_family,5,facial,5,1
base\quest\testgym\q115_00b_hanako.scenesolution,q115_00b_family,6,lookAt,6,0
base\quest\testgym\q115_00b_hanako.scenesolution,q115_00b_family,7,logic,8,1
base\quest\testgym\q115_00b_hanako.scenesolution,q115_00b_family,8,johnny,2,0
base\quest\testgym\q115_00b_hanako.scenesolution,q115_00b_family,9,idle,3,0
base\quest\testgym\q115_00b_hanako.scenesolution,q115_00b_family,10,animation,4,1
base\quest\testgym\q115_00b_hanako.scenesolution,q115_00b_family,11,facial,5,0
base\quest\testgym\q115_00b_hanako.scenesolution,q115_00b_family,12,lookAt,6,0
base\quest\testgym\q115_00b_hanako.scenesolution,q115_00b_family,13,logic,8,0
base\quest\testgym\q115_00b_hanako.scenesolution,q115_00b_corporation,1,dialog lines,1,1
base\quest\testgym\q115_00b_hanako.scenesolution,q115_00b_dont_know,1,dialog lines,1,1
base\quest\testgym\q115_00b_hanako.scenesolution,q115_00b_dont_know,2,hanako,2,0
base\quest\testgym\q115_00b_hanako.scenesolution,q115_00b_dont_know,3,idle,3,0
base\quest\testgym\q115_00b_hanako.scenesolution,q115_00b_dont_know,4,animation,4,0
base\quest\testgym\q115_00b_hanako.scenesolution,q115_00b_dont_know,5,facial,5,1
base\quest\testgym\q115_00b_hanako.scenesolution,q115_00b_dont_know,6,lookAt,6,0
base\quest\testgym\q115_00b_hanako.scenesolution,q115_00b_dont_know,7,logic,8,1
base\quest\testgym\q115_00b_hanako.scenesolution,q115_00b_family_answer,1,dialog lines,1,1
base\quest\testgym\q115_00b_hanako.scenesolution,q115_00b_family_answer,2,johnny,2,0
base\quest\testgym\q115_00b_hanako.scenesolution,q115_00b_family_answer,3,idle,3,0
base\quest\testgym\q115_00b_hanako.scenesolution,q115_00b_family_answer,4,animation,4,1
base\quest\testgym\q115_00b_hanako.scenesolution,q115_00b_family_answer,5,facial,5,0
base\quest\testgym\q115_00b_hanako.scenesolution,q115_00b_family_answer,6,lookAt,6,0
base\quest\testgym\q115_00b_hanako.scenesolution,q115_00b_family_answer,7,logic,8,0
base\quest\testgym\q115_00b_hanako.scenesolution,q115_00b_family_answer,8,hanako,2,0
base\quest\testgym\q115_00b_hanako.scenesolution,q115_00b_family_answer,9,idle,3,1
base\quest\testgym\q115_00b_hanako.scenesolution,q115_00b_family_answer,10,animation,4,0
base\quest\testgym\q115_00b_hanako.scenesolution,q115_00b_family_answer,11,facial,5,2
base\quest\testgym\q115_00b_hanako.scenesolution,q115_00b_family_answer,12,lookAt,6,0
base\quest\testgym\q115_00b_hanako.scenesolution,q115_00b_family_answer,13,logic,8,1
base\quest\testgym\q115_00b_hanako.scenesolution,q115_00b_ym mo,1,dialog lines,1,1
base\quest\testgym\q115_00b_hanako.scenesolution,q115_00b_ym mo,2,hanako,2,0
base\quest\testgym\q115_00b_hanako.scenesolution,q115_00b_ym mo,3,idle,3,0
base\quest\testgym\q115_00b_hanako.scenesolution,q115_00b_ym mo,4,animation,4,0
base\quest\testgym\q115_00b_hanako.scenesolution,q115_00b_ym mo,5,facial,5,1
base\quest\testgym\q115_00b_hanako.scenesolution,q115_00b_ym mo,6,lookAt,6,0
base\quest\testgym\q115_00b_hanako.scenesolution,q115_00b_ym mo,7,logic,8,1
base\quest\testgym\q115_00b_hanako.scenesolution,q115_00b_cut_to_the_chase,1,dialog lines,1,2
base\quest\testgym\q115_00b_hanako.scenesolution,q115_00b_cut_to_the_chase,2,hanako,2,0
base\quest\testgym\q115_00b_hanako.scenesolution,q115_00b_cut_to_the_chase,3,idle,3,0
base\quest\testgym\q115_00b_hanako.scenesolution,q115_00b_cut_to_the_chase,4,animation,4,0
base\quest\testgym\q115_00b_hanako.scenesolution,q115_00b_cut_to_the_chase,5,facial,5,1
base\quest\testgym\q115_00b_hanako.scenesolution,q115_00b_cut_to_the_chase,6,lookAt,6,1
base\quest\testgym\q115_00b_hanako.scenesolution,q115_00b_cut_to_the_chase,7,logic,8,1
base\quest\testgym\q115_00b_hanako.scenesolution,q115_00b_common_section,1,dialog lines,1,6
base\quest\testgym\q115_00b_hanako.scenesolution,q115_00b_common_section,2,hanako,2,0
base\quest\testgym\q115_00b_hanako.scenesolution,q115_00b_common_section,3,idle,3,2
base\quest\testgym\q115_00b_hanako.scenesolution,q115_00b_common_section,4,animation,4,3
base\quest\testgym\q115_00b_hanako.scenesolution,q115_00b_common_section,5,facial,5,3
base\quest\testgym\q115_00b_hanako.scenesolution,q115_00b_common_section,6,lookAt,6,0
base\quest\testgym\q115_00b_hanako.scenesolution,q115_00b_common_section,7,logic,8,0
base\quest\testgym\q115_00b_hanako.scenesolution,q115_00b_soulkiller_do_you_have,1,dialog lines,1,1
base\quest\testgym\q115_00b_hanako.scenesolution,q115_00b_soulkiller_do_you_have,2,hanako,2,0
base\quest\testgym\q115_00b_hanako.scenesolution,q115_00b_soulkiller_do_you_have,3,idle,3,0
base\quest\testgym\q115_00b_hanako.scenesolution,q115_00b_soulkiller_do_you_have,4,animation,4,1
base\quest\testgym\q115_00b_hanako.scenesolution,q115_00b_soulkiller_do_you_have,5,facial,5,0
base\quest\testgym\q115_00b_hanako.scenesolution,q115_00b_soulkiller_do_you_have,6,lookAt,6,0
base\quest\testgym\q115_00b_hanako.scenesolution,q115_00b_soulkiller_do_you_have,7,logic,8,1
base\quest\testgym\q115_00b_hanako.scenesolution,q115_00b_waitress_bow,1,dialog lines,1,0
base\quest\testgym\q115_00b_hanako.scenesolution,q115_00b_waitress_bow,2,waitress,2,0
base\quest\testgym\q115_00b_hanako.scenesolution,q115_00b_waitress_bow,3,idle,3,0
base\quest\testgym\q115_00b_hanako.scenesolution,q115_00b_waitress_bow,4,animation,4,1
base\quest\testgym\q115_00b_hanako.scenesolution,q115_00b_waitress_bow,5,facial,5,0
base\quest\testgym\q115_00b_hanako.scenesolution,q115_00b_waitress_bow,6,lookAt,6,4
base\quest\testgym\q115_00b_hanako.scenesolution,q115_00b_waitress_bow,7,logic,8,0
base\quest\testgym\q115_00b_hanako.scenesolution,q115_00b_waitress_bow,8,bartender,2,0
base\quest\testgym\q115_00b_hanako.scenesolution,q115_00b_waitress_bow,9,idle,3,0
base\quest\testgym\q115_00b_hanako.scenesolution,q115_00b_waitress_bow,10,animation,4,1
base\quest\testgym\q115_00b_hanako.scenesolution,q115_00b_waitress_bow,11,facial,5,0
base\quest\testgym\q115_00b_hanako.scenesolution,q115_00b_waitress_bow,12,lookAt,6,2
base\quest\testgym\q115_00b_hanako.scenesolution,q115_00b_waitress_bow,13,logic,8,0
base\quest\testgym\q115_00b_hanako.scenesolution,q115_00b_guard_to_hanako,1,dialog lines,1,0
base\quest\testgym\q115_00b_hanako.scenesolution,q115_00b_guard_to_hanako,2,guard_02,2,0
base\quest\testgym\q115_00b_hanako.scenesolution,q115_00b_guard_to_hanako,3,idle,3,3
base\quest\testgym\q115_00b_hanako.scenesolution,q115_00b_guard_to_hanako,4,animation,4,0
base\quest\testgym\q115_00b_hanako.scenesolution,q115_00b_guard_to_hanako,5,facial,5,0
base\quest\testgym\q115_00b_hanako.scenesolution,q115_00b_guard_to_hanako,6,lookAt,6,2
base\quest\testgym\q115_00b_hanako.scenesolution,q115_00b_guard_to_hanako,7,logic,8,0
base\quest\testgym\q115_00b_hanako.scenesolution,q115_00b_guard_cheeky_move,1,dialog lines,1,0
base\quest\testgym\q115_00b_hanako.scenesolution,q115_00b_guard_cheeky_move,2,guard_02,2,0
base\quest\testgym\q115_00b_hanako.scenesolution,q115_00b_guard_cheeky_move,3,idle,3,1
base\quest\testgym\q115_00b_hanako.scenesolution,q115_00b_guard_cheeky_move,4,animation,4,0
base\quest\testgym\q115_00b_hanako.scenesolution,q115_00b_guard_cheeky_move,5,facial,5,0
base\quest\testgym\q115_00b_hanako.scenesolution,q115_00b_guard_cheeky_move,6,lookAt,6,0
base\quest\testgym\q115_00b_hanako.scenesolution,q115_00b_guard_cheeky_move,7,logic,8,0
base\quest\testgym\q115_00b_hanako.scenesolution,q115_00b_block_door_anim,1,dialog lines,1,0
base\quest\testgym\q115_00b_hanako.scenesolution,q115_00b_block_door_anim,2,guard_01,2,0
base\quest\testgym\q115_00b_hanako.scenesolution,q115_00b_block_door_anim,3,idle,3,1
base\quest\testgym\q115_00b_hanako.scenesolution,q115_00b_block_door_anim,4,animation,4,0
base\quest\testgym\q115_00b_hanako.scenesolution,q115_00b_block_door_anim,5,facial,5,0
base\quest\testgym\q115_00b_hanako.scenesolution,q115_00b_block_door_anim,6,lookAt,6,0
base\quest\testgym\q115_00b_hanako.scenesolution,q115_00b_block_door_anim,7,logic,8,1
base\quest\testgym\q115_00b_hanako.scenesolution,q115_00b_block_door_anim,8,VFX,15,1
base\quest\testgym\q115_00b_hanako.scenesolution,q115_00b_15,1,dialog lines,1,0
base\quest\testgym\q115_00b_hanako.scenesolution,q115_00b_15,2,guard_01,2,0
base\quest\testgym\q115_00b_hanako.scenesolution,q115_00b_15,3,idle,3,1
base\quest\testgym\q115_00b_hanako.scenesolution,q115_00b_15,4,animation,4,0
base\quest\testgym\q115_00b_hanako.scenesolution,q115_00b_15,5,facial,5,0
base\quest\testgym\q115_00b_hanako.scenesolution,q115_00b_15,6,lookAt,6,0
base\quest\testgym\q115_00b_hanako.scenesolution,q115_00b_15,7,logic,8,0
base\quest\testgym\q115_00b_hanako.scenesolution,q115_00b_eye_glow,1,dialog lines,1,0
base\quest\testgym\q115_00b_hanako.scenesolution,q115_00b_eye_glow,2,guard_01,2,0
base\quest\testgym\q115_00b_hanako.scenesolution,q115_00b_eye_glow,3,idle,3,0
base\quest\testgym\q115_00b_hanako.scenesolution,q115_00b_eye_glow,4,animation,4,0
base\quest\testgym\q115_00b_hanako.scenesolution,q115_00b_eye_glow,5,facial,5,0
base\quest\testgym\q115_00b_hanako.scenesolution,q115_00b_eye_glow,6,lookAt,6,0
base\quest\testgym\q115_00b_hanako.scenesolution,q115_00b_eye_glow,7,logic,8,2
base\quest\testgym\q115_00b_hanako.scenesolution,q115_00b_eye_glow,8,Player,2,0
base\quest\testgym\q115_00b_hanako.scenesolution,q115_00b_eye_glow,9,idle,3,0
base\quest\testgym\q115_00b_hanako.scenesolution,q115_00b_eye_glow,10,animation,4,0
base\quest\testgym\q115_00b_hanako.scenesolution,q115_00b_eye_glow,11,facial,5,0
base\quest\testgym\q115_00b_hanako.scenesolution,q115_00b_eye_glow,12,lookAt,6,0
base\quest\testgym\q115_00b_hanako.scenesolution,q115_00b_eye_glow,13,logic,8,1
base\quest\testgym\q115_00b_hanako.scenesolution,q115_00b_stop_anim,1,dialog lines,1,0
base\quest\testgym\q115_00b_hanako.scenesolution,q115_00b_stop_anim,2,guard_02,2,0
base\quest\testgym\q115_00b_hanako.scenesolution,q115_00b_stop_anim,3,idle,3,0
base\quest\testgym\q115_00b_hanako.scenesolution,q115_00b_stop_anim,4,animation,4,1
base\quest\testgym\q115_00b_hanako.scenesolution,q115_00b_stop_anim,5,facial,5,0
base\quest\testgym\q115_00b_hanako.scenesolution,q115_00b_stop_anim,6,lookAt,6,0
base\quest\testgym\q115_00b_hanako.scenesolution,q115_00b_stop_anim,7,logic,8,0
base\quest\testgym\q115_00b_hanako.scenesolution,q115_00b_AV_sfx,1,dialog lines,1,1
base\quest\testgym\q115_00b_hanako.scenesolution,q115_00b_AV_sfx,2,SFX,14,1
base\quest\testgym\q115_00b_hanako.scenesolution,q115_00b_AV_sfx,3,hanako,2,0
base\quest\testgym\q115_00b_hanako.scenesolution,q115_00b_AV_sfx,4,idle,3,0
base\quest\testgym\q115_00b_hanako.scenesolution,q115_00b_AV_sfx,5,animation,4,0
base\quest\testgym\q115_00b_hanako.scenesolution,q115_00b_AV_sfx,6,facial,5,0
base\quest\testgym\q115_00b_hanako.scenesolution,q115_00b_AV_sfx,7,lookAt,6,0
base\quest\testgym\q115_00b_hanako.scenesolution,q115_00b_AV_sfx,8,logic,8,0
base\quest\testgym\q115_00b_hanako.scenesolution,q115_00b_hanako_sitting_idle,1,dialog lines,1,0
base\quest\testgym\q115_00b_hanako.scenesolution,q115_00b_hanako_sitting_idle,2,hanako,2,0
base\quest\testgym\q115_00b_hanako.scenesolution,q115_00b_hanako_sitting_idle,3,idle,3,1
base\quest\testgym\q115_00b_hanako.scenesolution,q115_00b_hanako_sitting_idle,4,animation,4,0
base\quest\testgym\q115_00b_hanako.scenesolution,q115_00b_hanako_sitting_idle,5,facial,5,0
base\quest\testgym\q115_00b_hanako.scenesolution,q115_00b_hanako_sitting_idle,6,lookAt,6,0
base\quest\testgym\q115_00b_hanako.scenesolution,q115_00b_hanako_sitting_idle,7,logic,8,0
base\quest\testgym\q115_00b_hanako.scenesolution,q115_00b_hanako_sitting_idle,8,Player,2,0
base\quest\testgym\q115_00b_hanako.scenesolution,q115_00b_hanako_sitting_idle,9,idle,3,0
base\quest\testgym\q115_00b_hanako.scenesolution,q115_00b_hanako_sitting_idle,10,animation,4,0
base\quest\testgym\q115_00b_hanako.scenesolution,q115_00b_hanako_sitting_idle,11,facial,5,0
base\quest\testgym\q115_00b_hanako.scenesolution,q115_00b_hanako_sitting_idle,12,lookAt,6,0
base\quest\testgym\q115_00b_hanako.scenesolution,q115_00b_hanako_sitting_idle,13,logic,8,0
base\quest\testgym\q115_00b_hanako.scenesolution,q115_00b_hanako_sitting_idle,1,dialog lines,1,0
base\quest\testgym\q115_00b_hanako.scenesolution,q115_00b_hanako_sitting_idle,2,hanako,2,0
base\quest\testgym\q115_00b_hanako.scenesolution,q115_00b_hanako_sitting_idle,3,idle,3,1
base\quest\testgym\q115_00b_hanako.scenesolution,q115_00b_hanako_sitting_idle,4,animation,4,0
base\quest\testgym\q115_00b_hanako.scenesolution,q115_00b_hanako_sitting_idle,5,facial,5,0
base\quest\testgym\q115_00b_hanako.scenesolution,q115_00b_hanako_sitting_idle,6,lookAt,6,0
base\quest\testgym\q115_00b_hanako.scenesolution,q115_00b_hanako_sitting_idle,7,logic,8,0
base\quest\testgym\q115_00b_hanako.scenesolution,q115_00b_hanako_sitting_idle,8,Player,2,0
base\quest\testgym\q115_00b_hanako.scenesolution,q115_00b_hanako_sitting_idle,9,idle,3,0
base\quest\testgym\q115_00b_hanako.scenesolution,q115_00b_hanako_sitting_idle,10,animation,4,0
base\quest\testgym\q115_00b_hanako.scenesolution,q115_00b_hanako_sitting_idle,11,facial,5,0
base\quest\testgym\q115_00b_hanako.scenesolution,q115_00b_hanako_sitting_idle,12,lookAt,6,0
base\quest\testgym\q115_00b_hanako.scenesolution,q115_00b_hanako_sitting_idle,13,logic,8,0
base\quest\testgym\q115_00b_hanako.scenesolution,q115_00b_player_cough,1,dialog lines,1,0
base\quest\testgym\q115_00b_hanako.scenesolution,q115_00b_player_cough,2,Player,2,0
base\quest\testgym\q115_00b_hanako.scenesolution,q115_00b_player_cough,3,idle,3,0
base\quest\testgym\q115_00b_hanako.scenesolution,q115_00b_player_cough,4,animation,4,1
base\quest\testgym\q115_00b_hanako.scenesolution,q115_00b_player_cough,5,facial,5,0
base\quest\testgym\q115_00b_hanako.scenesolution,q115_00b_player_cough,6,lookAt,6,0
base\quest\testgym\q115_00b_hanako.scenesolution,q115_00b_player_cough,7,logic,8,0
base\quest\testgym\q115_00b_hanako.scenesolution,q115_00b_player_cough,8,VFX,15,1
base\quest\testgym\q115_00b_hanako.scenesolution,q115_00b_player_cough,9,SFX,14,1
base\quest\testgym\q115_00b_hanako.scenesolution,q115_00b_,1,dialog lines,1,0
base\quest\testgym\q115_00b_hanako.scenesolution,q115_00b_,2,guard_01,2,0
base\quest\testgym\q115_00b_hanako.scenesolution,q115_00b_,3,idle,3,0
base\quest\testgym\q115_00b_hanako.scenesolution,q115_00b_,4,animation,4,0
base\quest\testgym\q115_00b_hanako.scenesolution,q115_00b_,5,facial,5,0
base\quest\testgym\q115_00b_hanako.scenesolution,q115_00b_,6,lookAt,6,0
base\quest\testgym\q115_00b_hanako.scenesolution,q115_00b_,7,logic,8,0
base\quest\testgym\q115_00b_hanako.scenesolution,q115_00b_,8,guard_02,2,0
base\quest\testgym\q115_00b_hanako.scenesolution,q115_00b_,9,idle,3,0
base\quest\testgym\q115_00b_hanako.scenesolution,q115_00b_,10,animation,4,1
base\quest\testgym\q115_00b_hanako.scenesolution,q115_00b_,11,facial,5,0
base\quest\testgym\q115_00b_hanako.scenesolution,q115_00b_,12,lookAt,6,2
base\quest\testgym\q115_00b_hanako.scenesolution,q115_00b_,13,logic,8,0
base\quest\testgym\q115_00b_hanako.scenesolution,q115_00b_hanako_pose_preview,1,dialog lines,1,1
base\quest\testgym\q115_00b_hanako.scenesolution,q115_00b_hanako_pose_preview,2,hanako,2,0
base\quest\testgym\q115_00b_hanako.scenesolution,q115_00b_hanako_pose_preview,3,idle,3,0
base\quest\testgym\q115_00b_hanako.scenesolution,q115_00b_hanako_pose_preview,4,animation,4,1
base\quest\testgym\q115_00b_hanako.scenesolution,q115_00b_hanako_pose_preview,5,facial,5,0
base\quest\testgym\q115_00b_hanako.scenesolution,q115_00b_hanako_pose_preview,6,lookAt,6,1
base\quest\testgym\q115_00b_hanako.scenesolution,q115_00b_hanako_pose_preview,7,logic,8,0
base\quest\testgym\q115_00b_hanako.scenesolution,q115_00b_17,1,dialog lines,1,0
base\quest\testgym\q115_00b_hanako.scenesolution,q115_00b_17,2,guard_02,2,0
base\quest\testgym\q115_00b_hanako.scenesolution,q115_00b_17,3,idle,3,1
base\quest\testgym\q115_00b_hanako.scenesolution,q115_00b_17,4,animation,4,0
base\quest\testgym\q115_00b_hanako.scenesolution,q115_00b_17,5,facial,5,0
base\quest\testgym\q115_00b_hanako.scenesolution,q115_00b_17,6,lookAt,6,0
base\quest\testgym\q115_00b_hanako.scenesolution,q115_00b_17,7,logic,8,0
base\quest\testgym\q115_00b_hanako.scenesolution,q115_00b_18,1,dialog lines,1,0
base\quest\testgym\q115_00b_hanako.scenesolution,q115_00b_18,2,guard_02,2,0
base\quest\testgym\q115_00b_hanako.scenesolution,q115_00b_18,3,idle,3,1
base\quest\testgym\q115_00b_hanako.scenesolution,q115_00b_18,4,animation,4,0
base\quest\testgym\q115_00b_hanako.scenesolution,q115_00b_18,5,facial,5,0
base\quest\testgym\q115_00b_hanako.scenesolution,q115_00b_18,6,lookAt,6,0
base\quest\testgym\q115_00b_hanako.scenesolution,q115_00b_18,7,logic,8,0
base\quest\testgym\q115_00b_hanako.scenesolution,q115_00b_19,1,dialog lines,1,0
base\quest\testgym\q115_00b_hanako.scenesolution,q115_00b_19,2,guard_02,2,0
base\quest\testgym\q115_00b_hanako.scenesolution,q115_00b_19,3,idle,3,1
base\quest\testgym\q115_00b_hanako.scenesolution,q115_00b_19,4,animation,4,0
base\quest\testgym\q115_00b_hanako.scenesolution,q115_00b_19,5,facial,5,0
base\quest\testgym\q115_00b_hanako.scenesolution,q115_00b_19,6,lookAt,6,1
base\quest\testgym\q115_00b_hanako.scenesolution,q115_00b_19,7,logic,8,0
base\quest\testgym\q115_00b_hanako.scenesolution,q115_00b_we_delta,1,dialog lines,1,1
base\quest\testgym\q115_00b_hanako.scenesolution,q115_00b_20,1,dialog lines,1,0
base\quest\testgym\q115_00b_hanako.scenesolution,q115_00b_reminder_sit,1,dialog lines,1,1
base\quest\testgym\q115_00b_hanako.scenesolution,q115_00b_reminder_help,1,dialog lines,1,1
base\quest\testgym\q115_00b_hanako.scenesolution,q115_00b_reminder_dont_speak,1,dialog lines,1,1
base\quest\testgym\q115_00b_hanako.scenesolution,q115_00b_22,1,dialog lines,1,0
base\quest\testgym\q115_00b_hanako.scenesolution,q115_00b_22,2,guard_01,2,0
base\quest\testgym\q115_00b_hanako.scenesolution,q115_00b_22,3,idle,3,1
base\quest\testgym\q115_00b_hanako.scenesolution,q115_00b_22,4,animation,4,0
base\quest\testgym\q115_00b_hanako.scenesolution,q115_00b_22,5,facial,5,0
base\quest\testgym\q115_00b_hanako.scenesolution,q115_00b_22,6,lookAt,6,0
base\quest\testgym\q115_00b_hanako.scenesolution,q115_00b_22,7,logic,8,0
base\quest\testgym\q115_00b_hanako.scenesolution,lookat_01,1,dialog lines,1,0
base\quest\testgym\q115_00b_hanako.scenesolution,lookat_01,2,johnny,2,0
base\quest\testgym\q115_00b_hanako.scenesolution,lookat_01,3,idle,3,0
base\quest\testgym\q115_00b_hanako.scenesolution,lookat_01,4,animation,4,0
base\quest\testgym\q115_00b_hanako.scenesolution,lookat_01,5,facial,5,0
base\quest\testgym\q115_00b_hanako.scenesolution,lookat_01,6,lookAt,6,1
base\quest\testgym\q115_00b_hanako.scenesolution,lookat_01,7,logic,8,0
base\quest\testgym\q115_00b_hanako.scenesolution,lookat_02,1,dialog lines,1,0
base\quest\testgym\q115_00b_hanako.scenesolution,lookat_02,2,johnny,2,0
base\quest\testgym\q115_00b_hanako.scenesolution,lookat_02,3,idle,3,0
base\quest\testgym\q115_00b_hanako.scenesolution,lookat_02,4,animation,4,0
base\quest\testgym\q115_00b_hanako.scenesolution,lookat_02,5,facial,5,0
base\quest\testgym\q115_00b_hanako.scenesolution,lookat_02,6,lookAt,6,1
base\quest\testgym\q115_00b_hanako.scenesolution,lookat_02,7,logic,8,0
base\quest\testgym\q115_00b_hanako.scenesolution,facial_animation_01,1,dialog lines,1,0
base\quest\testgym\q115_00b_hanako.scenesolution,facial_animation_01,2,johnny,2,0
base\quest\testgym\q115_00b_hanako.scenesolution,facial_animation_01,3,idle,3,0
base\quest\testgym\q115_00b_hanako.scenesolution,facial_animation_01,4,animation,4,0
base\quest\testgym\q115_00b_hanako.scenesolution,facial_animation_01,5,facial,5,1
base\quest\testgym\q115_00b_hanako.scenesolution,facial_animation_01,6,lookAt,6,0
base\quest\testgym\q115_00b_hanako.scenesolution,facial_animation_01,7,logic,8,0
base\quest\testgym\q115_00b_hanako.scenesolution,facial_animation_02,1,dialog lines,1,0
base\quest\testgym\q115_00b_hanako.scenesolution,facial_animation_02,2,johnny,2,0
base\quest\testgym\q115_00b_hanako.scenesolution,facial_animation_02,3,idle,3,0
base\quest\testgym\q115_00b_hanako.scenesolution,facial_animation_02,4,animation,4,0
base\quest\testgym\q115_00b_hanako.scenesolution,facial_animation_02,5,facial,5,1
base\quest\testgym\q115_00b_hanako.scenesolution,facial_animation_02,6,lookAt,6,0
base\quest\testgym\q115_00b_hanako.scenesolution,facial_animation_02,7,logic,8,0
base\quest\testgym\q115_00b_hanako.scenesolution,facial_animation_03,1,dialog lines,1,0
base\quest\testgym\q115_00b_hanako.scenesolution,facial_animation_03,2,johnny,2,0
base\quest\testgym\q115_00b_hanako.scenesolution,facial_animation_03,3,idle,3,0
base\quest\testgym\q115_00b_hanako.scenesolution,facial_animation_03,4,animation,4,0
base\quest\testgym\q115_00b_hanako.scenesolution,facial_animation_03,5,facial,5,1
base\quest\testgym\q115_00b_hanako.scenesolution,facial_animation_03,6,lookAt,6,0
base\quest\testgym\q115_00b_hanako.scenesolution,facial_animation_03,7,logic,8,0
base\quest\testgym\q115_00b_hanako.scenesolution,q115_00b_lookat_03,1,dialog lines,1,0
base\quest\testgym\q115_00b_hanako.scenesolution,q115_00b_lookat_03,2,johnny,2,0
base\quest\testgym\q115_00b_hanako.scenesolution,q115_00b_lookat_03,3,idle,3,0
base\quest\testgym\q115_00b_hanako.scenesolution,q115_00b_lookat_03,4,animation,4,0
base\quest\testgym\q115_00b_hanako.scenesolution,q115_00b_lookat_03,5,facial,5,0
base\quest\testgym\q115_00b_hanako.scenesolution,q115_00b_lookat_03,6,lookAt,6,1
base\quest\testgym\q115_00b_hanako.scenesolution,q115_00b_lookat_03,7,logic,8,0
base\quest\testgym\q115_00b_hanako.scenesolution,q115_00b_23,1,dialog lines,1,0
base\quest\testgym\q115_00b_hanako.scenesolution,q115_00b_23,2,guard_02,2,0
base\quest\testgym\q115_00b_hanako.scenesolution,q115_00b_23,3,idle,3,1
base\quest\testgym\q115_00b_hanako.scenesolution,q115_00b_23,4,animation,4,0
base\quest\testgym\q115_00b_hanako.scenesolution,q115_00b_23,5,facial,5,0
base\quest\testgym\q115_00b_hanako.scenesolution,q115_00b_23,6,lookAt,6,0
base\quest\testgym\q115_00b_hanako.scenesolution,q115_00b_23,7,logic,8,0
base\quest\testgym\q115_00b_hanako.scenesolution,q115_00b_24,1,dialog lines,1,0
base\quest\testgym\q115_00b_hanako.scenesolution,q115_00b_24,2,bartender,2,0
base\quest\testgym\q115_00b_hanako.scenesolution,q115_00b_24,3,idle,3,1
base\quest\testgym\q115_00b_hanako.scenesolution,q115_00b_24,4,animation,4,0
base\quest\testgym\q115_00b_hanako.scenesolution,q115_00b_24,5,facial,5,0
base\quest\testgym\q115_00b_hanako.scenesolution,q115_00b_24,6,lookAt,6,0
base\quest\testgym\q115_00b_hanako.scenesolution,q115_00b_24,7,logic,8,0
base\quest\testgym\q115_00b_hanako.scenesolution,q115_00b_24,1,dialog lines,1,0
base\quest\testgym\q115_00b_hanako.scenesolution,q115_00b_25,1,dialog lines,1,0
base\quest\testgym\q115_00b_hanako.scenesolution,q115_00b_25,2,hanako,2,0
base\quest\testgym\q115_00b_hanako.scenesolution,q115_00b_25,3,idle,3,0
base\quest\testgym\q115_00b_hanako.scenesolution,q115_00b_25,4,animation,4,0
base\quest\testgym\q115_00b_hanako.scenesolution,q115_00b_25,5,facial,5,1
base\quest\testgym\q115_00b_hanako.scenesolution,q115_00b_25,6,lookAt,6,1
base\quest\testgym\q115_00b_hanako.scenesolution,q115_00b_25,7,logic,8,0
base\quest\testgym\q115_00b_hanako.scenesolution,q115_00b_player_bowing,1,dialog lines,1,0
base\quest\testgym\q115_00b_hanako.scenesolution,q115_00b_player_bowing,2,Player,2,0
base\quest\testgym\q115_00b_hanako.scenesolution,q115_00b_player_bowing,3,idle,3,0
base\quest\testgym\q115_00b_hanako.scenesolution,q115_00b_player_bowing,4,animation,4,1
base\quest\testgym\q115_00b_hanako.scenesolution,q115_00b_player_bowing,5,facial,5,0
base\quest\testgym\q115_00b_hanako.scenesolution,q115_00b_player_bowing,6,lookAt,6,0
base\quest\testgym\q115_00b_hanako.scenesolution,q115_00b_player_bowing,7,logic,8,1
base\quest\testgym\q115_00b_hanako.scenesolution,q115_00b_26,1,dialog lines,1,0
base\quest\testgym\q115_00b_hanako.scenesolution,q115_00b_26,2,johnny,2,0
base\quest\testgym\q115_00b_hanako.scenesolution,q115_00b_26,3,idle,3,1
base\quest\testgym\q115_00b_hanako.scenesolution,q115_00b_26,4,animation,4,0
base\quest\testgym\q115_00b_hanako.scenesolution,q115_00b_26,5,facial,5,0
base\quest\testgym\q115_00b_hanako.scenesolution,q115_00b_26,6,lookAt,6,0
base\quest\testgym\q115_00b_hanako.scenesolution,q115_00b_26,7,logic,8,0
base\quest\testgym\q115_00b_hanako.scenesolution,q115_00b_hanako_sama_faster,1,dialog lines,1,3
base\quest\testgym\q115_00b_hanako.scenesolution,q115_00b_hanako_sama_faster,2,hanako,2,0
base\quest\testgym\q115_00b_hanako.scenesolution,q115_00b_hanako_sama_faster,3,idle,3,1
base\quest\testgym\q115_00b_hanako.scenesolution,q115_00b_hanako_sama_faster,4,animation,4,1
base\quest\testgym\q115_00b_hanako.scenesolution,q115_00b_hanako_sama_faster,5,facial,5,0
base\quest\testgym\q115_00b_hanako.scenesolution,q115_00b_hanako_sama_faster,6,lookAt,6,0
base\quest\testgym\q115_00b_hanako.scenesolution,q115_00b_hanako_sama_faster,7,logic,8,1
base\quest\testgym\q115_00b_hanako.scenesolution,q115_00b_hanako_sama_faster,8,Player,2,0
base\quest\testgym\q115_00b_hanako.scenesolution,q115_00b_hanako_sama_faster,9,idle,3,0
base\quest\testgym\q115_00b_hanako.scenesolution,q115_00b_hanako_sama_faster,10,animation,4,0
base\quest\testgym\q115_00b_hanako.scenesolution,q115_00b_hanako_sama_faster,11,facial,5,0
base\quest\testgym\q115_00b_hanako.scenesolution,q115_00b_hanako_sama_faster,12,lookAt,6,0
base\quest\testgym\q115_00b_hanako.scenesolution,q115_00b_hanako_sama_faster,13,logic,8,0
base\quest\testgym\q115_00b_hanako.scenesolution,q115_00b_johnny_by_the_bar,1,dialog lines,1,0
base\quest\testgym\q115_00b_hanako.scenesolution,q115_00b_johnny_by_the_bar,2,johnny,2,0
base\quest\testgym\q115_00b_hanako.scenesolution,q115_00b_johnny_by_the_bar,3,idle,3,1
base\quest\testgym\q115_00b_hanako.scenesolution,q115_00b_johnny_by_the_bar,4,animation,4,0
base\quest\testgym\q115_00b_hanako.scenesolution,q115_00b_johnny_by_the_bar,5,facial,5,0
base\quest\testgym\q115_00b_hanako.scenesolution,q115_00b_johnny_by_the_bar,6,lookAt,6,0
base\quest\testgym\q115_00b_hanako.scenesolution,q115_00b_johnny_by_the_bar,7,logic,8,0
base\quest\testgym\q115_00b_hanako.scenesolution,q115_00b_27,1,dialog lines,1,0
base\quest\testgym\q115_00b_hanako.scenesolution,q115_00b_27,2,Player,2,0
base\quest\testgym\q115_00b_hanako.scenesolution,q115_00b_27,3,idle,3,1
base\quest\testgym\q115_00b_hanako.scenesolution,q115_00b_27,4,animation,4,0
base\quest\testgym\q115_00b_hanako.scenesolution,q115_00b_27,5,facial,5,0
base\quest\testgym\q115_00b_hanako.scenesolution,q115_00b_27,6,lookAt,6,0
base\quest\testgym\q115_00b_hanako.scenesolution,q115_00b_27,7,logic,8,0
base\quest\testgym\q115_00b_hanako.scenesolution,q115_00b_27,8,VFX,15,1
base\quest\testgym\q115_00b_hanako.scenesolution,q115_00b_hanako_sit,1,dialog lines,1,2
base\quest\testgym\q115_00b_hanako.scenesolution,q115_00b_hanako_sit,2,hanako,2,0
base\quest\testgym\q115_00b_hanako.scenesolution,q115_00b_hanako_sit,3,idle,3,0
base\quest\testgym\q115_00b_hanako.scenesolution,q115_00b_hanako_sit,4,animation,4,0
base\quest\testgym\q115_00b_hanako.scenesolution,q115_00b_hanako_sit,5,facial,5,0
base\quest\testgym\q115_00b_hanako.scenesolution,q115_00b_hanako_sit,6,lookAt,6,1
base\quest\testgym\q115_00b_hanako.scenesolution,q115_00b_hanako_sit,7,logic,8,0
base\quest\testgym\q115_00b_hanako.scenesolution,q115_00b_28,1,dialog lines,1,0
base\quest\testgym\q115_00b_hanako.scenesolution,q115_00b_28,2,Player,2,0
base\quest\testgym\q115_00b_hanako.scenesolution,q115_00b_28,3,idle,3,0
base\quest\testgym\q115_00b_hanako.scenesolution,q115_00b_28,4,animation,4,0
base\quest\testgym\q115_00b_hanako.scenesolution,q115_00b_28,5,facial,5,0
base\quest\testgym\q115_00b_hanako.scenesolution,q115_00b_28,6,lookAt,6,1
base\quest\testgym\q115_00b_hanako.scenesolution,q115_00b_28,7,logic,8,0
base\quest\testgym\q115_00b_hanako.scenesolution,q115_00b_28,1,dialog lines,1,0
base\quest\testgym\q115_00b_hanako.scenesolution,q115_00b_28,2,Player,2,0
base\quest\testgym\q115_00b_hanako.scenesolution,q115_00b_28,3,idle,3,0
base\quest\testgym\q115_00b_hanako.scenesolution,q115_00b_28,4,animation,4,0
base\quest\testgym\q115_00b_hanako.scenesolution,q115_00b_28,5,facial,5,0
base\quest\testgym\q115_00b_hanako.scenesolution,q115_00b_28,6,lookAt,6,1
base\quest\testgym\q115_00b_hanako.scenesolution,q115_00b_28,7,logic,8,0
base\quest\testgym\q115_00b_hanako.scenesolution,q115_00b_29,1,dialog lines,1,0
base\quest\testgym\q115_00b_hanako.scenesolution,q115_00b_30,1,dialog lines,1,0
base\quest\testgym\q115_00b_hanako.scenesolution,q115_00b_30,2,hanako,2,0
base\quest\testgym\q115_00b_hanako.scenesolution,q115_00b_30,3,idle,3,1
base\quest\testgym\q115_00b_hanako.scenesolution,q115_00b_30,4,animation,4,0
base\quest\testgym\q115_00b_hanako.scenesolution,q115_00b_30,5,facial,5,0
base\quest\testgym\q115_00b_hanako.scenesolution,q115_00b_30,6,lookAt,6,0
base\quest\testgym\q115_00b_hanako.scenesolution,q115_00b_30,7,logic,8,0
base\quest\testgym\q115_00b_hanako.scenesolution,q115_00b_31,1,dialog lines,1,0
base\quest\testgym\q115_00b_hanako.scenesolution,q115_00b_31,2,guard_01,2,0
base\quest\testgym\q115_00b_hanako.scenesolution,q115_00b_31,3,idle,3,1
base\quest\testgym\q115_00b_hanako.scenesolution,q115_00b_31,4,animation,4,0
base\quest\testgym\q115_00b_hanako.scenesolution,q115_00b_31,5,facial,5,0
base\quest\testgym\q115_00b_hanako.scenesolution,q115_00b_31,6,lookAt,6,0
base\quest\testgym\q115_00b_hanako.scenesolution,q115_00b_31,7,logic,8,0
base\quest\testgym\q115_00b_hanako.scenesolution,q115_00b_32,1,dialog lines,1,0
base\quest\testgym\q115_00b_hanako.scenesolution,q115_00b_32,2,guard_01,2,0
base\quest\testgym\q115_00b_hanako.scenesolution,q115_00b_32,3,idle,3,1
base\quest\testgym\q115_00b_hanako.scenesolution,q115_00b_32,4,animation,4,0
base\quest\testgym\q115_00b_hanako.scenesolution,q115_00b_32,5,facial,5,0
base\quest\testgym\q115_00b_hanako.scenesolution,q115_00b_32,6,lookAt,6,0
base\quest\testgym\q115_00b_hanako.scenesolution,q115_00b_32,7,logic,8,0
base\quest\testgym\q115_00b_hanako.scenesolution,q115_00b_33,1,dialog lines,1,0
base\quest\testgym\q115_00b_hanako.scenesolution,q115_00b_33,2,hanako,2,0
base\quest\testgym\q115_00b_hanako.scenesolution,q115_00b_33,3,idle,3,1
base\quest\testgym\q115_00b_hanako.scenesolution,q115_00b_33,4,animation,4,0
base\quest\testgym\q115_00b_hanako.scenesolution,q115_00b_33,5,facial,5,0
base\quest\testgym\q115_00b_hanako.scenesolution,q115_00b_33,6,lookAt,6,0
base\quest\testgym\q115_00b_hanako.scenesolution,q115_00b_33,7,logic,8,0
base\quest\testgym\q115_00b_hanako.scenesolution,q115_00b_johnny_hand_appear_elevator,1,dialog lines,1,0
base\quest\testgym\q115_00b_hanako.scenesolution,q115_00b_johnny_hand_appear_elevator,2,q115_johnny_hand,9,0
base\quest\testgym\q115_00b_hanako.scenesolution,q115_00b_johnny_hand_appear_elevator,3,animation,10,1
base\quest\testgym\q115_00b_hanako.scenesolution,q115_00b_johnny_hand_appear_elevator,4,placement,11,0
base\quest\testgym\q115_00b_hanako.scenesolution,q115_00b_johnny_hand_appear_elevator,5,logic,12,0
base\quest\testgym\q115_00b_hanako.scenesolution,q115_00b_35_reset_placement_of_street_bodyguards,1,dialog lines,1,0
base\quest\testgym\q115_00b_hanako.scenesolution,q115_00b_35_reset_placement_of_street_bodyguards,2,guard_street_01,2,0
base\quest\testgym\q115_00b_hanako.scenesolution,q115_00b_35_reset_placement_of_street_bodyguards,3,idle,3,1
base\quest\testgym\q115_00b_hanako.scenesolution,q115_00b_35_reset_placement_of_street_bodyguards,4,animation,4,0
base\quest\testgym\q115_00b_hanako.scenesolution,q115_00b_35_reset_placement_of_street_bodyguards,5,facial,5,0
base\quest\testgym\q115_00b_hanako.scenesolution,q115_00b_35_reset_placement_of_street_bodyguards,6,lookAt,6,0
base\quest\testgym\q115_00b_hanako.scenesolution,q115_00b_35_reset_placement_of_street_bodyguards,7,logic,8,0
base\quest\testgym\q115_00b_hanako.scenesolution,q115_00b_35_reset_placement_of_street_bodyguards,8,guard_street_02,2,0
base\quest\testgym\q115_00b_hanako.scenesolution,q115_00b_35_reset_placement_of_street_bodyguards,9,idle,3,0
base\quest\testgym\q115_00b_hanako.scenesolution,q115_00b_35_reset_placement_of_street_bodyguards,10,animation,4,1
base\quest\testgym\q115_00b_hanako.scenesolution,q115_00b_35_reset_placement_of_street_bodyguards,11,facial,5,0
base\quest\testgym\q115_00b_hanako.scenesolution,q115_00b_35_reset_placement_of_street_bodyguards,12,lookAt,6,0
base\quest\testgym\q115_00b_hanako.scenesolution,q115_00b_35_reset_placement_of_street_bodyguards,13,logic,8,0
base\quest\testgym\q115_00b_hanako.scenesolution,q115_00b_35,1,dialog lines,1,0
base\quest\testgym\q115_00b_hanako.scenesolution,q115_00b_35,2,johnny,2,0
base\quest\testgym\q115_00b_hanako.scenesolution,q115_00b_35,3,idle,3,1
base\quest\testgym\q115_00b_hanako.scenesolution,q115_00b_35,4,animation,4,0
base\quest\testgym\q115_00b_hanako.scenesolution,q115_00b_35,5,facial,5,0
base\quest\testgym\q115_00b_hanako.scenesolution,q115_00b_35,6,lookAt,6,0
base\quest\testgym\q115_00b_hanako.scenesolution,q115_00b_35,7,logic,8,0
base\quest\testgym\q115_00b_hanako.scenesolution,q115_00b_johnny_hand_disappear_elevator,1,dialog lines,1,0
base\quest\testgym\q115_00b_hanako.scenesolution,q115_00b_johnny_hand_disappear_elevator,2,q115_johnny_hand,9,0
base\quest\testgym\q115_00b_hanako.scenesolution,q115_00b_johnny_hand_disappear_elevator,3,animation,10,1
base\quest\testgym\q115_00b_hanako.scenesolution,q115_00b_johnny_hand_disappear_elevator,4,placement,11,0
base\quest\testgym\q115_00b_hanako.scenesolution,q115_00b_johnny_hand_disappear_elevator,5,logic,12,0
base\quest\testgym\q115_00b_hanako.scenesolution,q115_00b_johnny_hand_disappear_drink,1,dialog lines,1,0
base\quest\testgym\q115_00b_hanako.scenesolution,q115_00b_johnny_hand_disappear_drink,2,q115_johnny_hand,9,0
base\quest\testgym\q115_00b_hanako.scenesolution,q115_00b_johnny_hand_disappear_drink,3,animation,10,1
base\quest\testgym\q115_00b_hanako.scenesolution,q115_00b_johnny_hand_disappear_drink,4,placement,11,0
base\quest\testgym\q115_00b_hanako.scenesolution,q115_00b_johnny_hand_disappear_drink,5,logic,12,0
base\quest\testgym\q115_00b_hanako.scenesolution,q115_00b_johnny_hand_appear_drink,1,dialog lines,1,0
base\quest\testgym\q115_00b_hanako.scenesolution,q115_00b_johnny_hand_appear_drink,2,q115_johnny_hand,9,0
base\quest\testgym\q115_00b_hanako.scenesolution,q115_00b_johnny_hand_appear_drink,3,animation,10,1
base\quest\testgym\q115_00b_hanako.scenesolution,q115_00b_johnny_hand_appear_drink,4,placement,11,0
base\quest\testgym\q115_00b_hanako.scenesolution,q115_00b_johnny_hand_appear_drink,5,logic,12,0
base\quest\testgym\q115_00b_hanako.scenesolution,q115_00b_36,1,dialog lines,1,0
base\quest\testgym\q115_00b_hanako.scenesolution,q115_00b_36,2,hanako,2,0
base\quest\testgym\q115_00b_hanako.scenesolution,q115_00b_36,3,idle,3,1
base\quest\testgym\q115_00b_hanako.scenesolution,q115_00b_36,4,animation,4,0
base\quest\testgym\q115_00b_hanako.scenesolution,q115_00b_36,5,facial,5,0
base\quest\testgym\q115_00b_hanako.scenesolution,q115_00b_36,6,lookAt,6,0
base\quest\testgym\q115_00b_hanako.scenesolution,q115_00b_36,7,logic,8,0
base\quest\testgym\q115_00b_hanako.scenesolution,q115_00b_37,1,dialog lines,1,0
base\quest\testgym\q115_00b_hanako.scenesolution,q115_00b_37,2,hanako,2,0
base\quest\testgym\q115_00b_hanako.scenesolution,q115_00b_37,3,idle,3,1
base\quest\testgym\q115_00b_hanako.scenesolution,q115_00b_37,4,animation,4,0
base\quest\testgym\q115_00b_hanako.scenesolution,q115_00b_37,5,facial,5,0
base\quest\testgym\q115_00b_hanako.scenesolution,q115_00b_37,6,lookAt,6,0
base\quest\testgym\q115_00b_hanako.scenesolution,q115_00b_37,7,logic,8,0
base\quest\testgym\q115_00b_hanako.scenesolution,q115_00b_38,1,dialog lines,1,0
base\quest\testgym\q115_00b_hanako.scenesolution,q115_00b_38,2,hanako,2,0
base\quest\testgym\q115_00b_hanako.scenesolution,q115_00b_38,3,idle,3,1
base\quest\testgym\q115_00b_hanako.scenesolution,q115_00b_38,4,animation,4,0
base\quest\testgym\q115_00b_hanako.scenesolution,q115_00b_38,5,facial,5,0
base\quest\testgym\q115_00b_hanako.scenesolution,q115_00b_38,6,lookAt,6,0
base\quest\testgym\q115_00b_hanako.scenesolution,q115_00b_38,7,logic,8,0
base\quest\testgym\q115_00b_hanako.scenesolution,q115_00b_39,1,dialog lines,1,0
base\quest\testgym\q115_00b_hanako.scenesolution,q115_00b_39,2,hanako,2,0
base\quest\testgym\q115_00b_hanako.scenesolution,q115_00b_39,3,idle,3,0
base\quest\testgym\q115_00b_hanako.scenesolution,q115_00b_39,4,animation,4,1
base\quest\testgym\q115_00b_hanako.scenesolution,q115_00b_39,5,facial,5,0
base\quest\testgym\q115_00b_hanako.scenesolution,q115_00b_39,6,lookAt,6,0
base\quest\testgym\q115_00b_hanako.scenesolution,q115_00b_39,7,logic,8,0
base\quest\testgym\q115_00b_hanako.scenesolution,q115_00b_40,1,dialog lines,1,0
base\quest\testgym\q115_00b_hanako.scenesolution,q115_00b_40,2,guard_01,2,0
base\quest\testgym\q115_00b_hanako.scenesolution,q115_00b_40,3,idle,3,1
base\quest\testgym\q115_00b_hanako.scenesolution,q115_00b_40,4,animation,4,0
base\quest\testgym\q115_00b_hanako.scenesolution,q115_00b_40,5,facial,5,0
base\quest\testgym\q115_00b_hanako.scenesolution,q115_00b_40,6,lookAt,6,0
base\quest\testgym\q115_00b_hanako.scenesolution,q115_00b_40,7,logic,8,0
base\quest\testgym\q115_00b_hanako.scenesolution,q115_00b_41,1,dialog lines,1,0
base\quest\testgym\q115_00b_hanako.scenesolution,q115_00b_41,2,guard_02,2,0
base\quest\testgym\q115_00b_hanako.scenesolution,q115_00b_41,3,idle,3,1
base\quest\testgym\q115_00b_hanako.scenesolution,q115_00b_41,4,animation,4,0
base\quest\testgym\q115_00b_hanako.scenesolution,q115_00b_41,5,facial,5,0
base\quest\testgym\q115_00b_hanako.scenesolution,q115_00b_41,6,lookAt,6,0
base\quest\testgym\q115_00b_hanako.scenesolution,q115_00b_41,7,logic,8,0
